Rk,Player,Age,Team,Pos,G,GS,MP,PER,TS%,3PAr,FTr,ORB%,DRB%,TRB%,AST%,STL%,BLK%,TOV%,USG%,OWS,DWS,WS,WS/48,OBPM,DBPM,BPM,VORP,Awards
1.0,Mikal Bridges,28.0,NYK,SF,63.0,63.0,2386.0,13.3,0.573,0.419,0.079,2.8,6.7,4.8,12.6,1.2,1.4,9.0,18.9,2.5,1.3,3.8,0.077,0.1,-1.1,-1.0,0.6,
2.0,Anthony Edwards,23.0,MIN,SG,63.0,63.0,2296.0,19.6,0.59,0.494,0.303,2.4,15.6,9.1,21.4,1.5,1.5,12.5,31.3,3.2,2.9,6.1,0.127,4.2,-0.2,4.0,3.5,
3.0,Josh Hart,29.0,NYK,SG,60.0,60.0,2276.0,17.1,0.63,0.316,0.285,6.6,22.6,14.7,19.6,1.9,0.9,15.3,15.4,4.8,2.7,7.5,0.159,1.5,1.4,2.9,2.8,
4.0,Jayson Tatum,26.0,BOS,PF,60.0,60.0,2192.0,22.1,0.588,0.502,0.31,2.0,24.4,13.2,26.2,1.5,1.3,11.2,31.1,4.6,3.5,8.1,0.178,4.7,0.9,5.5,4.2,
5.0,Trae Young,26.0,ATL,PG,60.0,60.0,2172.0,17.4,0.557,0.474,0.401,1.3,8.2,4.6,46.5,1.5,0.5,18.3,29.5,2.6,1.0,3.6,0.08,2.5,-2.9,-0.3,0.9,
6.0,Devin Booker,28.0,PHO,SG,58.0,58.0,2170.0,19.9,0.595,0.41,0.363,3.0,8.6,5.9,29.5,1.4,0.6,11.4,29.1,5.1,0.5,5.6,0.124,2.9,-2.2,0.7,1.5,
7.0,De'Aaron Fox,27.0,2TM,PG,60.0,60.0,2166.0,18.3,0.56,0.329,0.276,2.7,11.8,7.2,26.6,2.0,1.1,11.8,28.2,2.6,1.9,4.5,0.099,1.4,-0.9,0.5,1.3,
7.0,De'Aaron Fox,27.0,SAC,PG,45.0,45.0,1663.0,19.0,0.567,0.324,0.279,3.0,12.0,7.5,25.7,1.9,1.2,11.8,28.9,2.3,1.5,3.8,0.108,2.0,-0.8,1.2,1.3,
7.0,De'Aaron Fox,27.0,SAS,PG,15.0,15.0,503.0,16.2,0.535,0.347,0.264,1.5,11.1,6.3,29.6,2.3,0.9,11.5,25.8,0.4,0.4,0.7,0.07,-0.7,-1.2,-2.0,0.0,
8.0,Jalen Brunson,28.0,NYK,PG,61.0,61.0,2162.0,22.1,0.606,0.321,0.373,1.3,8.1,4.8,32.5,1.3,0.3,10.4,29.6,6.9,1.2,8.1,0.179,4.8,-1.5,3.3,2.8,
9.0,Jaden McDaniels,24.0,MIN,PF,66.0,66.0,2149.0,13.6,0.567,0.379,0.158,5.6,14.3,10.0,9.3,2.2,2.4,9.3,16.3,2.2,3.1,5.4,0.12,-1.1,1.4,0.2,1.2,
10.0,Tyler Herro,25.0,MIA,SG,60.0,60.0,2140.0,19.1,0.595,0.529,0.234,1.1,15.3,8.3,27.7,1.1,0.6,11.4,28.1,3.3,2.0,5.3,0.12,3.7,-0.8,2.8,2.6,
11.0,James Harden,35.0,LAC,PG,61.0,61.0,2131.0,18.8,0.566,0.527,0.439,2.1,16.4,9.3,37.3,2.1,1.8,18.7,30.0,1.9,3.2,5.0,0.113,2.7,0.5,3.2,2.8,
12.0,Jalen Green,22.0,HOU,SG,64.0,64.0,2123.0,14.7,0.547,0.466,0.223,1.7,12.6,7.0,14.9,1.2,0.8,11.7,27.0,1.4,2.4,3.8,0.087,1.0,-0.8,0.2,1.2,
13.0,Shai Gilgeous-Alexander,26.0,OKC,PG,62.0,62.0,2122.0,31.1,0.643,0.267,0.414,2.9,12.9,8.0,30.6,2.5,3.1,9.0,34.8,9.9,4.1,14.1,0.318,8.9,2.7,11.6,7.3,
14.0,Cade Cunningham,23.0,DET,PG,60.0,60.0,2118.0,20.1,0.563,0.302,0.25,2.5,16.4,9.5,42.8,1.4,2.0,16.7,32.6,2.5,2.5,5.0,0.112,3.5,-0.1,3.4,2.9,
15.0,Nikola Jokić,29.0,DEN,C,58.0,58.0,2108.0,32.2,0.66,0.237,0.311,9.3,28.8,19.5,45.1,2.3,1.6,13.2,29.2,10.6,3.2,13.8,0.313,10.0,3.5,13.6,8.3,
16.0,Christian Braun,23.0,DEN,SG,63.0,61.0,2105.0,16.0,0.658,0.268,0.268,4.3,12.1,8.4,9.1,1.6,1.4,7.6,16.0,4.8,1.6,6.4,0.146,0.7,-0.4,0.3,1.2,
17.0,Bam Adebayo,27.0,MIA,C,61.0,61.0,2102.0,18.6,0.558,0.19,0.303,8.0,23.5,15.8,20.2,1.8,1.9,11.9,23.3,2.5,3.1,5.6,0.129,0.6,0.9,1.5,1.9,
18.0,DeMar DeRozan,35.0,SAC,SF,58.0,58.0,2092.0,18.0,0.579,0.185,0.334,1.9,10.6,6.3,16.9,1.3,1.1,6.7,24.5,4.4,1.4,5.8,0.134,1.1,-0.9,0.2,1.1,
19.0,OG Anunoby,27.0,NYK,PF,57.0,57.0,2086.0,13.9,0.581,0.464,0.19,4.4,10.3,7.4,7.6,1.8,2.2,8.8,18.3,2.3,1.8,4.2,0.096,0.0,-0.3,-0.4,0.9,
20.0,Keegan Murray,24.0,SAC,PF,60.0,60.0,2081.0,11.8,0.552,0.53,0.101,6.5,15.4,10.9,5.5,1.1,2.4,7.0,14.9,1.9,1.8,3.7,0.086,-1.0,-0.9,-1.9,0.1,
21.0,Jamal Murray,27.0,DEN,PG,57.0,57.0,2069.0,17.6,0.584,0.354,0.218,1.9,9.0,5.6,22.9,1.9,1.3,10.5,23.7,3.8,1.5,5.3,0.123,1.6,-0.9,0.7,1.4,
22.0,Toumani Camara,24.0,POR,PF,63.0,63.0,2057.0,11.9,0.564,0.478,0.194,7.6,12.5,10.0,9.1,2.2,1.8,13.6,14.0,1.7,1.9,3.6,0.084,-1.4,0.6,-0.8,0.6,
23.0,Derrick White,30.0,BOS,SG,61.0,61.0,2055.0,16.6,0.612,0.71,0.168,2.8,11.0,6.9,18.4,1.4,2.7,10.4,19.6,4.2,2.5,6.8,0.158,2.7,0.6,3.3,2.8,
24.0,Kelly Oubre Jr.,29.0,PHI,SF,59.0,56.0,2053.0,13.6,0.553,0.329,0.246,5.1,15.7,10.1,8.1,2.1,1.4,9.0,19.0,1.4,1.6,2.9,0.068,-1.6,-0.6,-2.3,-0.1,
25.0,Michael Porter Jr.,26.0,DEN,SF,61.0,61.0,2049.0,16.6,0.618,0.459,0.18,6.3,15.8,11.3,8.6,0.9,1.2,8.1,20.5,3.9,1.4,5.2,0.122,1.9,-1.8,0.0,1.1,
26.0,Pascal Siakam,30.0,IND,PF,62.0,62.0,2043.0,19.9,0.608,0.281,0.275,6.0,18.5,12.3,15.1,1.3,1.3,7.2,24.2,4.7,1.8,6.5,0.152,2.6,-0.7,1.9,2.0,
27.0,LeBron James,40.0,LAL,SF,58.0,58.0,2023.0,23.4,0.608,0.321,0.252,3.4,22.5,13.2,42.4,1.3,1.6,15.9,30.8,4.3,2.5,6.8,0.16,5.3,0.9,6.2,4.2,
28.0,Ivica Zubac,27.0,LAC,C,62.0,62.0,2017.0,21.4,0.627,0.0,0.247,12.7,30.5,21.6,12.3,1.2,3.5,11.2,19.1,4.6,3.6,8.2,0.196,1.6,0.7,2.3,2.2,
29.0,Tyrese Haliburton,24.0,IND,PG,59.0,59.0,2007.0,21.0,0.612,0.565,0.212,1.9,9.5,5.7,36.9,2.1,1.7,10.3,21.5,6.2,1.6,7.8,0.187,5.2,-0.2,5.0,3.6,
30.0,Dyson Daniels,21.0,ATL,SG,59.0,59.0,2006.0,15.0,0.536,0.259,0.156,4.9,13.2,8.9,16.8,4.1,2.0,12.4,17.9,0.8,2.8,3.6,0.087,-1.6,2.6,1.0,1.5,
31.0,Anfernee Simons,25.0,POR,SG,61.0,61.0,1998.0,15.2,0.561,0.521,0.175,1.1,8.2,4.6,23.8,1.3,0.2,10.8,24.7,2.6,0.9,3.5,0.084,1.7,-1.7,0.0,1.0,
32.0,Jalen Williams,23.0,OKC,SG,60.0,60.0,1974.0,20.1,0.568,0.298,0.247,2.8,14.8,8.9,23.7,2.5,2.2,10.5,27.2,3.1,3.8,7.0,0.169,2.5,1.5,4.0,3.0,
33.0,Domantas Sabonis,28.0,SAC,C,56.0,56.0,1974.0,23.0,0.662,0.183,0.328,12.4,32.0,22.2,25.9,0.8,1.1,16.8,21.5,6.2,2.3,8.5,0.207,4.2,1.0,5.2,3.6,
34.0,Karl-Anthony Towns,29.0,NYK,C,56.0,56.0,1970.0,23.7,0.631,0.291,0.338,10.0,33.0,21.6,13.5,1.4,1.9,11.7,26.8,5.3,2.9,8.2,0.199,3.7,-0.1,3.6,2.8,
35.0,Brook Lopez,36.0,MIL,C,62.0,62.0,1961.0,14.0,0.6,0.515,0.171,4.7,11.9,8.5,7.5,1.0,5.7,8.7,15.5,2.3,2.4,4.8,0.117,0.0,0.6,0.5,1.3,
36.0,Tobias Harris,32.0,DET,PF,61.0,61.0,1960.0,13.8,0.568,0.327,0.206,3.3,17.5,10.5,9.8,1.3,2.4,8.3,17.6,2.1,2.4,4.5,0.11,-0.6,0.4,-0.2,0.9,
37.0,Tyrese Maxey,24.0,PHI,PG,52.0,52.0,1960.0,19.7,0.562,0.438,0.265,0.8,9.7,5.1,28.3,2.3,1.1,9.2,30.0,3.1,1.2,4.2,0.103,3.2,-1.2,2.1,2.0,
38.0,Amen Thompson,22.0,HOU,SF,60.0,33.0,1952.0,18.1,0.601,0.13,0.381,8.8,18.6,13.6,15.9,2.0,3.4,15.3,17.4,3.3,3.4,6.7,0.164,1.0,2.3,3.3,2.6,
39.0,Zach LaVine,29.0,2TM,SF,56.0,56.0,1948.0,18.3,0.638,0.432,0.244,0.9,13.2,7.1,19.7,1.2,0.5,13.0,26.1,2.9,1.1,4.0,0.1,2.6,-1.4,1.2,1.6,
39.0,Zach LaVine,29.0,CHI,SF,42.0,42.0,1432.0,18.5,0.637,0.43,0.256,0.9,13.8,7.4,20.9,1.3,0.6,13.3,26.6,2.0,0.8,2.8,0.095,2.6,-1.3,1.4,1.2,
39.0,Zach LaVine,29.0,SAC,SG,14.0,14.0,516.0,17.8,0.64,0.439,0.209,0.9,11.6,6.2,16.3,1.1,0.2,12.1,24.6,0.9,0.3,1.2,0.112,2.5,-1.6,0.8,0.4,
40.0,Bilal Coulibaly,20.0,WAS,SF,58.0,58.0,1939.0,10.8,0.514,0.36,0.292,4.9,10.9,7.9,14.9,1.9,1.9,15.0,17.8,-0.5,0.9,0.4,0.011,-3.0,-0.7,-3.7,-0.8,
41.0,Dillon Brooks,29.0,HOU,SF,60.0,60.0,1925.0,10.7,0.548,0.528,0.144,3.8,9.3,6.5,7.1,1.2,0.6,7.4,17.3,2.0,2.0,4.1,0.102,-1.5,-0.1,-1.6,0.2,
42.0,Damian Lillard,34.0,MIL,PG,53.0,53.0,1917.0,21.7,0.625,0.525,0.389,1.6,11.9,7.0,29.9,1.7,0.4,12.5,28.0,5.4,1.9,7.3,0.183,4.7,-0.7,4.0,2.9,
43.0,Austin Reaves,26.0,LAL,SG,55.0,55.0,1889.0,17.0,0.596,0.517,0.361,3.0,10.7,7.0,24.9,1.6,0.7,13.2,23.2,3.5,1.7,5.2,0.131,1.7,-0.5,1.2,1.6,
44.0,Kevin Durant,36.0,PHO,PF,51.0,51.0,1888.0,21.3,0.638,0.329,0.323,1.2,16.6,9.2,19.9,1.1,3.3,12.6,28.7,3.3,1.2,4.5,0.114,3.7,-0.6,3.1,2.4,
45.0,Kentavious Caldwell-Pope,31.0,ORL,SG,62.0,62.0,1881.0,9.1,0.551,0.593,0.18,1.3,7.1,4.0,8.4,2.2,1.5,9.6,12.6,0.7,2.4,3.2,0.081,-3.7,1.4,-2.3,-0.1,
46.0,Alperen Şengün,22.0,HOU,C,60.0,60.0,1880.0,21.8,0.546,0.087,0.367,11.0,24.3,17.5,25.0,1.8,2.3,12.6,26.5,3.3,3.4,6.7,0.17,2.9,1.9,4.8,3.2,
47.0,Donovan Mitchell,28.0,CLE,SG,60.0,60.0,1875.0,21.2,0.585,0.486,0.263,2.6,12.1,7.5,23.0,2.0,0.6,9.1,31.0,4.3,2.4,6.7,0.171,4.1,-0.2,3.9,2.8,
48.0,Coby White,24.0,CHI,SG,57.0,56.0,1874.0,14.2,0.581,0.563,0.233,1.0,9.7,5.4,19.8,1.4,0.6,12.5,23.7,1.5,0.9,2.4,0.062,-0.2,-1.6,-1.9,0.1,
49.0,Jaylen Brown,28.0,BOS,SF,53.0,53.0,1873.0,18.0,0.552,0.316,0.286,4.6,14.1,9.3,21.8,1.7,0.7,11.4,29.3,2.1,2.4,4.4,0.114,0.5,-0.5,0.0,0.9,
50.0,Rudy Gobert,32.0,MIN,C,56.0,56.0,1851.0,17.1,0.68,0.0,0.541,11.8,22.6,17.3,7.9,1.1,4.3,14.3,12.5,4.2,2.9,7.1,0.185,0.1,1.3,1.4,1.6,
51.0,Jarrett Allen,26.0,CLE,C,64.0,64.0,1827.0,22.1,0.726,0.006,0.409,10.5,27.8,19.4,9.3,1.7,2.9,11.3,15.5,6.1,3.4,9.5,0.25,3.1,1.4,4.4,3.0,
52.0,Naz Reid,25.0,MIN,C,65.0,17.0,1822.0,16.5,0.585,0.497,0.161,4.6,19.4,12.1,12.3,1.3,3.2,9.3,21.8,2.4,2.6,5.0,0.132,1.2,0.8,2.0,1.8,
53.0,Bub Carrington,19.0,WAS,PG,62.0,42.0,1819.0,9.0,0.522,0.561,0.116,1.5,12.8,7.2,19.5,1.2,0.6,15.0,14.7,0.0,0.5,0.5,0.014,-3.4,-1.1,-4.5,-1.2,
54.0,Darius Garland,25.0,CLE,PG,60.0,60.0,1817.0,20.5,0.611,0.453,0.229,2.2,6.9,4.6,32.1,1.8,0.5,12.4,27.4,5.2,1.8,7.0,0.186,4.4,-0.9,3.5,2.5,
55.0,Kyrie Irving,32.0,DAL,SG,50.0,50.0,1804.0,20.0,0.594,0.38,0.226,3.6,10.6,7.2,20.6,1.8,1.1,9.7,27.3,3.7,1.3,5.0,0.132,3.9,-0.5,3.4,2.5,
56.0,Nikola Vučević,34.0,CHI,C,56.0,56.0,1799.0,20.0,0.614,0.312,0.146,7.7,25.6,16.7,16.5,1.3,1.8,9.9,22.5,3.5,1.8,5.3,0.141,2.2,-0.2,1.9,1.8,
57.0,Malik Beasley,28.0,DET,SG,65.0,14.0,1787.0,15.2,0.598,0.719,0.126,2.3,8.7,5.5,9.0,1.7,0.2,7.0,22.8,2.5,1.6,4.1,0.11,2.3,-1.0,1.3,1.5,
58.0,Tyus Jones,28.0,PHO,PG,63.0,56.0,1784.0,13.8,0.576,0.571,0.097,2.0,7.2,4.7,28.4,1.5,0.4,12.9,15.9,2.9,0.3,3.2,0.087,0.8,-1.5,-0.7,0.6,
59.0,Chris Paul,39.0,SAS,PG,62.0,62.0,1776.0,15.3,0.579,0.652,0.183,1.6,12.0,6.8,36.2,2.2,0.6,15.8,13.6,3.7,1.3,5.0,0.136,0.6,0.5,1.1,1.4,
60.0,Payton Pritchard,27.0,BOS,PG,63.0,0.0,1770.0,18.2,0.649,0.744,0.106,5.1,9.5,7.3,18.1,1.5,0.7,7.9,18.5,5.4,1.9,7.2,0.196,3.9,0.2,4.1,2.7,
61.0,Stephen Curry,36.0,GSW,PG,55.0,55.0,1769.0,21.5,0.617,0.623,0.227,1.8,13.2,7.3,32.1,1.6,1.2,12.6,29.6,4.2,1.9,6.1,0.166,6.5,-0.2,6.4,3.8,
62.0,Josh Giddey,22.0,CHI,PG,59.0,59.0,1754.0,16.9,0.562,0.363,0.252,6.2,20.5,13.4,31.6,1.7,1.8,18.6,20.8,2.0,1.7,3.7,0.1,1.3,0.6,1.9,1.7,
63.0,Trey Murphy III,24.0,NOP,SF,49.0,47.0,1746.0,17.8,0.6,0.525,0.278,2.7,13.3,7.8,16.1,1.5,2.1,9.7,23.7,3.1,0.5,3.6,0.1,2.5,-1.3,1.1,1.4,
64.0,Bennedict Mathurin,22.0,IND,SF,56.0,44.0,1735.0,13.7,0.587,0.337,0.346,4.6,15.3,10.0,8.7,0.9,1.1,11.9,22.2,1.3,1.2,2.4,0.067,-1.0,-1.7,-2.7,-0.3,
65.0,Jaren Jackson Jr.,25.0,MEM,C,59.0,59.0,1732.0,20.9,0.598,0.313,0.352,4.8,16.0,10.5,11.0,2.0,5.0,10.2,28.7,3.1,2.6,5.8,0.16,2.2,1.0,3.2,2.3,
66.0,Giannis Antetokounmpo,30.0,MIL,PF,51.0,51.0,1730.0,30.2,0.621,0.041,0.507,7.7,29.5,19.0,33.8,1.1,3.3,11.7,36.1,5.2,2.9,8.1,0.224,6.4,2.2,8.6,4.6,
67.0,Shaedon Sharpe,21.0,POR,SG,57.0,37.0,1727.0,14.1,0.552,0.425,0.211,2.8,11.6,7.1,13.5,1.2,0.7,10.6,24.6,1.0,1.0,2.0,0.055,-0.1,-1.5,-1.7,0.1,
68.0,Julius Randle,30.0,MIN,PF,53.0,53.0,1726.0,17.3,0.579,0.33,0.37,7.6,16.9,12.3,22.8,1.0,0.6,14.9,25.3,2.6,1.9,4.6,0.127,1.3,-0.4,0.9,1.3,
69.0,Tim Hardaway Jr.,32.0,DET,SG,61.0,61.0,1724.0,9.3,0.561,0.677,0.21,1.0,8.4,4.8,7.8,0.9,0.3,7.0,14.9,1.4,1.2,2.6,0.072,-1.6,-0.9,-2.5,-0.2,
70.0,Evan Mobley,23.0,CLE,PF,57.0,57.0,1719.0,22.7,0.639,0.233,0.346,8.6,24.4,16.8,14.6,1.4,4.6,12.1,23.2,4.5,3.1,7.6,0.212,3.2,1.6,4.7,2.9,
71.0,Scottie Barnes,23.0,TOR,PF,50.0,50.0,1714.0,18.0,0.528,0.281,0.282,5.2,19.8,12.4,27.7,2.1,3.1,13.4,26.6,0.8,2.0,2.8,0.078,1.7,0.9,2.5,2.0,
72.0,Luguentz Dort,25.0,OKC,SF,59.0,59.0,1707.0,10.9,0.565,0.685,0.087,5.0,10.0,7.5,7.2,1.8,2.0,7.4,13.4,1.8,2.7,4.5,0.127,-1.1,0.7,-0.3,0.7,
73.0,Myles Turner,28.0,IND,C,55.0,55.0,1699.0,15.5,0.606,0.472,0.275,4.4,19.1,11.9,7.2,1.4,5.5,12.4,20.5,1.1,2.0,3.2,0.09,-0.4,0.2,-0.1,0.8,
74.0,Harrison Barnes,32.0,SAS,PF,62.0,62.0,1691.0,13.7,0.634,0.507,0.31,5.1,10.0,7.5,8.8,0.6,0.6,6.0,15.0,3.5,0.4,3.8,0.109,1.1,-1.8,-0.7,0.5,
75.0,Malik Monk,26.0,SAC,SG,52.0,39.0,1688.0,15.5,0.552,0.458,0.185,1.4,11.6,6.5,26.2,1.5,1.9,12.7,24.1,1.6,1.4,3.0,0.085,0.6,-0.7,-0.1,0.8,
76.0,Deni Avdija,24.0,POR,SF,59.0,41.0,1686.0,15.8,0.584,0.401,0.448,4.7,19.9,12.2,18.6,1.6,1.6,16.2,22.1,1.7,1.7,3.4,0.096,0.2,0.3,0.6,1.1,
77.0,Nickeil Alexander-Walker,26.0,MIN,SG,66.0,10.0,1681.0,11.2,0.583,0.608,0.159,2.5,10.6,6.6,14.0,1.3,1.4,13.1,15.8,1.4,1.7,3.1,0.089,-1.0,0.2,-0.8,0.5,
78.0,Yves Missi,20.0,NOP,C,62.0,56.0,1673.0,14.9,0.57,0.002,0.385,13.3,18.7,15.9,6.8,1.0,4.7,13.1,13.8,2.1,0.9,3.0,0.085,-2.0,-1.4,-3.4,-0.6,
79.0,Jaylen Wells,21.0,MEM,SG,64.0,59.0,1672.0,11.1,0.578,0.572,0.194,4.7,8.5,6.6,8.2,1.0,0.4,9.1,16.2,2.1,1.2,3.3,0.093,-0.6,-1.1,-1.7,0.1,
80.0,Keyonte George,21.0,UTA,PG,53.0,32.0,1665.0,13.3,0.539,0.56,0.309,1.4,11.6,6.6,28.3,1.1,0.5,15.2,24.5,1.0,0.2,1.3,0.036,0.2,-2.3,-2.1,0.0,
81.0,RJ Barrett,24.0,TOR,SF,50.0,50.0,1660.0,17.0,0.557,0.308,0.322,3.2,18.4,10.7,27.6,1.2,0.9,13.3,28.6,1.0,1.2,2.2,0.064,1.6,-0.8,0.8,1.2,
82.0,Max Christie,21.0,2TM,SG,61.0,33.0,1649.0,10.9,0.587,0.536,0.258,2.2,10.0,6.2,9.4,1.5,1.5,10.9,14.6,1.4,1.4,2.8,0.081,-1.8,-0.3,-2.0,0.0,
82.0,Max Christie,21.0,LAL,SG,46.0,25.0,1154.0,10.6,0.598,0.566,0.302,2.5,9.3,6.0,7.7,1.5,1.7,10.7,13.9,1.0,1.0,2.1,0.086,-1.8,0.0,-1.9,0.0,
82.0,Max Christie,21.0,DAL,SG,15.0,8.0,495.0,11.6,0.567,0.481,0.175,1.6,11.6,6.7,13.2,1.5,1.0,11.2,16.2,0.4,0.3,0.7,0.068,-1.7,-0.8,-2.5,-0.1,
83.0,Taurean Prince,30.0,MIL,SF,62.0,55.0,1646.0,9.5,0.608,0.662,0.079,2.0,12.6,7.5,10.0,1.5,0.4,13.8,12.4,1.0,1.7,2.7,0.078,-2.0,0.1,-1.9,0.0,
84.0,Dennis Schröder,31.0,3TM,PG,59.0,41.0,1644.0,13.0,0.537,0.461,0.22,1.2,9.5,5.3,29.5,1.7,0.6,14.2,22.4,1.0,1.3,2.4,0.069,-1.3,-1.0,-2.2,-0.1,
84.0,Dennis Schröder,31.0,BRK,PG,23.0,23.0,772.0,16.2,0.588,0.462,0.249,0.6,9.9,5.1,33.5,1.7,0.5,14.1,23.8,1.2,0.5,1.6,0.102,1.1,-1.2,-0.1,0.4,
84.0,Dennis Schröder,31.0,GSW,SG,24.0,18.0,628.0,8.5,0.474,0.458,0.155,1.6,8.0,4.7,23.8,1.9,0.5,15.2,21.1,-0.5,0.6,0.1,0.011,-4.5,-0.7,-5.2,-0.5,
84.0,Dennis Schröder,31.0,DET,PG,12.0,0.0,244.0,14.5,0.526,0.464,0.289,2.3,12.2,7.3,31.8,1.2,1.2,12.1,21.5,0.4,0.2,0.6,0.115,-0.3,-1.0,-1.4,0.0,
85.0,Jalen Wilson,24.0,BRK,PF,62.0,15.0,1642.0,8.9,0.535,0.567,0.267,4.2,10.7,7.3,10.4,1.0,0.2,11.3,16.1,0.6,0.7,1.3,0.039,-3.0,-1.4,-4.4,-1.0,
86.0,Desmond Bane,26.0,MEM,SG,52.0,51.0,1638.0,18.1,0.602,0.406,0.21,3.2,17.4,10.4,24.4,1.8,1.3,14.0,23.1,3.1,2.0,5.1,0.15,2.6,0.8,3.4,2.3,
87.0,Fred VanVleet,30.0,HOU,PG,46.0,46.0,1631.0,13.3,0.517,0.598,0.171,1.9,10.0,5.8,22.3,2.2,1.1,10.0,17.9,1.9,2.2,4.2,0.122,-0.2,1.4,1.2,1.3,
88.0,Josh Green,24.0,CHO,SG,57.0,56.0,1627.0,7.7,0.554,0.59,0.177,3.2,6.9,5.0,7.9,1.9,0.8,12.7,11.2,0.5,1.1,1.6,0.047,-4.5,0.3,-4.2,-0.9,
89.0,Jordan Poole,25.0,WAS,SG,52.0,52.0,1626.0,16.2,0.58,0.574,0.268,1.7,9.2,5.4,25.6,2.2,1.4,15.1,28.9,0.7,0.7,1.4,0.042,1.6,-1.5,0.1,0.9,
90.0,CJ McCollum,33.0,NOP,PG,49.0,49.0,1615.0,16.0,0.556,0.455,0.176,2.3,10.1,6.1,19.4,1.0,1.4,8.6,26.9,1.5,0.1,1.6,0.046,1.5,-2.7,-1.2,0.3,
91.0,Rui Hachimura,26.0,LAL,PF,50.0,50.0,1605.0,13.7,0.612,0.41,0.196,5.3,12.8,9.1,6.7,1.2,1.4,7.5,16.1,2.4,1.4,3.8,0.114,-0.3,-0.6,-0.8,0.5,
92.0,Jalen Duren,21.0,DET,C,62.0,62.0,1604.0,21.1,0.711,0.0,0.432,15.0,29.0,22.1,14.3,1.4,4.3,18.7,15.9,4.4,2.8,7.2,0.215,1.2,1.6,2.9,2.0,
93.0,Spencer Dinwiddie,31.0,DAL,PG,63.0,20.0,1596.0,12.1,0.542,0.498,0.357,0.8,8.9,4.9,19.8,1.6,0.8,11.2,17.5,1.5,1.0,2.5,0.075,-1.5,-0.5,-2.0,0.0,
94.0,Amir Coffey,27.0,LAC,SG,62.0,13.0,1594.0,11.1,0.619,0.487,0.261,2.1,8.2,5.1,6.0,1.0,0.4,7.6,15.0,2.2,1.4,3.6,0.108,-1.7,-0.4,-2.1,0.0,
95.0,Gradey Dick,21.0,TOR,SG,54.0,54.0,1587.0,11.0,0.543,0.504,0.24,3.0,10.4,6.7,9.0,1.5,0.6,10.4,21.2,0.3,0.9,1.2,0.035,-1.8,-1.5,-3.3,-0.5,
96.0,Miles Bridges,26.0,CHO,PF,49.0,49.0,1586.0,18.1,0.545,0.401,0.234,3.8,22.7,12.9,20.7,1.2,2.0,10.0,27.8,1.4,1.7,3.0,0.092,2.5,-0.3,2.2,1.7,
97.0,Russell Westbrook,36.0,DEN,PG,57.0,29.0,1575.0,14.8,0.539,0.346,0.28,6.1,13.5,10.0,28.4,2.4,1.6,20.4,22.8,0.4,1.6,2.0,0.062,-0.4,0.1,-0.3,0.7,
98.0,Klay Thompson,34.0,DAL,SF,57.0,57.0,1566.0,13.3,0.556,0.638,0.077,2.7,11.1,6.9,10.8,1.4,1.5,9.4,22.2,0.6,1.1,1.7,0.052,1.1,-1.3,-0.3,0.7,
99.0,Guerschon Yabusele,29.0,PHI,C,59.0,32.0,1559.0,14.5,0.622,0.496,0.231,7.7,16.3,11.8,11.1,1.5,1.4,12.9,16.1,2.4,0.9,3.4,0.103,0.1,-1.0,-0.9,0.4,
100.0,Stephon Castle,20.0,SAS,PG,61.0,29.0,1551.0,12.9,0.517,0.344,0.315,4.2,8.9,6.6,20.5,1.7,0.8,12.7,25.1,-0.2,0.8,0.6,0.019,-2.0,-1.7,-3.7,-0.7,
101.0,Andrew Wiggins,29.0,2TM,SF,50.0,50.0,1536.0,16.0,0.561,0.421,0.318,5.1,10.9,8.0,12.2,1.5,2.5,8.5,23.7,1.8,1.7,3.4,0.107,1.2,-0.5,0.8,1.1,
101.0,Andrew Wiggins,29.0,GSW,SF,43.0,43.0,1296.0,16.4,0.566,0.422,0.304,5.2,11.1,8.1,12.0,1.5,2.4,7.7,23.3,1.8,1.4,3.2,0.119,1.5,-0.5,1.0,1.0,
101.0,Andrew Wiggins,29.0,MIA,SF,7.0,7.0,240.0,13.9,0.533,0.417,0.398,4.6,9.9,7.3,13.6,1.5,2.8,12.3,25.5,0.0,0.2,0.2,0.044,-0.3,-0.2,-0.5,0.1,
102.0,Victor Wembanyama,21.0,SAS,C,46.0,46.0,1527.0,24.2,0.594,0.47,0.221,5.7,29.2,17.6,18.4,1.6,10.1,13.7,30.4,1.1,2.8,3.9,0.123,3.6,2.8,6.4,3.2,
103.0,Jerami Grant,30.0,POR,PF,47.0,47.0,1524.0,11.0,0.523,0.516,0.289,1.8,9.9,5.8,9.5,1.3,2.8,9.1,19.6,0.5,1.0,1.6,0.049,-1.3,-0.4,-1.7,0.1,
104.0,Norman Powell,31.0,LAC,SG,46.0,46.0,1520.0,19.4,0.631,0.463,0.29,1.3,10.6,5.9,11.2,1.9,0.5,9.7,27.4,2.8,1.8,4.6,0.144,3.0,-0.1,2.9,1.9,
105.0,Scoot Henderson,20.0,POR,PG,57.0,9.0,1515.0,13.4,0.552,0.426,0.315,2.8,9.6,6.2,28.8,2.1,0.8,18.6,22.3,0.7,1.1,1.8,0.058,-0.9,-0.6,-1.5,0.2,
106.0,P.J. Washington,26.0,DAL,PF,47.0,46.0,1515.0,13.7,0.537,0.363,0.275,5.4,21.5,13.5,10.2,1.8,2.8,12.6,19.8,0.2,1.9,2.1,0.068,-1.2,0.5,-0.8,0.5,
107.0,Franz Wagner,23.0,ORL,SF,45.0,45.0,1513.0,21.0,0.563,0.306,0.28,3.2,16.6,9.5,27.2,2.0,1.2,9.3,31.3,2.2,2.2,4.4,0.141,3.3,0.5,3.8,2.2,
108.0,Corey Kispert,25.0,WAS,SF,57.0,0.0,1510.0,11.0,0.585,0.581,0.152,2.4,9.4,5.9,9.5,0.8,0.8,9.8,17.4,1.0,0.1,1.0,0.033,-1.5,-2.3,-3.7,-0.7,
109.0,Kyshawn George,21.0,WAS,SG,56.0,26.0,1510.0,7.8,0.489,0.669,0.167,2.9,13.4,8.1,12.7,1.6,2.5,15.1,15.5,-1.1,0.8,-0.3,-0.009,-4.3,-0.6,-4.9,-1.1,
110.0,Jakob Poeltl,29.0,TOR,C,50.0,49.0,1509.0,19.6,0.63,0.004,0.265,12.0,23.5,17.7,14.6,1.9,3.8,14.2,18.4,2.8,2.0,4.8,0.151,0.6,1.1,1.6,1.4,
111.0,Terry Rozier,30.0,MIA,PG,55.0,23.0,1508.0,11.0,0.512,0.479,0.177,2.8,12.5,7.7,15.0,1.1,0.9,10.4,20.6,-0.2,1.3,1.1,0.034,-2.3,-1.1,-3.4,-0.5,
112.0,Onyeka Okongwu,24.0,ATL,C,57.0,23.0,1506.0,19.5,0.631,0.182,0.329,11.9,23.0,17.3,12.0,1.5,3.3,9.8,17.2,3.7,1.7,5.4,0.171,1.2,0.3,1.5,1.3,
113.0,Cason Wallace,21.0,OKC,SG,55.0,36.0,1499.0,11.5,0.539,0.453,0.068,4.0,9.2,6.7,11.1,3.0,1.9,9.6,12.4,1.2,2.8,4.0,0.128,-2.1,2.5,0.4,0.9,
114.0,Cameron Johnson,28.0,BRK,PF,47.0,47.0,1493.0,18.1,0.637,0.564,0.296,3.0,12.2,7.4,16.1,1.4,1.4,10.0,22.8,3.3,1.0,4.3,0.138,3.6,-0.6,3.0,1.9,
115.0,Buddy Hield,32.0,GSW,SG,64.0,22.0,1490.0,11.7,0.547,0.687,0.078,2.6,12.7,7.5,10.4,1.8,1.3,10.4,20.8,0.1,1.7,1.8,0.058,-1.1,-0.5,-1.6,0.1,
116.0,Quentin Grimes,24.0,2TM,SG,60.0,22.0,1490.0,14.6,0.603,0.532,0.227,3.4,14.7,9.1,14.6,1.6,1.1,12.7,19.4,1.7,1.1,2.8,0.092,0.7,-0.5,0.1,0.8,
116.0,Quentin Grimes,24.0,DAL,SG,47.0,12.0,1070.0,13.4,0.599,0.551,0.222,3.1,14.8,9.0,13.3,1.4,0.8,13.2,18.5,1.0,0.8,1.9,0.084,0.1,-0.4,-0.3,0.5,
116.0,Quentin Grimes,24.0,PHI,SG,13.0,10.0,420.0,17.8,0.612,0.491,0.24,4.2,14.6,9.1,18.1,1.9,1.7,11.5,21.8,0.7,0.3,1.0,0.112,2.1,-0.9,1.2,0.3,
117.0,Nic Claxton,25.0,BRK,C,55.0,47.0,1483.0,16.2,0.551,0.034,0.282,9.1,23.1,15.8,13.4,1.8,5.6,11.9,16.8,1.2,2.0,3.2,0.105,-1.3,1.5,0.3,0.8,
118.0,Duncan Robinson,30.0,MIA,SF,60.0,30.0,1474.0,11.8,0.585,0.719,0.08,1.1,9.6,5.4,16.5,1.1,0.3,11.2,19.4,0.9,1.1,2.0,0.067,-0.9,-1.0,-2.0,0.0,
119.0,Davion Mitchell,26.0,2TM,PG,56.0,34.0,1472.0,8.9,0.557,0.47,0.152,1.7,6.6,4.1,24.3,1.5,0.7,21.5,12.9,0.6,0.8,1.3,0.044,-3.3,-0.3,-3.6,-0.6,
119.0,Davion Mitchell,26.0,TOR,PG,44.0,22.0,1080.0,8.0,0.536,0.48,0.152,1.6,7.1,4.3,24.8,1.4,0.7,23.1,13.2,0.1,0.5,0.5,0.023,-3.8,-0.5,-4.3,-0.6,
119.0,Davion Mitchell,26.0,MIA,PG,12.0,12.0,392.0,11.3,0.619,0.44,0.155,2.0,5.2,3.6,22.8,1.7,0.7,16.7,12.2,0.5,0.3,0.8,0.101,-1.8,0.3,-1.5,0.0,
120.0,Anthony Davis,31.0,2TM,PF,43.0,43.0,1471.0,27.4,0.602,0.124,0.421,9.7,29.0,19.7,17.6,1.8,5.9,9.3,30.3,3.9,2.8,6.7,0.218,4.7,1.5,6.3,3.1,
120.0,Anthony Davis,31.0,LAL,C,42.0,42.0,1440.0,27.2,0.601,0.124,0.423,9.6,28.7,19.5,17.1,1.8,5.9,9.4,30.3,3.7,2.7,6.4,0.214,4.5,1.5,6.0,2.9,
120.0,Anthony Davis,31.0,DAL,PF,1.0,1.0,31.0,38.6,0.63,0.111,0.333,14.2,41.1,27.9,41.3,0.0,8.3,4.6,29.9,0.2,0.1,0.2,0.38,15.1,4.4,19.5,0.2,
121.0,Royce O'Neale,31.0,PHO,SF,58.0,18.0,1470.0,13.1,0.597,0.751,0.058,3.6,17.0,10.6,11.7,1.9,1.7,9.8,15.4,1.5,1.1,2.5,0.083,0.5,-0.1,0.4,0.9,
122.0,Bradley Beal,31.0,PHO,SG,45.0,30.0,1470.0,15.5,0.603,0.366,0.196,2.6,9.1,6.0,17.8,1.6,1.6,11.9,22.3,1.7,0.5,2.2,0.073,0.2,-1.2,-1.0,0.3,
123.0,Derrick Jones Jr.,27.0,LAC,SF,59.0,51.0,1465.0,13.6,0.604,0.351,0.178,5.8,10.0,7.9,4.9,2.2,1.4,9.4,16.7,1.6,1.9,3.5,0.115,-1.2,0.7,-0.5,0.6,
124.0,Anthony Black,21.0,ORL,PG,61.0,9.0,1462.0,10.9,0.514,0.308,0.356,2.8,10.8,6.5,19.9,2.2,2.2,16.9,19.2,-0.6,2.1,1.5,0.05,-3.6,0.9,-2.7,-0.3,
125.0,Walker Kessler,23.0,UTA,C,48.0,48.0,1461.0,21.1,0.711,0.018,0.399,16.9,27.0,22.0,7.8,1.0,7.5,15.7,13.3,3.6,1.6,5.2,0.172,1.8,0.7,2.5,1.6,
126.0,Ochai Agbaji,24.0,TOR,SG,54.0,38.0,1457.0,11.9,0.606,0.477,0.099,3.5,11.5,7.4,7.8,1.5,1.8,8.6,14.1,1.5,1.0,2.4,0.08,-0.7,0.1,-0.6,0.5,
127.0,Julian Champagnie,23.0,SAS,SF,62.0,26.0,1450.0,12.2,0.576,0.73,0.128,3.8,13.5,8.7,7.6,1.6,1.6,9.6,16.9,0.9,1.0,1.9,0.063,-0.4,-0.7,-1.2,0.3,
128.0,Keon Johnson,22.0,BRK,SG,61.0,39.0,1450.0,9.9,0.479,0.512,0.166,4.0,14.1,8.8,13.2,2.2,1.6,11.0,21.5,-1.2,1.4,0.2,0.008,-3.6,-0.2,-3.8,-0.7,
129.0,Jrue Holiday,34.0,BOS,PG,48.0,48.0,1448.0,12.6,0.562,0.554,0.139,4.0,11.3,7.7,16.4,1.6,1.3,12.6,15.8,1.7,1.7,3.4,0.112,-0.8,0.7,-0.1,0.7,
130.0,Aaron Wiggins,26.0,OKC,SG,64.0,20.0,1444.0,16.4,0.608,0.465,0.109,5.3,12.5,9.0,10.2,1.7,1.2,8.5,19.7,2.5,2.3,4.8,0.158,1.7,-0.1,1.6,1.3,
131.0,Draymond Green,34.0,GSW,PF,50.0,48.0,1442.0,12.9,0.537,0.455,0.324,4.1,19.2,11.4,27.4,2.2,3.3,22.4,15.7,0.6,2.3,2.9,0.097,-1.8,2.6,0.9,1.0,
132.0,Devin Vassell,24.0,SAS,SG,47.0,36.0,1433.0,13.5,0.537,0.464,0.139,1.9,10.7,6.4,14.0,2.0,1.5,8.9,22.4,0.2,1.0,1.2,0.04,-0.9,-0.9,-1.8,0.1,
133.0,Tristan Da Silva,23.0,ORL,SF,61.0,35.0,1424.0,10.3,0.536,0.506,0.143,5.0,12.8,8.7,10.4,1.0,1.0,10.2,15.0,0.7,1.6,2.3,0.076,-2.0,-0.4,-2.4,-0.2,
134.0,Keon Ellis,25.0,SAC,SG,61.0,14.0,1411.0,13.7,0.65,0.687,0.182,3.7,8.6,6.2,7.3,3.1,3.4,11.4,13.0,2.0,1.8,3.7,0.127,0.1,2.0,2.1,1.4,
135.0,Gary Trent Jr.,26.0,MIL,SG,56.0,7.0,1398.0,11.3,0.589,0.639,0.12,1.3,8.6,5.1,6.3,1.9,0.2,6.7,16.6,1.1,1.3,2.4,0.082,-1.7,-0.2,-1.9,0.0,
136.0,Ayo Dosunmu,25.0,CHI,SG,46.0,26.0,1394.0,12.8,0.585,0.421,0.176,2.0,10.0,6.0,20.6,1.4,1.1,12.5,16.6,1.6,0.7,2.3,0.081,-1.5,-0.5,-2.0,0.0,
137.0,Keldon Johnson,25.0,SAS,SF,59.0,0.0,1393.0,14.6,0.57,0.371,0.258,6.0,14.3,10.2,9.5,1.1,0.8,8.2,21.0,1.5,0.7,2.2,0.077,-0.4,-1.7,-2.0,0.0,
138.0,Mike Conley,37.0,MIN,PG,56.0,50.0,1390.0,13.4,0.566,0.675,0.196,2.2,9.4,5.8,24.7,2.3,0.7,12.6,14.6,2.3,1.7,4.0,0.139,-0.1,1.3,1.2,1.1,
139.0,Zaccharie Risacher,19.0,ATL,SF,57.0,55.0,1385.0,11.3,0.532,0.427,0.206,5.4,10.6,7.9,7.2,1.5,1.9,10.0,20.2,0.1,0.9,0.9,0.033,-2.3,-1.6,-3.9,-0.7,
140.0,Isaiah Collier,20.0,UTA,PG,56.0,31.0,1382.0,8.5,0.471,0.314,0.245,1.8,12.0,6.9,35.0,1.7,0.8,27.1,18.5,-1.4,0.5,-1.0,-0.034,-4.4,-1.6,-6.0,-1.4,
141.0,Lauri Markkanen,27.0,UTA,PF,43.0,43.0,1379.0,16.1,0.574,0.564,0.278,5.7,15.0,10.4,7.6,1.2,1.1,7.5,23.7,2.1,0.4,2.5,0.088,2.1,-2.0,0.1,0.7,
142.0,Collin Sexton,26.0,UTA,SG,49.0,47.0,1374.0,16.5,0.595,0.334,0.295,4.0,6.8,5.4,23.7,1.2,0.3,14.2,26.5,2.1,0.0,2.1,0.075,1.8,-2.4,-0.6,0.5,
143.0,Kris Dunn,30.0,LAC,PG,57.0,41.0,1365.0,11.4,0.51,0.51,0.048,3.9,12.7,8.3,17.3,3.7,1.6,14.9,12.8,0.4,2.5,2.9,0.101,-3.0,3.5,0.5,0.9,
144.0,De'Andre Hunter,27.0,2TM,SF,49.0,7.0,1363.0,16.1,0.628,0.507,0.368,2.7,13.1,7.8,7.7,1.2,0.6,8.9,23.0,2.5,0.9,3.4,0.12,1.4,-1.1,0.3,0.8,
144.0,De'Andre Hunter,27.0,ATL,SF,37.0,4.0,1064.0,15.8,0.616,0.502,0.358,2.7,12.4,7.4,7.9,1.4,0.4,9.4,24.1,1.6,0.6,2.2,0.1,0.9,-1.4,-0.6,0.4,
144.0,De'Andre Hunter,27.0,CLE,SF,12.0,3.0,299.0,17.0,0.682,0.528,0.415,3.0,15.5,9.4,6.7,0.5,1.2,6.7,19.1,0.9,0.3,1.2,0.19,3.2,0.0,3.2,0.4,
145.0,Haywood Highsmith,28.0,MIA,SF,56.0,39.0,1362.0,10.3,0.605,0.588,0.124,3.9,10.3,7.1,8.0,1.9,2.3,11.3,11.3,1.1,1.5,2.6,0.093,-2.5,0.9,-1.6,0.1,
146.0,Al Horford,38.0,BOS,C,50.0,34.0,1362.0,12.0,0.556,0.681,0.078,4.6,18.4,11.5,9.3,1.2,2.9,8.8,13.1,1.4,1.9,3.3,0.116,-0.4,1.1,0.7,0.9,
147.0,Kyle Kuzma,29.0,2TM,PF,46.0,43.0,1361.0,10.4,0.5,0.35,0.246,2.8,19.4,11.2,12.7,0.9,0.7,13.3,24.8,-2.0,0.9,-1.1,-0.039,-3.1,-1.9,-5.0,-1.0,
147.0,Kyle Kuzma,29.0,WAS,PF,32.0,30.0,887.0,10.6,0.488,0.352,0.215,3.2,18.8,10.9,14.7,1.1,0.7,12.8,26.9,-1.6,0.4,-1.2,-0.064,-3.0,-2.3,-5.3,-0.7,
147.0,Kyle Kuzma,29.0,MIL,PF,14.0,13.0,474.0,9.9,0.532,0.347,0.329,2.1,20.4,11.6,8.9,0.6,0.6,14.5,20.9,-0.4,0.5,0.1,0.01,-3.4,-1.2,-4.5,-0.3,
148.0,Julian Strawther,22.0,DEN,SG,61.0,4.0,1351.0,9.5,0.563,0.557,0.174,1.4,9.0,5.4,7.6,1.3,1.0,10.1,17.7,0.5,0.8,1.3,0.045,-3.1,-1.5,-4.6,-0.9,
149.0,Georges Niang,31.0,2TM,PF,62.0,2.0,1348.0,11.6,0.61,0.647,0.087,3.4,15.7,9.7,8.6,0.8,0.8,10.1,17.0,1.5,1.3,2.8,0.1,-0.9,-0.7,-1.6,0.1,
149.0,Georges Niang,31.0,CLE,PF,51.0,1.0,1053.0,11.1,0.617,0.647,0.083,3.6,15.5,9.7,8.2,0.8,0.6,11.7,16.5,1.1,1.1,2.2,0.102,-1.2,-0.5,-1.7,0.1,
149.0,Georges Niang,31.0,ATL,PF,11.0,1.0,295.0,13.4,0.589,0.648,0.098,2.5,16.6,9.4,10.1,0.8,1.6,5.2,18.6,0.4,0.2,0.6,0.095,0.2,-1.4,-1.1,0.1,
150.0,Naji Marshall,27.0,DAL,SF,52.0,18.0,1343.0,15.3,0.582,0.34,0.213,4.7,14.5,9.6,15.8,2.0,0.4,12.5,19.7,1.5,1.2,2.7,0.097,-0.2,0.0,-0.2,0.6,
151.0,Andrew Nembhard,25.0,IND,SG,46.0,46.0,1334.0,12.2,0.556,0.304,0.267,2.1,10.3,6.2,23.3,2.2,0.5,16.9,16.7,0.9,1.1,2.0,0.071,-2.4,0.3,-2.1,0.0,
152.0,Paul George,34.0,PHI,PF,41.0,41.0,1334.0,14.6,0.543,0.47,0.17,2.0,17.6,9.4,21.1,2.8,1.5,14.7,23.6,-0.1,1.3,1.2,0.042,-0.5,0.1,-0.3,0.6,
153.0,Wendell Carter Jr.,25.0,ORL,C,52.0,35.0,1329.0,13.8,0.543,0.31,0.395,8.8,25.5,16.6,13.0,1.5,1.8,12.3,16.0,1.2,2.2,3.4,0.122,-2.2,0.9,-1.3,0.2,
154.0,Dorian Finney-Smith,31.0,2TM,PF,47.0,31.0,1328.0,9.8,0.587,0.693,0.104,5.6,10.6,8.1,6.6,1.6,1.1,11.5,12.3,0.9,1.1,2.0,0.073,-1.7,0.1,-1.6,0.1,
154.0,Dorian Finney-Smith,31.0,BRK,PF,20.0,20.0,579.0,12.3,0.613,0.679,0.151,5.9,12.4,9.0,8.2,1.6,2.1,9.6,14.2,0.7,0.4,1.2,0.096,-0.1,0.0,-0.1,0.3,
154.0,Dorian Finney-Smith,31.0,LAL,PF,27.0,11.0,749.0,7.9,0.559,0.707,0.057,5.4,9.2,7.4,5.4,1.7,0.4,13.4,10.9,0.2,0.6,0.9,0.055,-2.9,0.1,-2.8,-0.1,
155.0,Santi Aldama,24.0,MEM,PF,53.0,13.0,1325.0,17.8,0.588,0.474,0.13,6.8,21.2,14.1,15.3,1.5,2.0,8.5,18.8,2.7,1.8,4.4,0.161,3.0,0.7,3.8,1.9,
156.0,Grayson Allen,29.0,PHO,SG,52.0,3.0,1291.0,14.0,0.64,0.738,0.229,2.5,11.2,7.0,12.3,1.8,1.4,11.4,16.9,1.9,0.6,2.5,0.091,1.0,-0.9,0.2,0.7,
157.0,Jabari Smith Jr.,21.0,HOU,PF,42.0,37.0,1291.0,11.6,0.548,0.495,0.223,6.3,16.7,11.4,4.2,0.5,2.5,8.4,15.6,1.3,1.6,2.9,0.108,-1.3,0.0,-1.3,0.2,
158.0,LaMelo Ball,23.0,CHO,PG,40.0,40.0,1288.0,19.4,0.536,0.528,0.23,3.1,14.6,8.6,41.9,1.8,0.9,12.8,36.2,0.9,1.2,2.0,0.076,4.2,-0.6,3.6,1.8,
159.0,Jalen Johnson,23.0,ATL,SF,36.0,36.0,1284.0,17.3,0.569,0.26,0.232,5.1,25.8,15.1,20.8,2.0,2.6,15.1,22.4,0.8,1.6,2.4,0.088,0.4,1.3,1.7,1.2,
160.0,A.J. Green,25.0,MIL,SG,56.0,6.0,1279.0,9.3,0.618,0.855,0.062,1.1,9.4,5.4,7.7,1.2,0.4,8.0,12.8,1.2,1.1,2.3,0.086,-1.8,-0.4,-2.2,-0.1,
161.0,Brandin Podziemski,21.0,GSW,SG,50.0,19.0,1270.0,13.5,0.528,0.477,0.166,4.2,16.5,10.2,19.2,2.0,0.9,10.1,17.6,1.1,1.6,2.8,0.105,-1.0,0.9,-0.1,0.6,
162.0,Miles McBride,24.0,NYK,PG,53.0,2.0,1267.0,12.3,0.536,0.581,0.131,3.7,8.1,5.9,14.3,1.9,0.9,7.1,16.3,1.5,0.9,2.4,0.092,-0.4,0.0,-0.3,0.5,
163.0,Alex Sarr,19.0,WAS,C,47.0,47.0,1264.0,12.5,0.478,0.42,0.194,6.9,19.0,12.9,12.9,1.2,5.0,10.1,21.2,-0.8,1.0,0.2,0.007,-2.5,-0.8,-3.3,-0.4,
164.0,Scotty Pippen Jr.,24.0,MEM,PG,63.0,17.0,1262.0,15.1,0.567,0.366,0.279,4.5,12.7,8.7,27.1,2.8,1.5,17.9,19.4,1.5,1.7,3.2,0.123,-0.6,1.6,1.0,1.0,
165.0,Jonas Valančiūnas,32.0,2TM,C,62.0,16.0,1251.0,20.9,0.602,0.06,0.264,13.0,30.3,21.6,18.5,1.3,2.9,15.1,22.9,2.1,1.4,3.5,0.133,1.0,0.0,1.0,0.9,
165.0,Jonas Valančiūnas,32.0,WAS,C,49.0,12.0,983.0,20.6,0.602,0.064,0.251,12.7,30.5,21.6,18.8,1.1,2.6,15.8,23.7,1.4,1.0,2.3,0.113,0.9,-0.5,0.3,0.6,
165.0,Jonas Valančiūnas,32.0,SAC,C,13.0,4.0,268.0,22.3,0.601,0.041,0.32,14.1,29.7,21.9,17.8,2.2,4.0,11.9,20.0,0.7,0.5,1.2,0.207,1.3,2.0,3.2,0.4,
166.0,D'Angelo Russell,28.0,2TM,PG,49.0,27.0,1251.0,14.9,0.539,0.549,0.224,1.4,10.9,6.1,31.2,1.9,1.6,13.5,24.1,0.9,1.2,2.1,0.081,0.6,-0.4,0.2,0.7,
166.0,D'Angelo Russell,28.0,LAL,PG,29.0,10.0,763.0,13.0,0.537,0.54,0.17,1.2,10.3,5.9,26.1,1.5,0.5,13.0,22.1,0.4,0.6,1.1,0.067,-0.7,-1.0,-1.7,0.1,
166.0,D'Angelo Russell,28.0,BRK,PG,20.0,17.0,488.0,17.9,0.542,0.561,0.296,1.6,11.8,6.5,39.2,2.5,3.3,14.2,27.2,0.5,0.5,1.0,0.102,2.7,0.5,3.1,0.6,
167.0,Donte DiVincenzo,28.0,MIN,SG,47.0,9.0,1247.0,13.9,0.58,0.757,0.126,2.2,13.2,7.8,20.2,2.3,0.7,14.1,19.0,1.2,1.7,2.9,0.11,0.6,1.0,1.6,1.2,
168.0,Caris LeVert,30.0,2TM,SG,50.0,3.0,1247.0,15.2,0.589,0.475,0.253,2.7,10.5,6.7,18.2,1.7,1.9,10.9,18.9,2.0,1.3,3.3,0.127,0.9,0.3,1.2,1.0,
168.0,Caris LeVert,30.0,CLE,SF,38.0,3.0,904.0,14.4,0.58,0.497,0.279,2.7,9.9,6.4,19.9,1.8,1.9,13.2,18.1,1.3,1.1,2.4,0.128,0.6,0.7,1.3,0.8,
168.0,Caris LeVert,30.0,ATL,SG,12.0,0.0,343.0,17.1,0.606,0.431,0.203,2.8,12.0,7.3,13.7,1.5,1.9,5.7,21.0,0.6,0.2,0.9,0.123,1.7,-0.7,1.0,0.3,
169.0,Isaiah Hartenstein,26.0,OKC,C,43.0,41.0,1217.0,18.6,0.592,0.039,0.244,11.4,30.8,21.3,18.5,1.3,3.7,15.8,16.3,2.3,2.9,5.2,0.205,0.4,2.5,2.9,1.5,
170.0,Goga Bitadze,25.0,ORL,C,54.0,41.0,1207.0,19.3,0.642,0.076,0.372,12.3,26.4,18.9,14.5,1.6,6.8,15.8,14.4,2.3,2.5,4.8,0.189,-0.2,2.7,2.5,1.4,
171.0,Deandre Ayton,26.0,POR,C,40.0,40.0,1206.0,17.8,0.583,0.068,0.128,11.0,25.9,18.3,8.6,1.2,3.0,12.2,19.6,1.3,1.5,2.7,0.109,-0.3,-0.6,-0.8,0.4,
172.0,Peyton Watson,22.0,DEN,SF,51.0,12.0,1205.0,11.7,0.566,0.327,0.333,3.7,11.4,7.7,7.5,1.6,4.4,10.8,13.9,0.9,1.2,2.0,0.081,-1.8,0.4,-1.5,0.2,
173.0,Jake LaRavia,23.0,2TM,PF,59.0,0.0,1200.0,12.5,0.579,0.405,0.351,7.8,13.7,10.8,15.3,2.1,1.7,19.0,14.2,1.2,1.4,2.6,0.105,-0.7,1.1,0.4,0.7,
173.0,Jake LaRavia,23.0,MEM,PF,47.0,0.0,982.0,13.5,0.605,0.373,0.398,7.3,14.6,11.0,16.6,2.1,1.8,19.6,14.3,1.2,1.3,2.5,0.122,-0.1,1.5,1.3,0.8,
173.0,Jake LaRavia,23.0,SAC,PF,12.0,0.0,218.0,7.9,0.453,0.545,0.145,9.7,9.6,9.7,9.7,2.2,0.9,15.8,13.6,-0.1,0.2,0.1,0.027,-3.4,-0.4,-3.8,-0.1,
174.0,Ja Morant,25.0,MEM,PG,40.0,40.0,1190.0,17.7,0.542,0.31,0.37,2.2,12.1,7.2,35.8,1.9,0.8,16.1,31.6,1.0,1.3,2.3,0.094,1.9,-0.7,1.2,1.0,
175.0,Dalton Knecht,23.0,LAL,SF,59.0,12.0,1181.0,12.7,0.601,0.627,0.156,3.0,13.3,8.3,6.2,0.9,0.4,5.9,17.6,1.5,0.9,2.4,0.096,-0.3,-1.4,-1.7,0.1,
176.0,Ziaire Williams,23.0,BRK,SF,49.0,31.0,1180.0,12.2,0.542,0.549,0.257,5.1,17.8,11.2,9.0,2.0,1.7,10.1,18.4,0.5,1.2,1.7,0.07,-2.2,-0.3,-2.5,-0.1,
177.0,Patrick Williams,23.0,CHI,PF,45.0,35.0,1179.0,8.8,0.494,0.522,0.168,3.0,12.9,8.0,10.3,1.3,2.0,12.6,16.9,-0.7,0.8,0.0,0.001,-3.1,-0.9,-4.0,-0.6,
178.0,Isaiah Joe,25.0,OKC,SG,57.0,12.0,1177.0,13.4,0.596,0.786,0.085,2.7,10.2,6.5,9.2,1.6,0.8,5.2,17.2,1.9,1.7,3.6,0.146,0.9,0.2,1.0,0.9,
179.0,Ty Jerome,27.0,CLE,SG,60.0,2.0,1175.0,20.7,0.636,0.413,0.242,4.2,10.1,7.3,23.6,3.0,0.1,11.8,23.0,3.5,1.7,5.1,0.209,3.0,1.2,4.2,1.8,
180.0,Isaiah Stewart,23.0,DET,C,59.0,3.0,1169.0,14.1,0.595,0.164,0.293,10.7,20.6,15.7,10.9,0.8,6.8,16.5,12.5,1.5,1.8,3.3,0.136,-1.9,1.9,-0.1,0.6,
181.0,Moses Moody,22.0,GSW,SG,56.0,16.0,1168.0,12.5,0.584,0.598,0.241,3.3,9.5,6.3,8.0,1.4,1.8,7.6,17.8,1.3,1.1,2.4,0.101,-0.5,-0.4,-1.0,0.3,
182.0,Bobby Portis,29.0,MIL,PF,46.0,7.0,1160.0,17.5,0.538,0.296,0.12,8.0,26.6,17.7,13.5,1.3,2.0,8.7,24.1,0.8,1.8,2.5,0.105,0.4,-0.5,0.0,0.6,
183.0,Clint Capela,30.0,ATL,C,54.0,41.0,1158.0,17.7,0.566,0.003,0.252,15.5,27.8,21.5,7.5,1.3,4.0,9.9,16.7,1.7,1.4,3.1,0.129,-0.7,-0.5,-1.2,0.2,
184.0,John Collins,27.0,UTA,PF,38.0,29.0,1158.0,19.0,0.635,0.274,0.317,7.8,21.1,14.5,11.0,1.5,3.3,15.2,23.7,1.7,0.9,2.6,0.108,1.4,-0.3,1.1,0.9,
185.0,Nikola Jović,21.0,MIA,PF,46.0,10.0,1156.0,13.8,0.595,0.557,0.231,2.5,14.4,8.5,17.0,1.6,1.1,12.6,18.3,1.2,1.3,2.4,0.101,-0.3,0.5,0.1,0.6,
186.0,Luka Dončić,25.0,2TM,PG,33.0,33.0,1153.0,23.3,0.573,0.471,0.352,2.6,22.8,12.9,36.8,2.7,1.1,13.4,33.6,1.8,1.7,3.5,0.147,4.7,1.6,6.3,2.4,
186.0,Luka Dončić,25.0,DAL,PG,22.0,22.0,785.0,24.4,0.584,0.455,0.313,2.2,22.6,12.6,36.8,2.7,1.0,12.4,33.0,1.6,1.1,2.7,0.164,5.5,1.4,6.9,1.8,
186.0,Luka Dončić,25.0,LAL,PG,11.0,11.0,368.0,21.1,0.551,0.507,0.44,3.5,23.1,13.6,36.8,2.7,1.3,15.4,34.9,0.3,0.6,0.8,0.111,3.1,1.8,4.8,0.6,
187.0,Kevin Huerter,26.0,2TM,SG,53.0,16.0,1152.0,10.4,0.52,0.672,0.1,2.4,11.6,7.0,11.1,2.0,1.4,10.2,17.7,0.0,1.0,1.0,0.041,-2.4,-0.2,-2.6,-0.2,
187.0,Kevin Huerter,26.0,SAC,SG,43.0,15.0,899.0,10.6,0.524,0.661,0.09,2.3,12.4,7.4,11.0,1.9,1.7,10.3,17.1,0.1,0.9,0.9,0.05,-2.3,0.0,-2.3,-0.1,
187.0,Kevin Huerter,26.0,CHI,SG,10.0,1.0,253.0,9.8,0.506,0.706,0.127,2.5,8.6,5.6,11.8,2.4,0.3,10.0,19.8,-0.1,0.2,0.1,0.011,-2.7,-0.8,-3.5,-0.1,
188.0,Jimmy Butler,35.0,2TM,SF,37.0,37.0,1145.0,22.2,0.623,0.152,0.629,7.8,10.6,9.2,24.8,1.8,1.1,8.4,21.3,4.2,1.2,5.4,0.227,3.7,0.4,4.2,1.8,
188.0,Jimmy Butler,35.0,MIA,PF,25.0,25.0,766.0,22.8,0.638,0.137,0.612,8.0,10.7,9.4,24.9,1.8,1.3,8.2,21.1,2.9,0.8,3.7,0.232,4.1,0.6,4.7,1.3,
188.0,Jimmy Butler,35.0,GSW,SF,12.0,12.0,379.0,21.0,0.596,0.18,0.662,7.6,10.4,9.0,24.7,1.8,0.7,8.7,21.7,1.3,0.4,1.7,0.216,3.0,0.2,3.2,0.5,
189.0,Mason Plumlee,34.0,PHO,C,63.0,18.0,1140.0,14.8,0.639,0.017,0.598,10.1,27.9,19.4,13.8,1.2,3.5,17.8,10.7,2.2,1.2,3.4,0.142,-1.5,1.0,-0.5,0.4,
190.0,Obi Toppin,26.0,IND,PF,59.0,0.0,1130.0,17.3,0.639,0.486,0.197,4.2,19.1,11.8,11.6,1.5,1.6,9.6,19.6,2.0,1.1,3.1,0.13,1.4,-0.2,1.2,0.9,
191.0,Brandon Clarke,28.0,MEM,PF,59.0,18.0,1125.0,17.1,0.632,0.049,0.226,11.2,17.5,14.4,7.3,1.9,2.8,8.8,14.9,2.5,1.6,4.1,0.173,-0.1,0.9,0.7,0.8,
192.0,Javonte Green,31.0,2TM,SG,53.0,18.0,1119.0,11.2,0.581,0.485,0.296,4.6,13.6,9.0,5.6,2.4,2.5,9.9,11.0,0.9,0.7,1.6,0.069,-2.3,0.3,-1.9,0.0,
192.0,Javonte Green,31.0,NOP,SG,50.0,18.0,1092.0,10.9,0.569,0.482,0.295,4.6,13.1,8.7,5.5,2.4,2.6,10.0,10.8,0.8,0.6,1.5,0.064,-2.5,0.3,-2.2,0.0,
192.0,Javonte Green,31.0,CLE,SG,3.0,0.0,27.0,24.8,0.872,0.556,0.333,4.2,31.1,18.1,11.1,0.0,0.0,8.8,17.8,0.1,0.0,0.1,0.256,6.0,2.3,8.4,0.1,
193.0,Luke Kennard,28.0,MEM,SG,50.0,8.0,1116.0,14.6,0.639,0.617,0.149,3.0,10.2,6.6,19.6,1.5,0.3,12.7,14.9,2.4,1.0,3.4,0.146,1.9,0.1,1.9,1.1,
194.0,Daniel Gafford,26.0,DAL,C,51.0,28.0,1115.0,24.6,0.716,0.0,0.478,13.7,20.1,16.9,10.2,0.9,7.4,12.2,19.2,4.0,1.5,5.4,0.234,2.5,1.2,3.8,1.6,
195.0,Gabe Vincent,28.0,LAL,PG,54.0,8.0,1114.0,6.6,0.506,0.71,0.048,1.4,5.1,3.3,9.3,1.8,1.0,9.7,13.1,-0.1,0.9,0.7,0.031,-4.7,0.1,-4.6,-0.7,
196.0,Jaime Jaquez Jr.,23.0,MIA,SF,51.0,12.0,1113.0,13.6,0.534,0.26,0.333,6.2,16.3,11.3,17.3,2.3,0.8,15.2,19.7,0.3,1.5,1.7,0.074,-2.2,0.6,-1.5,0.1,
197.0,Sam Hauser,27.0,BOS,PF,54.0,12.0,1106.0,11.9,0.61,0.854,0.012,3.4,12.7,8.1,6.2,1.4,0.8,5.5,13.5,1.5,1.3,2.8,0.122,0.2,0.1,0.3,0.6,
198.0,Cole Anthony,24.0,ORL,PG,59.0,21.0,1099.0,14.4,0.532,0.383,0.211,4.3,15.5,9.5,26.4,1.9,2.4,15.1,25.2,0.0,1.7,1.6,0.072,-0.9,0.7,-0.1,0.5,
199.0,Jordan Hawkins,22.0,NOP,SG,47.0,7.0,1097.0,10.2,0.504,0.584,0.172,2.1,10.8,6.3,7.0,1.3,1.6,8.3,21.2,-0.4,0.1,-0.3,-0.013,-2.2,-2.9,-5.1,-0.9,
200.0,Nicolas Batum,36.0,LAC,PF,62.0,5.0,1091.0,9.6,0.6,0.841,0.099,3.9,13.7,8.8,8.4,1.8,2.6,12.0,8.6,1.0,1.5,2.5,0.112,-1.7,2.0,0.2,0.6,
201.0,Jeremy Sochan,21.0,SAS,PF,43.0,19.0,1087.0,16.0,0.596,0.175,0.27,9.9,18.7,14.3,14.3,1.6,1.9,14.7,18.4,1.4,1.0,2.3,0.102,-0.6,-0.1,-0.6,0.4,
202.0,Kevin Porter Jr.,24.0,2TM,SG,57.0,2.0,1075.0,13.3,0.497,0.249,0.204,3.4,16.7,10.1,26.2,2.7,1.0,17.0,25.7,-1.1,1.7,0.6,0.026,-2.8,0.9,-1.9,0.0,
202.0,Kevin Porter Jr.,24.0,LAC,SG,45.0,2.0,884.0,12.2,0.476,0.26,0.187,3.7,16.6,10.2,25.1,2.4,1.3,16.0,25.7,-1.2,1.4,0.1,0.008,-3.2,0.6,-2.6,-0.1,
202.0,Kevin Porter Jr.,24.0,MIL,SG,12.0,0.0,191.0,18.5,0.601,0.192,0.295,1.8,17.2,9.8,31.1,4.0,0.0,21.4,25.5,0.1,0.3,0.4,0.107,-1.1,2.3,1.2,0.2,
203.0,T.J. McConnell,32.0,IND,PG,59.0,0.0,1064.0,19.0,0.551,0.085,0.131,3.3,11.5,7.5,37.4,3.0,1.4,14.5,24.2,1.2,1.2,2.4,0.107,0.9,0.5,1.4,0.9,
204.0,Sam Merrill,28.0,CLE,SG,55.0,2.0,1055.0,11.1,0.587,0.87,0.087,2.9,8.3,5.7,8.9,1.7,0.8,6.4,14.4,1.5,1.1,2.6,0.12,-0.3,0.6,0.3,0.6,
205.0,Kyle Filipowski,21.0,UTA,C,54.0,14.0,1050.0,14.6,0.615,0.41,0.314,7.7,21.9,14.9,14.9,1.5,0.7,16.0,17.3,1.4,0.6,2.0,0.091,-0.4,-0.2,-0.6,0.4,
206.0,Paolo Banchero,22.0,ORL,PF,31.0,31.0,1049.0,18.6,0.541,0.306,0.458,3.3,21.6,11.9,26.2,1.1,2.0,11.9,32.8,0.3,1.5,1.8,0.083,2.6,-0.2,2.3,1.2,
207.0,Matas Buzelis,20.0,CHI,SF,62.0,13.0,1044.0,11.3,0.547,0.478,0.182,4.3,14.9,9.6,6.6,0.7,4.4,10.3,18.3,0.1,0.8,0.9,0.04,-2.9,-0.9,-3.9,-0.5,
208.0,Zach Edey,22.0,MEM,C,50.0,42.0,1044.0,18.3,0.622,0.133,0.272,18.1,21.9,20.0,5.6,1.3,5.3,15.3,16.7,1.9,1.6,3.6,0.164,0.0,-0.1,-0.1,0.5,
209.0,Jamal Shead,22.0,TOR,PG,58.0,2.0,1035.0,8.8,0.51,0.431,0.123,1.9,6.1,4.0,28.9,1.5,0.6,20.5,17.9,-0.3,0.4,0.1,0.005,-3.5,-1.5,-5.0,-0.8,
210.0,Tari Eason,23.0,HOU,PF,42.0,8.0,1032.0,18.8,0.572,0.331,0.197,9.4,17.3,13.3,8.0,3.7,3.1,9.9,19.3,1.6,2.2,3.8,0.176,1.2,3.0,4.2,1.6,
211.0,Aaron Gordon,29.0,DEN,PF,38.0,29.0,1018.0,16.3,0.63,0.339,0.322,6.7,12.5,9.7,14.5,0.8,0.8,10.5,18.3,2.4,0.5,2.9,0.138,2.2,-1.4,0.8,0.7,
212.0,Dejounte Murray,28.0,NOP,PG,31.0,31.0,1012.0,15.5,0.494,0.352,0.251,1.7,20.1,10.6,34.4,3.0,1.1,16.2,27.2,-0.6,0.9,0.3,0.012,-1.2,-0.4,-1.6,0.1,
213.0,Ron Holland,19.0,DET,SF,65.0,1.0,1007.0,10.3,0.543,0.384,0.275,3.5,14.8,9.2,7.7,1.9,0.9,12.3,17.7,0.1,1.2,1.3,0.062,-3.6,0.1,-3.5,-0.4,
214.0,Moussa Diabaté,23.0,CHO,C,54.0,8.0,1005.0,16.3,0.603,0.01,0.42,16.4,22.3,19.3,7.1,1.8,3.5,16.7,12.4,1.4,1.3,2.7,0.131,-1.6,-0.2,-1.8,0.1,
215.0,Jalen Suggs,23.0,ORL,PG,35.0,35.0,1002.0,14.4,0.536,0.503,0.229,2.5,14.5,8.1,21.9,2.5,3.2,16.2,27.5,-0.7,1.7,1.0,0.049,-0.8,1.1,0.3,0.6,
216.0,Nick Richards,27.0,2TM,C,45.0,32.0,998.0,17.2,0.643,0.007,0.539,12.2,29.4,20.9,6.4,0.5,4.6,16.4,17.1,1.5,1.1,2.7,0.128,-1.9,-0.9,-2.7,-0.2,
216.0,Nick Richards,27.0,CHO,C,21.0,9.0,440.0,17.3,0.614,0.009,0.763,11.9,26.7,19.0,9.8,0.8,5.9,17.8,17.8,0.5,0.6,1.1,0.124,-2.2,0.2,-2.0,0.0,
216.0,Nick Richards,27.0,PHO,C,24.0,23.0,558.0,17.1,0.668,0.007,0.373,12.4,31.5,22.3,3.7,0.4,3.6,15.2,16.6,1.0,0.5,1.5,0.132,-1.6,-1.7,-3.3,-0.2,
217.0,Terance Mann,28.0,2TM,SG,49.0,12.0,996.0,11.1,0.564,0.41,0.187,5.5,10.3,7.9,12.1,1.7,1.3,11.0,14.0,0.9,1.0,1.9,0.094,-1.8,0.5,-1.4,0.2,
217.0,Terance Mann,28.0,LAC,SG,37.0,12.0,732.0,10.5,0.533,0.385,0.164,4.9,11.5,8.2,11.1,1.9,1.5,10.7,13.9,0.4,0.9,1.4,0.089,-2.6,1.1,-1.5,0.1,
217.0,Terance Mann,28.0,ATL,SG,12.0,0.0,264.0,13.0,0.643,0.479,0.247,7.2,7.2,7.2,14.8,1.1,0.7,12.0,14.2,0.5,0.1,0.6,0.107,0.3,-1.2,-1.0,0.1,
218.0,Brandon Boston Jr.,23.0,NOP,SG,42.0,10.0,993.0,12.8,0.535,0.367,0.223,2.9,11.9,7.2,13.6,2.6,0.9,11.1,19.9,0.3,0.5,0.7,0.035,-2.2,-0.3,-2.5,-0.1,
219.0,Luke Kornet,29.0,BOS,C,56.0,10.0,992.0,18.9,0.686,0.006,0.392,14.4,16.1,15.3,12.8,1.4,5.1,10.9,10.5,3.4,1.6,4.9,0.239,1.3,2.2,3.5,1.4,
220.0,Simone Fontecchio,29.0,DET,SF,58.0,0.0,990.0,9.1,0.525,0.606,0.256,4.5,14.9,9.8,7.0,1.1,1.1,12.0,16.0,0.1,1.0,1.1,0.053,-2.7,-0.8,-3.5,-0.4,
221.0,Brice Sensabaugh,21.0,UTA,SF,53.0,8.0,986.0,11.9,0.58,0.601,0.116,3.7,11.6,7.7,11.1,1.4,0.4,14.7,21.9,0.2,0.2,0.4,0.021,-0.8,-2.0,-2.7,-0.2,
222.0,Caleb Martin,29.0,2TM,SF,33.0,24.0,975.0,10.1,0.526,0.377,0.314,5.0,11.9,8.3,10.6,1.8,2.2,14.2,14.2,0.1,0.6,0.7,0.035,-2.4,-0.2,-2.6,-0.1,
222.0,Caleb Martin,29.0,PHI,SF,31.0,24.0,943.0,10.2,0.531,0.375,0.319,5.0,11.8,8.3,10.3,1.8,2.1,14.0,14.3,0.2,0.6,0.7,0.036,-2.3,-0.2,-2.4,-0.1,
222.0,Caleb Martin,29.0,DAL,SF,2.0,0.0,32.0,7.5,0.336,0.429,0.143,3.4,13.3,8.4,19.4,3.0,2.7,21.2,12.6,0.0,0.0,0.0,-0.013,-6.9,0.9,-6.0,0.0,
223.0,Ben Sheppard,23.0,IND,SG,48.0,9.0,974.0,9.7,0.578,0.685,0.088,3.9,11.1,7.6,7.6,1.4,1.1,5.7,11.7,1.0,0.7,1.7,0.083,-1.7,-0.1,-1.9,0.0,
224.0,Nick Smith Jr.,20.0,CHO,SG,44.0,24.0,972.0,7.4,0.481,0.545,0.06,1.1,8.7,4.7,14.5,0.8,0.6,11.7,20.1,-0.9,0.4,-0.5,-0.024,-3.9,-2.1,-6.0,-1.0,
225.0,Jose Alvarado,26.0,NOP,PG,41.0,12.0,969.0,14.8,0.539,0.62,0.138,2.1,9.1,5.5,27.7,2.8,1.1,10.5,17.8,1.3,0.4,1.8,0.087,0.1,-0.1,0.0,0.5,
226.0,Cody Martin,29.0,CHO,SF,39.0,8.0,967.0,11.8,0.528,0.463,0.183,4.2,15.4,9.7,13.7,2.2,2.7,12.7,14.5,0.3,1.1,1.4,0.071,-2.3,1.1,-1.2,0.2,
227.0,Ryan Dunn,22.0,PHO,SF,56.0,28.0,966.0,9.7,0.511,0.534,0.08,6.2,13.4,10.0,6.4,1.1,2.9,7.2,15.9,0.1,0.5,0.6,0.028,-3.4,-1.2,-4.6,-0.6,
228.0,Trey Lyles,29.0,SAC,PF,52.0,2.0,947.0,12.2,0.535,0.651,0.195,6.4,20.7,13.6,8.0,1.5,2.0,8.4,14.5,0.8,1.0,1.8,0.092,-0.6,-0.2,-0.7,0.3,
229.0,Dean Wade,28.0,CLE,PF,44.0,26.0,947.0,10.6,0.554,0.819,0.119,5.0,18.3,11.9,8.1,1.7,1.6,7.1,10.7,1.0,1.4,2.4,0.123,-0.8,1.4,0.7,0.6,
230.0,Tyrese Martin,25.0,BRK,SG,45.0,6.0,942.0,10.5,0.531,0.608,0.134,5.4,15.0,10.0,12.0,1.2,0.7,13.6,18.7,-0.1,0.6,0.5,0.025,-1.5,-1.5,-3.0,-0.2,
231.0,Ausar Thompson,22.0,DET,SF,43.0,32.0,934.0,17.5,0.576,0.105,0.302,9.4,16.1,12.8,15.1,4.1,2.2,14.4,18.8,1.0,1.8,2.8,0.143,-1.1,2.8,1.7,0.9,
232.0,Ben Simmons,28.0,2TM,PG,38.0,24.0,931.0,13.7,0.571,0.0,0.17,4.3,20.7,12.2,40.8,1.8,2.0,30.1,14.0,0.7,1.0,1.7,0.09,-2.0,1.6,-0.4,0.4,
232.0,Ben Simmons,28.0,BRK,PG,33.0,24.0,825.0,12.7,0.562,0.0,0.153,4.0,20.7,12.0,41.7,1.6,1.9,32.7,14.3,0.3,0.8,1.1,0.066,-2.4,1.2,-1.2,0.2,
232.0,Ben Simmons,28.0,LAC,PG,5.0,0.0,106.0,21.6,0.628,0.0,0.292,6.4,21.1,13.8,33.2,3.2,2.8,6.9,11.9,0.4,0.2,0.6,0.275,1.4,4.2,5.5,0.2,
233.0,Kristaps Porziņģis,29.0,BOS,C,32.0,32.0,926.0,21.6,0.608,0.439,0.331,5.9,19.6,12.7,10.5,1.4,5.0,7.1,25.3,2.3,1.6,3.9,0.201,3.0,1.3,4.3,1.5,
234.0,Brandon Miller,22.0,CHO,SF,27.0,27.0,924.0,14.1,0.54,0.597,0.161,2.8,12.6,7.5,18.3,1.5,2.2,12.6,27.5,-0.1,0.8,0.7,0.035,0.9,-0.8,0.0,0.5,
235.0,Bogdan Bogdanović,32.0,2TM,SG,36.0,3.0,923.0,8.8,0.513,0.626,0.135,2.0,10.2,6.0,13.1,1.5,0.9,12.6,19.1,-0.3,0.7,0.4,0.019,-3.4,-0.6,-4.1,-0.5,
235.0,Bogdan Bogdanović,32.0,ATL,SG,24.0,0.0,598.0,7.6,0.502,0.652,0.152,2.1,10.1,6.0,10.9,1.6,0.9,13.4,18.9,-0.4,0.3,-0.1,-0.007,-4.2,-0.6,-4.8,-0.4,
235.0,Bogdan Bogdanović,32.0,LAC,SG,12.0,3.0,325.0,10.8,0.532,0.581,0.105,1.7,10.3,6.0,17.1,1.4,0.9,11.0,19.5,0.1,0.3,0.4,0.066,-2.0,-0.7,-2.7,-0.1,
236.0,Kel'el Ware,20.0,MIA,C,45.0,19.0,921.0,17.4,0.605,0.269,0.159,8.7,26.2,17.5,6.6,1.5,5.1,11.0,17.5,1.0,1.6,2.6,0.135,-0.6,0.6,0.0,0.5,
237.0,Tidjane Salaün,19.0,CHO,PF,48.0,8.0,915.0,7.7,0.447,0.598,0.252,6.3,17.5,11.7,8.1,1.4,1.3,13.5,15.1,-0.7,0.8,0.1,0.005,-4.3,-0.6,-5.0,-0.7,
238.0,Trayce Jackson-Davis,24.0,GSW,C,52.0,37.0,914.0,18.2,0.585,0.004,0.313,12.4,21.5,16.8,15.8,1.2,3.8,11.4,16.5,1.8,1.3,3.1,0.162,0.3,1.0,1.3,0.8,
239.0,Kevon Looney,28.0,GSW,C,58.0,6.0,907.0,17.4,0.524,0.013,0.34,17.9,27.0,22.3,15.1,2.0,2.8,11.2,14.0,1.7,1.6,3.4,0.178,-0.9,1.1,0.1,0.5,
240.0,Jonathan Isaac,27.0,ORL,PF,56.0,0.0,904.0,16.0,0.509,0.487,0.295,11.8,22.9,17.0,4.7,2.4,6.7,7.2,16.1,0.7,1.9,2.6,0.138,-1.1,1.3,0.1,0.5,
241.0,Andre Jackson Jr.,23.0,MIL,SG,56.0,43.0,901.0,8.5,0.55,0.401,0.099,7.3,12.3,9.9,10.9,1.7,1.3,21.5,11.7,0.1,1.0,1.2,0.062,-3.7,0.3,-3.4,-0.3,
242.0,Jaden Ivey,22.0,DET,SG,30.0,30.0,898.0,14.8,0.569,0.373,0.281,5.0,10.3,7.7,19.8,1.5,1.2,16.1,26.0,0.4,0.9,1.2,0.065,0.7,-0.9,-0.2,0.4,
243.0,Precious Achiuwa,25.0,NYK,C,40.0,8.0,893.0,14.5,0.559,0.128,0.225,11.0,20.3,15.7,6.4,1.9,3.3,11.1,13.6,1.0,1.2,2.2,0.117,-1.1,0.1,-1.0,0.2,
244.0,Jarace Walker,21.0,IND,PF,58.0,2.0,891.0,11.1,0.564,0.5,0.232,2.7,18.4,10.7,11.5,2.5,2.1,17.4,16.5,-0.2,1.1,0.9,0.048,-2.5,0.9,-1.5,0.1,
245.0,Donovan Clingan,20.0,POR,C,51.0,21.0,879.0,17.0,0.582,0.121,0.308,17.2,27.6,22.3,7.5,1.3,8.2,19.3,15.0,0.9,1.5,2.3,0.127,-2.4,1.4,-1.0,0.2,
246.0,Ja'Kobe Walter,20.0,TOR,SG,44.0,11.0,879.0,9.6,0.508,0.456,0.217,5.3,10.5,7.8,8.9,1.7,0.9,10.6,18.2,-0.1,0.6,0.5,0.026,-3.1,-1.1,-4.2,-0.5,
247.0,Jonathan Mogbo,23.0,TOR,PF,49.0,11.0,877.0,11.8,0.518,0.21,0.286,9.5,15.8,12.6,12.3,2.1,2.7,14.9,14.3,0.4,0.9,1.3,0.071,-2.6,0.9,-1.6,0.1,
248.0,Noah Clowney,20.0,BRK,PF,38.0,18.0,871.0,9.5,0.528,0.704,0.197,4.4,15.7,9.8,5.5,1.1,2.2,10.3,18.5,-0.1,0.7,0.6,0.032,-2.9,-1.1,-4.0,-0.4,
249.0,Max Strus,28.0,CLE,SF,35.0,22.0,871.0,12.4,0.588,0.804,0.062,4.5,14.0,9.4,15.2,1.2,1.0,11.3,14.7,1.4,1.0,2.4,0.13,1.0,0.5,1.6,0.8,
250.0,Chris Boucher,32.0,TOR,PF,50.0,0.0,862.0,18.9,0.615,0.522,0.235,8.8,19.8,14.2,5.9,1.3,2.8,6.6,21.4,1.7,0.8,2.6,0.143,3.0,-0.8,2.2,0.9,
251.0,Jeremiah Robinson-Earl,24.0,NOP,PF,50.0,6.0,861.0,12.8,0.556,0.47,0.161,9.4,18.1,13.6,8.8,1.6,0.8,10.9,13.9,0.9,0.4,1.3,0.072,-1.2,-1.4,-2.6,-0.1,
252.0,Jalen Smith,24.0,CHI,C,56.0,1.0,857.0,18.6,0.595,0.562,0.222,9.7,28.2,19.1,9.1,0.8,4.2,8.0,20.7,1.5,1.0,2.5,0.14,1.4,-0.8,0.6,0.6,
253.0,Johnny Juzang,23.0,UTA,SG,47.0,11.0,853.0,11.5,0.576,0.698,0.141,4.0,12.7,8.4,7.4,1.2,0.8,6.9,17.0,1.0,0.2,1.2,0.069,-0.9,-1.5,-2.4,-0.1,
254.0,Jordan Clarkson,32.0,UTA,SG,32.0,9.0,852.0,15.1,0.538,0.471,0.267,2.8,10.2,6.6,23.3,1.5,0.9,11.8,27.4,0.6,0.2,0.8,0.044,1.0,-2.1,-1.0,0.2,
255.0,Julian Phillips,21.0,CHI,SF,62.0,3.0,840.0,9.4,0.559,0.545,0.286,6.5,9.0,7.8,3.7,1.4,1.7,9.1,13.1,0.5,0.5,1.0,0.057,-3.2,-1.0,-4.1,-0.5,
256.0,Jonathan Kuminga,22.0,GSW,PF,32.0,10.0,832.0,16.4,0.539,0.274,0.4,5.4,15.2,10.2,13.6,1.7,2.0,9.1,27.5,0.4,1.0,1.4,0.083,0.4,-0.1,0.3,0.5,
257.0,Cameron Payne,30.0,NYK,PG,57.0,1.0,812.0,15.2,0.545,0.594,0.135,1.6,9.7,5.7,25.7,2.0,1.5,9.3,21.3,1.3,0.7,2.0,0.118,0.7,0.1,0.8,0.6,
258.0,Vit Krejci,24.0,ATL,PG,39.0,15.0,811.0,11.2,0.587,0.679,0.14,1.9,12.7,7.1,16.8,1.6,2.2,13.3,13.3,0.8,0.6,1.4,0.081,-1.4,0.9,-0.5,0.3,
259.0,Cody Williams,20.0,UTA,SG,39.0,12.0,799.0,4.9,0.449,0.495,0.202,3.3,8.6,6.0,8.3,1.1,1.4,14.6,12.5,-0.6,0.1,-0.5,-0.027,-5.4,-0.9,-6.4,-0.9,
260.0,Justin Champagnie,23.0,WAS,SF,43.0,15.0,781.0,15.5,0.615,0.492,0.202,8.4,17.8,13.1,7.3,2.2,3.1,12.0,16.0,0.9,0.7,1.6,0.097,-0.4,0.1,-0.3,0.3,
261.0,Alex Caruso,30.0,OKC,SG,41.0,1.0,780.0,15.3,0.549,0.576,0.096,4.0,11.1,7.6,16.9,4.3,2.8,9.5,14.3,1.0,1.8,2.9,0.176,-0.3,4.1,3.8,1.1,
262.0,Dalano Banton,25.0,POR,PG,51.0,0.0,777.0,14.7,0.533,0.441,0.266,2.6,11.3,6.9,21.4,2.1,2.7,13.9,24.4,0.1,0.7,0.8,0.052,0.8,-0.1,0.8,0.5,
263.0,Lonzo Ball,27.0,CHI,PG,35.0,14.0,777.0,12.2,0.524,0.802,0.111,3.4,12.4,8.0,19.2,2.8,1.9,13.9,15.9,0.3,0.8,1.1,0.068,-1.6,1.5,-0.1,0.4,
264.0,Garrison Mathews,28.0,ATL,SG,44.0,2.0,776.0,11.5,0.607,0.847,0.318,1.8,9.8,5.7,9.6,1.6,1.5,9.5,16.1,1.0,0.5,1.4,0.09,-1.2,-0.5,-1.7,0.1,
265.0,Mark Williams,23.0,CHO,C,30.0,27.0,771.0,24.8,0.63,0.003,0.403,12.4,28.9,20.4,15.9,1.2,4.7,9.1,22.2,2.3,1.1,3.5,0.216,3.0,0.8,3.8,1.1,
266.0,Eric Gordon,36.0,PHI,SG,39.0,13.0,768.0,11.0,0.591,0.672,0.235,1.1,5.9,3.4,12.1,1.7,1.6,11.1,14.4,0.7,0.3,0.9,0.059,-0.8,-0.9,-1.6,0.1,
267.0,Dereck Lively II,20.0,DAL,C,32.0,25.0,768.0,20.5,0.704,0.0,0.39,14.1,21.0,17.6,15.4,1.1,6.0,15.8,13.7,2.3,1.0,3.3,0.207,1.4,2.4,3.8,1.1,
268.0,Jaxson Hayes,24.0,LAL,C,40.0,19.0,766.0,15.9,0.734,0.014,0.435,8.5,17.9,13.4,7.7,1.4,5.0,15.0,11.8,1.7,1.1,2.7,0.171,-1.6,1.7,0.1,0.4,
269.0,Vasilije Micić,31.0,2TM,PG,37.0,16.0,766.0,6.9,0.462,0.458,0.15,2.7,9.6,6.0,24.8,1.0,0.0,20.3,20.1,-1.1,0.3,-0.7,-0.047,-4.4,-2.4,-6.8,-0.9,
269.0,Vasilije Micić,31.0,CHO,PG,36.0,16.0,764.0,6.9,0.462,0.458,0.15,2.7,9.6,6.0,24.8,1.0,0.0,20.3,20.2,-1.1,0.3,-0.7,-0.047,-4.4,-2.4,-6.8,-0.9,
269.0,Vasilije Micić,31.0,PHO,PG,1.0,0.0,2.0,0.0,,,,0.0,0.0,0.0,0.0,0.0,0.0,,0.0,0.0,0.0,0.0,-0.024,-7.0,-1.4,-8.4,0.0,
270.0,Ricky Council IV,23.0,PHI,SF,54.0,4.0,763.0,12.8,0.522,0.457,0.297,5.0,12.9,8.8,12.3,1.6,0.9,8.5,19.6,0.5,0.4,0.9,0.054,-0.8,-1.7,-2.6,-0.1,
271.0,Seth Curry,34.0,CHO,SG,52.0,9.0,757.0,12.5,0.61,0.548,0.099,3.1,9.3,6.1,7.3,1.5,0.9,7.7,15.9,0.9,0.5,1.4,0.09,-0.5,-0.5,-1.1,0.2,
272.0,Kenrich Williams,30.0,OKC,PF,52.0,2.0,757.0,13.9,0.595,0.5,0.094,6.7,16.7,11.8,10.4,1.9,0.9,10.3,15.2,1.1,1.4,2.5,0.158,-0.4,0.9,0.6,0.5,
273.0,Kris Murray,24.0,POR,SF,54.0,2.0,742.0,9.9,0.501,0.407,0.211,7.8,10.1,9.0,8.6,1.5,1.5,11.4,13.8,0.1,0.5,0.6,0.041,-2.1,-0.4,-2.5,-0.1,
274.0,Jusuf Nurkić,30.0,2TM,C,33.0,27.0,742.0,14.2,0.541,0.358,0.414,9.8,33.5,22.0,15.0,2.1,3.1,21.6,19.1,-0.2,1.1,0.9,0.061,-3.1,1.1,-1.9,0.0,
274.0,Jusuf Nurkić,30.0,PHO,C,25.0,23.0,592.0,12.6,0.556,0.362,0.423,9.0,32.9,21.4,10.9,1.9,2.5,22.8,18.7,-0.3,0.8,0.5,0.043,-3.9,0.5,-3.4,-0.2,
274.0,Jusuf Nurkić,30.0,CHO,C,8.0,4.0,150.0,20.4,0.493,0.346,0.385,13.0,35.9,24.0,31.2,2.9,5.3,17.6,20.8,0.1,0.3,0.4,0.13,0.3,3.7,4.0,0.2,
275.0,Zion Williamson,24.0,NOP,PF,26.0,26.0,738.0,27.4,0.593,0.029,0.46,9.8,17.6,13.6,35.1,2.2,3.1,12.6,34.9,1.6,0.5,2.1,0.137,5.6,0.7,6.3,1.6,
276.0,KJ Martin,24.0,2TM,PF,34.0,15.0,738.0,11.7,0.666,0.252,0.27,4.2,12.7,8.3,6.2,1.0,3.0,10.1,11.5,1.1,0.3,1.5,0.095,-2.4,0.0,-2.4,-0.1,
276.0,KJ Martin,24.0,PHI,PF,24.0,7.0,480.0,12.4,0.689,0.212,0.293,4.8,12.8,8.6,5.8,1.1,3.4,9.7,11.3,0.9,0.3,1.1,0.113,-2.0,0.3,-1.6,0.0,
276.0,KJ Martin,24.0,UTA,SF,10.0,8.0,258.0,10.4,0.627,0.317,0.233,3.0,12.5,7.8,7.2,0.7,2.2,10.8,12.0,0.3,0.1,0.3,0.061,-3.2,-0.5,-3.7,-0.1,
277.0,Justin Edwards,21.0,PHI,SF,30.0,12.0,736.0,10.4,0.572,0.566,0.118,4.5,10.6,7.4,8.4,1.6,1.1,11.2,15.0,0.4,0.3,0.8,0.05,-2.3,-1.5,-3.8,-0.3,
278.0,Day'Ron Sharpe,23.0,BRK,C,41.0,1.0,726.0,20.0,0.575,0.148,0.265,18.3,23.3,20.7,16.0,2.4,4.8,16.1,20.6,1.1,1.1,2.2,0.143,-0.2,0.8,0.6,0.5,
279.0,Andre Drummond,31.0,PHI,C,39.0,22.0,725.0,16.5,0.54,0.083,0.395,16.2,32.6,24.0,6.9,2.7,2.2,17.0,19.5,0.2,1.1,1.3,0.087,-2.2,-0.7,-3.0,-0.2,
280.0,Dalen Terry,22.0,CHI,SG,57.0,3.0,719.0,9.3,0.552,0.364,0.31,4.4,7.6,6.0,12.3,1.8,1.6,15.4,14.4,0.2,0.4,0.7,0.044,-4.1,-0.3,-4.4,-0.4,
281.0,Isaac Okoro,24.0,CLE,SG,38.0,18.0,719.0,10.4,0.579,0.59,0.168,5.0,7.6,6.3,9.0,1.4,1.9,7.5,11.9,1.0,0.8,1.8,0.119,-0.9,0.8,-0.1,0.4,
282.0,Cam Thomas,23.0,BRK,SG,23.0,21.0,717.0,18.0,0.581,0.428,0.347,1.8,10.7,6.1,21.5,1.0,0.1,11.0,32.3,0.8,0.3,1.1,0.077,2.5,-2.6,-0.1,0.4,
283.0,Gary Payton II,32.0,GSW,SG,51.0,10.0,711.0,15.6,0.616,0.304,0.165,6.4,16.2,11.1,13.9,2.5,1.9,11.4,16.0,1.1,1.1,2.2,0.147,-1.1,1.8,0.7,0.5,
284.0,Khris Middleton,33.0,2TM,SF,30.0,14.0,705.0,17.6,0.613,0.4,0.262,1.2,15.6,8.6,27.9,2.0,1.0,14.0,21.8,1.3,0.8,2.0,0.139,0.9,0.6,1.5,0.6,
284.0,Khris Middleton,33.0,MIL,SF,23.0,7.0,534.0,17.9,0.627,0.408,0.218,1.0,15.4,8.5,28.5,1.5,0.9,13.8,21.8,1.1,0.6,1.7,0.154,1.6,0.4,2.0,0.5,
284.0,Khris Middleton,33.0,WAS,SF,7.0,7.0,171.0,16.9,0.57,0.375,0.406,1.8,16.1,8.9,26.0,3.3,1.6,14.7,21.6,0.2,0.2,0.3,0.093,-1.3,1.3,0.0,0.1,
285.0,Shake Milton,28.0,2TM,SG,46.0,1.0,705.0,12.7,0.586,0.457,0.238,3.8,10.1,7.0,19.4,1.4,0.4,12.5,16.5,0.9,0.4,1.4,0.095,-1.1,-0.3,-1.4,0.1,
285.0,Shake Milton,28.0,BRK,SG,27.0,1.0,492.0,12.9,0.58,0.459,0.21,3.6,8.5,6.0,20.7,1.5,0.2,10.4,17.0,0.7,0.3,1.0,0.095,-0.8,-0.3,-1.1,0.1,
285.0,Shake Milton,28.0,LAL,SG,19.0,0.0,213.0,12.0,0.604,0.453,0.321,4.4,13.8,9.2,16.6,1.2,0.9,17.7,15.2,0.2,0.2,0.4,0.094,-2.0,-0.1,-2.1,0.0,
286.0,Tre Jones,25.0,2TM,PG,40.0,3.0,703.0,15.6,0.607,0.224,0.31,3.6,10.0,6.8,27.5,2.0,1.0,12.0,13.5,1.6,0.4,2.1,0.142,-0.1,0.9,0.8,0.5,
286.0,Tre Jones,25.0,SAS,PG,28.0,0.0,450.0,13.8,0.572,0.28,0.355,3.6,10.1,6.8,30.2,1.9,1.0,16.3,12.2,0.8,0.3,1.1,0.12,-1.2,1.0,-0.2,0.2,
286.0,Tre Jones,25.0,CHI,PG,12.0,3.0,253.0,18.7,0.648,0.16,0.259,3.8,9.8,6.8,22.5,2.0,1.0,6.2,15.9,0.8,0.2,1.0,0.182,1.8,0.7,2.5,0.3,
287.0,Neemias Queta,25.0,BOS,C,49.0,6.0,700.0,15.7,0.658,0.018,0.286,11.2,18.0,14.6,6.7,1.1,4.3,13.7,13.7,1.4,1.1,2.5,0.171,-1.9,0.8,-1.1,0.2,
288.0,Cam Whitmore,20.0,HOU,SF,41.0,1.0,699.0,14.3,0.524,0.46,0.192,4.4,15.4,9.8,8.4,1.9,1.5,9.1,23.8,0.3,1.0,1.3,0.09,-0.1,-0.3,-0.3,0.3,
289.0,Kyle Anderson,31.0,2TM,PF,47.0,4.0,699.0,14.6,0.518,0.271,0.214,6.2,16.9,11.4,20.9,2.1,3.2,10.2,15.5,0.8,1.0,1.9,0.128,-0.5,2.3,1.8,0.7,
289.0,Kyle Anderson,31.0,GSW,PF,36.0,3.0,541.0,14.8,0.522,0.308,0.16,5.1,16.8,10.8,21.0,2.3,3.5,10.0,15.5,0.6,0.9,1.5,0.13,-0.2,2.5,2.3,0.6,
289.0,Kyle Anderson,31.0,MIA,SF,11.0,1.0,158.0,13.8,0.501,0.122,0.439,9.8,17.1,13.5,20.6,1.3,2.4,10.9,15.4,0.2,0.2,0.4,0.121,-1.4,1.8,0.4,0.1,
290.0,Jaden Hardy,22.0,DAL,SG,46.0,3.0,697.0,9.9,0.54,0.482,0.195,1.3,9.6,5.5,13.5,1.5,0.6,15.8,24.8,-0.7,0.4,-0.3,-0.018,-3.2,-1.8,-5.0,-0.5,
291.0,Thomas Bryant,27.0,2TM,C,46.0,5.0,694.0,18.7,0.63,0.432,0.179,11.3,19.4,15.4,10.0,1.4,3.6,8.3,17.3,1.6,0.8,2.4,0.168,1.8,-0.2,1.6,0.6,
291.0,Thomas Bryant,27.0,MIA,C,10.0,0.0,115.0,15.8,0.624,0.607,0.393,5.8,24.5,15.2,4.9,0.4,7.5,5.7,13.5,0.2,0.2,0.4,0.168,-1.1,1.0,-0.1,0.1,
291.0,Thomas Bryant,27.0,IND,C,36.0,5.0,579.0,19.3,0.631,0.408,0.15,12.5,18.4,15.5,11.0,1.6,2.8,8.7,18.0,1.4,0.6,2.0,0.168,2.3,-0.4,1.9,0.6,
292.0,Lindy Waters III,27.0,2TM,SG,44.0,9.0,684.0,8.4,0.496,0.733,0.051,2.6,13.0,7.6,8.5,1.7,1.4,7.5,14.7,0.0,0.8,0.8,0.054,-3.6,0.3,-3.3,-0.2,
292.0,Lindy Waters III,27.0,GSW,SG,38.0,9.0,655.0,8.5,0.498,0.722,0.054,2.5,13.6,7.9,8.7,1.6,1.4,7.5,14.5,0.0,0.8,0.8,0.056,-3.5,0.3,-3.2,-0.2,
292.0,Lindy Waters III,27.0,DET,SG,6.0,0.0,29.0,6.7,0.458,0.917,0.0,3.9,0.0,1.9,4.6,3.3,0.0,7.7,18.9,0.0,0.0,0.0,0.003,-5.3,-0.3,-5.6,0.0,
293.0,Immanuel Quickley,25.0,TOR,PG,24.0,24.0,683.0,16.8,0.577,0.498,0.314,1.4,11.4,6.3,29.1,1.0,0.4,10.7,24.8,1.3,0.3,1.6,0.114,2.9,-1.4,1.5,0.6,
294.0,Zach Collins,27.0,2TM,PF,46.0,11.0,677.0,16.6,0.602,0.361,0.296,10.7,18.2,14.5,15.7,1.6,2.6,12.5,17.4,1.4,0.6,2.0,0.142,-0.3,0.9,0.5,0.4,
294.0,Zach Collins,27.0,SAS,C,36.0,4.0,425.0,14.4,0.566,0.348,0.265,9.6,15.6,12.6,17.0,1.6,3.1,13.5,17.1,0.6,0.4,1.0,0.112,-1.6,1.4,-0.2,0.2,
294.0,Zach Collins,27.0,CHI,PF,10.0,7.0,252.0,20.3,0.656,0.381,0.345,12.6,22.6,17.7,13.6,1.7,1.7,11.0,18.0,0.8,0.3,1.0,0.193,1.7,0.0,1.7,0.2,
295.0,Drew Eubanks,27.0,2TM,C,47.0,4.0,661.0,15.4,0.614,0.035,0.368,8.5,23.1,15.9,10.6,0.8,5.0,14.6,14.8,0.9,0.6,1.4,0.104,-1.1,0.4,-0.7,0.2,
295.0,Drew Eubanks,27.0,UTA,C,37.0,4.0,568.0,16.0,0.632,0.034,0.393,7.7,24.2,16.1,11.6,0.8,5.3,15.4,14.8,0.8,0.5,1.3,0.106,-0.7,0.8,0.1,0.3,
295.0,Drew Eubanks,27.0,LAC,C,10.0,0.0,93.0,12.0,0.506,0.038,0.231,13.3,16.8,15.1,4.5,0.5,3.2,9.5,14.8,0.1,0.1,0.2,0.093,-3.3,-2.0,-5.4,-0.1,
296.0,Herbert Jones,26.0,NOP,SF,20.0,20.0,648.0,10.4,0.541,0.419,0.233,3.5,9.6,6.4,13.7,2.8,1.3,15.6,14.6,0.2,0.3,0.5,0.034,-3.8,0.2,-3.7,-0.3,
297.0,Kawhi Leonard,33.0,LAC,SF,22.0,22.0,647.0,16.2,0.537,0.323,0.18,3.7,15.4,9.5,15.9,2.0,1.6,11.2,28.0,-0.1,0.9,0.8,0.062,-0.3,-0.6,-0.9,0.2,
298.0,Aaron Nesmith,25.0,IND,SF,27.0,19.0,643.0,13.1,0.635,0.512,0.222,3.2,13.8,8.6,7.7,1.3,1.5,9.4,16.6,0.9,0.5,1.4,0.103,-1.0,-0.9,-1.9,0.0,
299.0,Alec Burks,33.0,MIA,SG,36.0,4.0,637.0,12.1,0.587,0.729,0.232,2.3,14.3,8.3,9.2,1.7,0.9,7.6,14.7,0.6,0.7,1.3,0.099,-0.7,0.7,0.0,0.3,
300.0,Maxi Kleber,33.0,DAL,PF,34.0,4.0,637.0,5.7,0.489,0.51,0.219,4.3,11.7,8.1,8.3,0.7,2.3,17.9,8.6,0.0,0.4,0.4,0.027,-4.2,0.4,-3.8,-0.3,
301.0,Marcus Sasser,24.0,DET,PG,47.0,0.0,636.0,13.4,0.584,0.527,0.14,2.5,6.7,4.6,23.0,2.2,0.6,14.8,18.3,0.8,0.6,1.4,0.106,-0.8,0.2,-0.6,0.2,
302.0,Kyle Lowry,38.0,PHI,PG,33.0,12.0,623.0,10.1,0.53,0.748,0.297,1.9,10.4,6.0,19.8,2.5,1.6,13.7,10.2,0.6,0.4,1.0,0.08,-2.6,1.5,-1.1,0.1,
303.0,Daniel Theis,32.0,NOP,C,38.0,9.0,621.0,12.2,0.558,0.287,0.287,7.3,21.5,14.2,12.9,1.4,3.0,14.7,11.5,0.6,0.4,1.0,0.079,-3.2,-0.1,-3.3,-0.2,
304.0,Kelly Olynyk,33.0,2TM,C,33.0,11.0,611.0,14.9,0.603,0.337,0.38,7.5,20.2,13.7,20.2,1.7,2.0,18.9,18.6,0.7,0.5,1.2,0.095,-1.0,0.4,-0.5,0.2,
304.0,Kelly Olynyk,33.0,TOR,C,24.0,2.0,383.0,15.1,0.624,0.364,0.364,7.0,18.6,12.7,20.8,2.0,2.0,20.4,18.9,0.4,0.4,0.8,0.106,-0.7,0.7,0.0,0.2,
304.0,Kelly Olynyk,33.0,NOP,C,9.0,9.0,228.0,14.6,0.566,0.29,0.406,8.2,22.9,15.3,19.3,1.1,2.1,16.4,17.9,0.2,0.1,0.4,0.078,-1.5,0.0,-1.5,0.0,
305.0,Oso Ighodaro,22.0,PHO,PF,44.0,2.0,609.0,10.3,0.577,0.019,0.333,6.6,17.3,12.2,9.0,1.5,2.3,15.7,10.7,0.4,0.4,0.8,0.066,-3.3,0.3,-3.0,-0.2,
306.0,Jett Howard,21.0,ORL,SF,52.0,0.0,599.0,8.1,0.492,0.724,0.09,3.6,8.6,6.0,10.3,1.1,1.6,10.2,18.6,-0.3,0.6,0.3,0.026,-3.2,-0.8,-4.0,-0.3,
307.0,Jay Huff,26.0,MEM,C,50.0,1.0,595.0,18.1,0.676,0.671,0.203,4.3,13.6,9.1,7.4,0.9,6.5,9.8,19.2,1.4,0.8,2.1,0.17,2.9,1.0,3.9,0.9,
308.0,Aaron Holiday,28.0,HOU,PG,47.0,3.0,595.0,11.4,0.578,0.643,0.163,1.7,9.1,5.3,13.4,1.4,0.9,12.1,16.5,0.7,0.7,1.3,0.108,-1.3,0.3,-1.0,0.2,
309.0,Brandon Ingram,27.0,NOP,SF,18.0,18.0,595.0,16.2,0.56,0.345,0.165,3.0,15.5,9.0,26.7,1.3,1.7,16.2,30.1,-0.1,0.2,0.1,0.005,1.4,-1.7,-0.3,0.3,
310.0,Jared McCain,20.0,PHI,SG,23.0,8.0,592.0,15.4,0.589,0.485,0.204,2.4,8.7,5.4,16.8,1.3,0.0,11.0,24.9,0.7,0.1,0.8,0.063,1.9,-1.6,0.3,0.4,
311.0,Olivier-Maxence Prosper,22.0,DAL,PF,52.0,4.0,584.0,12.7,0.484,0.293,0.437,8.3,14.9,11.6,9.1,2.2,0.9,6.3,16.2,0.4,0.6,0.9,0.077,-1.6,-0.5,-2.1,0.0,
312.0,Jericho Sims,26.0,2TM,C,49.0,5.0,578.0,9.7,0.631,0.0,0.203,12.9,21.4,17.3,6.3,0.8,2.7,30.8,7.6,0.5,0.6,1.1,0.089,-3.3,-0.1,-3.4,-0.2,
312.0,Jericho Sims,26.0,NYK,C,39.0,5.0,422.0,9.9,0.619,0.0,0.283,14.0,20.8,17.4,6.2,0.9,2.2,28.9,7.5,0.4,0.4,0.8,0.093,-3.2,-0.4,-3.6,-0.2,
312.0,Jericho Sims,26.0,MIL,C,10.0,0.0,156.0,9.3,0.667,0.0,0.0,10.0,23.1,16.8,6.5,0.3,4.1,35.7,7.8,0.1,0.2,0.3,0.08,-3.4,0.8,-2.7,0.0,
313.0,Bruce Brown,28.0,2TM,PG,28.0,1.0,577.0,10.1,0.477,0.264,0.233,5.0,15.0,9.9,11.3,2.3,0.5,10.9,17.4,-0.2,0.4,0.2,0.02,-4.4,-0.2,-4.6,-0.4,
313.0,Bruce Brown,28.0,TOR,PG,18.0,0.0,353.0,12.5,0.525,0.275,0.221,5.2,16.0,10.5,11.4,2.3,0.8,11.7,19.5,0.0,0.3,0.4,0.053,-2.7,-0.1,-2.7,-0.1,
313.0,Bruce Brown,28.0,NOP,PG,10.0,1.0,224.0,6.3,0.377,0.242,0.258,4.6,13.4,8.9,11.1,2.4,0.0,9.2,14.3,-0.2,0.1,-0.2,-0.032,-7.1,-0.5,-7.6,-0.3,
314.0,Jaylin Williams,22.0,OKC,PF,35.0,6.0,576.0,15.7,0.557,0.706,0.092,7.5,27.4,17.6,18.5,1.3,4.0,12.4,14.3,1.0,1.3,2.3,0.188,1.1,2.7,3.8,0.9,
315.0,Joel Embiid,30.0,PHI,C,19.0,19.0,574.0,23.6,0.58,0.244,0.537,6.9,24.9,15.5,25.9,1.2,3.2,13.7,34.5,1.0,0.5,1.5,0.126,3.7,-0.2,3.5,0.8,
316.0,Jabari Walker,22.0,POR,SF,48.0,1.0,568.0,15.0,0.583,0.327,0.304,8.7,24.4,16.4,7.7,2.4,1.0,10.6,16.0,0.7,0.8,1.5,0.126,-1.2,0.5,-0.6,0.2,
317.0,Moritz Wagner,27.0,ORL,C,30.0,1.0,564.0,22.3,0.649,0.301,0.442,7.7,23.6,15.2,13.9,2.1,2.0,14.1,26.8,1.0,1.0,2.0,0.171,2.6,1.2,3.9,0.8,
318.0,Malcolm Brogdon,32.0,WAS,PG,24.0,13.0,564.0,15.8,0.544,0.233,0.383,3.9,13.1,8.5,27.3,1.1,0.8,11.9,23.6,0.6,0.1,0.8,0.064,0.0,-1.5,-1.6,0.1,
319.0,Steven Adams,31.0,HOU,C,45.0,2.0,561.0,16.4,0.512,0.008,0.561,21.4,21.7,21.5,12.9,1.4,3.4,20.3,14.1,0.6,0.9,1.5,0.128,-0.2,0.4,0.2,0.3,
320.0,Ajay Mitchell,22.0,OKC,SG,34.0,1.0,561.0,12.3,0.604,0.307,0.199,3.3,9.3,6.3,13.1,2.1,0.5,13.4,15.8,0.7,0.9,1.5,0.131,-2.2,1.0,-1.2,0.1,
321.0,Cam Reddish,25.0,LAL,SF,31.0,8.0,560.0,7.8,0.529,0.523,0.302,3.1,9.1,6.2,5.0,2.7,1.7,11.0,8.6,0.1,0.7,0.8,0.067,-4.1,1.8,-2.3,0.0,
322.0,Talen Horton-Tucker,24.0,CHI,SG,46.0,0.0,537.0,13.1,0.553,0.434,0.251,3.0,12.9,8.0,17.0,1.4,1.6,11.6,21.4,0.2,0.4,0.6,0.051,-1.6,-1.1,-2.6,-0.1,
323.0,DaQuan Jeffries,27.0,CHO,SG,28.0,4.0,537.0,7.2,0.476,0.553,0.114,4.6,10.8,7.6,8.0,1.5,2.0,10.9,12.2,-0.1,0.4,0.3,0.028,-4.8,0.0,-4.8,-0.4,
324.0,Reed Sheppard,20.0,HOU,PG,45.0,1.0,536.0,8.4,0.428,0.566,0.082,3.1,9.5,6.2,13.5,2.5,2.5,12.1,17.7,-0.5,0.8,0.3,0.03,-4.0,1.4,-2.6,-0.1,
325.0,Jamison Battle,23.0,TOR,SF,41.0,0.0,535.0,13.1,0.648,0.756,0.08,5.0,11.4,8.2,8.8,0.5,1.1,6.7,15.4,1.0,0.2,1.2,0.109,1.5,-1.5,0.0,0.3,
326.0,Gui Santos,22.0,GSW,PF,39.0,1.0,534.0,12.5,0.601,0.567,0.26,9.3,14.2,11.6,13.9,1.6,1.4,16.0,13.2,0.8,0.6,1.4,0.125,-1.7,0.5,-1.2,0.1,
327.0,Marcus Smart,30.0,2TM,PG,26.0,6.0,534.0,11.8,0.525,0.576,0.263,3.2,7.6,5.4,21.4,2.7,1.0,16.9,20.1,0.1,0.5,0.6,0.058,-2.0,0.2,-1.8,0.0,
327.0,Marcus Smart,30.0,MEM,PG,19.0,6.0,400.0,11.3,0.504,0.608,0.243,3.8,7.5,5.7,22.0,2.7,1.4,17.6,19.8,0.0,0.5,0.5,0.06,-1.6,0.4,-1.2,0.1,
327.0,Marcus Smart,30.0,WAS,PG,7.0,0.0,134.0,13.4,0.587,0.48,0.32,1.6,7.9,4.7,19.5,2.8,0.0,14.9,20.9,0.1,0.1,0.1,0.053,-3.2,-0.6,-3.8,-0.1,
328.0,DeAndre Jordan,36.0,DEN,C,46.0,2.0,528.0,14.6,0.626,0.0,0.349,13.9,29.7,22.2,8.4,1.1,3.4,21.3,12.4,0.6,0.7,1.3,0.117,-1.6,-0.1,-1.7,0.0,
329.0,Monte Morris,29.0,PHO,PG,40.0,0.0,522.0,11.6,0.514,0.427,0.234,2.2,9.6,6.1,17.6,1.6,0.5,8.3,17.4,0.3,0.2,0.5,0.046,-2.1,-0.9,-3.0,-0.1,
330.0,Micah Potter,26.0,UTA,C,30.0,9.0,522.0,9.4,0.59,0.74,0.135,6.9,18.3,12.7,5.9,0.9,2.0,16.6,10.6,0.3,0.2,0.5,0.049,-2.2,-0.5,-2.8,-0.1,
331.0,Svi Mykhailiuk,27.0,UTA,SF,26.0,12.0,515.0,10.1,0.522,0.683,0.107,3.0,9.8,6.4,14.6,1.5,1.1,14.6,22.2,-0.3,0.1,-0.1,-0.013,-1.4,-1.9,-3.3,-0.2,
332.0,Pelle Larsson,23.0,MIA,SG,40.0,2.0,513.0,9.0,0.551,0.492,0.305,3.7,9.3,6.5,10.5,1.5,0.8,8.8,13.8,0.4,0.5,0.8,0.077,-4.4,0.2,-4.2,-0.3,
333.0,Adem Bona,21.0,PHI,C,44.0,1.0,504.0,13.1,0.68,0.0,0.631,11.1,20.0,15.4,3.9,1.1,7.4,23.0,12.1,0.5,0.5,1.0,0.097,-4.6,0.1,-4.5,-0.3,
334.0,Jared Butler,24.0,2TM,SG,41.0,1.0,502.0,17.2,0.557,0.283,0.249,3.8,9.7,6.7,38.5,1.5,1.5,14.3,25.4,0.6,0.2,0.8,0.076,1.7,-1.3,0.4,0.3,
334.0,Jared Butler,24.0,WAS,PG,32.0,0.0,362.0,17.7,0.562,0.233,0.256,4.0,7.9,5.9,38.7,1.6,1.2,12.9,26.0,0.5,0.1,0.6,0.082,2.2,-1.2,1.0,0.3,
334.0,Jared Butler,24.0,PHI,SG,9.0,1.0,140.0,15.9,0.542,0.439,0.228,3.1,14.6,8.6,38.2,1.4,2.2,18.2,24.0,0.1,0.1,0.2,0.06,0.4,-1.4,-0.9,0.0,
335.0,Tosan Evbuomwan,23.0,BRK,SF,21.0,0.0,501.0,10.7,0.529,0.335,0.323,5.5,14.4,9.8,10.4,1.6,1.4,14.2,19.1,-0.1,0.4,0.3,0.028,-3.4,-0.6,-4.1,-0.3,
336.0,Chet Holmgren,22.0,OKC,C,19.0,19.0,500.0,21.6,0.605,0.33,0.395,7.3,26.5,17.1,10.0,1.6,10.6,13.3,23.0,0.7,1.3,2.0,0.196,1.3,2.9,4.1,0.8,
337.0,Josh Okogie,26.0,2TM,SG,32.0,2.0,500.0,16.7,0.581,0.389,0.305,9.2,11.8,10.5,7.2,3.9,2.8,11.7,18.7,0.5,0.6,1.1,0.108,0.1,1.7,1.8,0.5,
337.0,Josh Okogie,26.0,PHO,SG,25.0,1.0,351.0,15.8,0.586,0.368,0.281,10.5,12.1,11.4,5.8,2.9,2.6,11.1,18.1,0.4,0.3,0.7,0.095,0.1,0.2,0.3,0.2,
337.0,Josh Okogie,26.0,CHO,SG,7.0,1.0,149.0,18.9,0.57,0.434,0.358,6.2,11.0,8.5,10.5,6.3,3.3,12.8,19.9,0.1,0.3,0.4,0.139,0.2,5.3,5.5,0.3,
338.0,Gary Harris,30.0,ORL,SG,32.0,2.0,493.0,6.1,0.493,0.766,0.106,3.5,6.0,4.7,4.8,1.8,1.6,10.9,9.8,-0.1,0.6,0.5,0.048,-4.3,0.9,-3.3,-0.2,
339.0,Trendon Watford,24.0,BRK,PF,27.0,0.0,491.0,12.9,0.547,0.278,0.318,4.7,17.1,10.7,18.8,1.8,1.4,16.6,24.1,-0.1,0.5,0.3,0.034,-2.8,-0.6,-3.3,-0.2,
340.0,Ryan Rollins,22.0,MIL,PG,40.0,8.0,490.0,12.8,0.562,0.426,0.142,3.6,10.3,7.1,14.6,2.7,2.5,15.5,18.9,0.1,0.7,0.8,0.075,-2.4,1.3,-1.1,0.1,
341.0,Rob Dillingham,20.0,MIN,PG,40.0,1.0,481.0,11.1,0.513,0.352,0.075,2.8,7.7,5.3,30.0,1.8,0.2,18.9,22.9,-0.2,0.5,0.2,0.023,-2.5,-1.1,-3.6,-0.2,
342.0,Grant Williams,26.0,CHO,PF,16.0,7.0,479.0,11.6,0.596,0.602,0.301,3.9,14.7,9.1,11.3,1.8,2.7,16.7,14.7,0.3,0.5,0.8,0.079,-2.3,0.7,-1.5,0.1,
343.0,Jae'Sean Tate,29.0,HOU,SF,42.0,2.0,478.0,11.5,0.528,0.274,0.347,8.5,12.3,10.3,10.3,2.4,0.6,11.2,13.8,0.5,0.7,1.2,0.12,-3.1,1.6,-1.5,0.1,
344.0,KJ Simpson,22.0,CHO,PG,23.0,4.0,470.0,8.5,0.426,0.42,0.21,6.1,8.9,7.4,19.1,2.0,0.8,14.3,20.1,-0.6,0.3,-0.2,-0.022,-4.5,-0.7,-5.2,-0.4,
345.0,Caleb Houstan,22.0,ORL,SF,41.0,5.0,467.0,5.9,0.496,0.868,0.096,3.0,7.1,4.9,4.9,0.9,0.6,4.0,11.6,0.1,0.4,0.5,0.055,-4.4,-0.8,-5.2,-0.4,
346.0,Karlo Matković,23.0,NOP,PF,27.0,3.0,463.0,13.7,0.611,0.322,0.235,9.2,19.5,14.1,7.9,1.4,5.7,16.5,13.8,0.4,0.3,0.8,0.082,-2.9,0.0,-2.9,-0.1,
347.0,Larry Nance Jr.,32.0,ATL,PF,24.0,3.0,463.0,16.0,0.632,0.49,0.084,5.2,19.3,12.0,11.5,2.0,2.6,9.1,15.6,0.8,0.5,1.2,0.129,1.0,0.6,1.6,0.4,
348.0,Pat Connaughton,32.0,MIL,SG,31.0,0.0,459.0,10.1,0.539,0.534,0.147,4.1,14.6,9.6,14.6,0.6,1.8,13.3,13.5,0.3,0.4,0.7,0.074,-1.9,-0.5,-2.4,0.0,
349.0,Kessler Edwards,24.0,DAL,SF,34.0,12.0,444.0,10.2,0.529,0.412,0.052,4.2,15.6,10.0,10.8,1.6,2.9,10.0,10.6,0.3,0.5,0.8,0.082,-2.6,0.9,-1.7,0.0,
350.0,Richaun Holmes,31.0,WAS,PF,24.0,7.0,430.0,19.5,0.714,0.028,0.443,11.2,22.8,17.0,12.8,0.7,4.0,12.4,14.1,1.3,0.3,1.6,0.177,1.1,0.3,1.3,0.4,
351.0,Zeke Nnaji,24.0,DEN,PF,43.0,3.0,428.0,12.2,0.6,0.359,0.282,5.6,10.5,8.2,3.1,1.6,5.2,4.9,12.0,0.6,0.4,1.0,0.109,-2.0,0.3,-1.8,0.0,
352.0,Keaton Wallace,25.0,ATL,PG,27.0,3.0,424.0,9.9,0.546,0.535,0.087,1.5,7.9,4.6,17.4,2.4,1.7,17.5,15.4,0.0,0.3,0.3,0.038,-3.1,0.9,-2.2,0.0,
353.0,John Konchar,28.0,MEM,SG,33.0,4.0,420.0,10.5,0.543,0.694,0.083,7.4,20.6,14.1,8.5,1.8,2.6,15.8,8.4,0.3,0.6,0.9,0.106,-1.5,1.5,0.0,0.2,
354.0,Delon Wright,32.0,2TM,PG,29.0,2.0,418.0,7.7,0.372,0.595,0.238,4.0,7.9,6.0,14.6,2.8,2.2,13.1,11.1,-0.3,0.5,0.3,0.03,-4.1,1.6,-2.5,-0.1,
354.0,Delon Wright,32.0,MIL,PG,26.0,2.0,405.0,7.4,0.365,0.598,0.195,4.1,7.9,6.1,14.5,2.7,2.1,13.6,11.1,-0.3,0.5,0.2,0.026,-4.2,1.5,-2.8,-0.1,
354.0,Delon Wright,32.0,NYK,PG,3.0,0.0,13.0,18.3,0.532,0.5,2.0,0.0,8.7,4.4,18.7,3.8,7.1,0.0,12.5,0.0,0.0,0.0,0.177,1.6,3.9,5.6,0.0,
355.0,Quinten Post,24.0,GSW,PF,26.0,9.0,410.0,15.9,0.596,0.599,0.099,6.5,19.6,12.8,14.4,1.2,2.3,10.0,20.4,0.6,0.5,1.1,0.133,1.1,0.1,1.2,0.3,
356.0,Jordan Miller,25.0,LAC,SF,33.0,0.0,404.0,10.8,0.505,0.285,0.254,6.4,9.7,8.1,11.6,2.1,1.2,14.2,18.1,-0.1,0.5,0.4,0.049,-2.8,0.2,-2.6,-0.1,
357.0,Orlando Robinson,24.0,2TM,C,29.0,3.0,397.0,11.3,0.497,0.202,0.316,11.2,18.2,14.6,12.2,1.7,2.4,17.2,16.7,0.0,0.4,0.4,0.046,-3.9,0.3,-3.6,-0.2,
357.0,Orlando Robinson,24.0,SAC,C,9.0,0.0,57.0,12.1,0.473,0.294,0.412,5.8,21.4,13.6,20.5,2.6,1.7,16.6,18.1,0.0,0.1,0.1,0.053,-4.1,1.3,-2.8,0.0,
357.0,Orlando Robinson,24.0,TOR,C,20.0,3.0,340.0,11.2,0.501,0.186,0.299,12.1,17.6,14.8,10.8,1.6,2.5,17.3,16.5,0.0,0.3,0.3,0.045,-3.9,0.1,-3.8,-0.2,
358.0,Ousmane Dieng,21.0,OKC,C,34.0,1.0,395.0,11.6,0.538,0.577,0.13,4.7,16.4,10.6,9.6,2.1,1.8,12.2,15.9,0.1,0.7,0.9,0.106,-2.1,1.0,-1.1,0.1,
359.0,Bol Bol,25.0,PHO,PF,28.0,9.0,387.0,18.6,0.622,0.516,0.151,5.4,21.7,13.9,7.3,0.8,5.5,8.6,21.2,0.5,0.3,0.8,0.101,1.6,-1.1,0.5,0.2,
360.0,Reggie Jackson,34.0,PHI,PG,31.0,1.0,384.0,9.9,0.496,0.556,0.068,2.3,10.6,6.3,17.3,2.1,0.8,11.0,17.6,0.0,0.2,0.2,0.021,-3.1,-0.8,-3.9,-0.2,
361.0,David Roddy,23.0,2TM,PF,30.0,3.0,375.0,12.4,0.575,0.482,0.196,3.7,19.8,11.5,12.0,1.8,2.0,14.7,15.7,0.2,0.4,0.5,0.067,-1.4,0.3,-1.0,0.1,
361.0,David Roddy,23.0,ATL,PF,27.0,3.0,346.0,11.8,0.594,0.462,0.237,3.3,19.0,11.0,11.4,1.6,2.1,16.3,14.5,0.2,0.3,0.5,0.069,-1.8,0.4,-1.4,0.1,
361.0,David Roddy,23.0,PHI,PF,3.0,0.0,29.0,19.3,0.474,0.579,0.0,7.6,29.0,17.8,19.2,3.4,0.0,5.0,30.2,0.0,0.0,0.0,0.042,3.1,-0.5,2.6,0.0,
362.0,Trevelin Queen,27.0,ORL,SG,26.0,2.0,373.0,9.5,0.448,0.524,0.121,5.8,7.3,6.5,13.3,3.3,2.6,13.3,17.6,-0.4,0.6,0.3,0.035,-4.0,2.1,-1.9,0.0,
363.0,Jaylon Tyson,22.0,CLE,SG,40.0,2.0,366.0,11.3,0.555,0.382,0.176,9.2,14.1,11.7,13.0,1.2,0.5,14.7,15.0,0.4,0.4,0.8,0.111,-2.0,-0.3,-2.3,0.0,
364.0,Charles Bassey,24.0,SAS,C,34.0,1.0,363.0,19.8,0.601,0.0,0.284,16.5,27.5,22.1,6.9,1.9,7.0,15.0,18.0,0.5,0.6,1.1,0.144,-1.3,0.6,-0.7,0.1,
365.0,Jaylen Clark,23.0,MIN,SG,24.0,4.0,359.0,10.8,0.582,0.464,0.214,5.3,4.3,4.8,5.3,3.3,0.3,4.2,11.6,0.5,0.5,1.0,0.128,-3.3,2.3,-1.0,0.1,
366.0,Jeff Dowtin,27.0,PHI,PG,31.0,0.0,356.0,12.8,0.516,0.295,0.223,1.8,10.8,6.1,19.9,1.4,1.4,4.7,15.9,0.4,0.1,0.6,0.076,-1.0,-0.5,-1.5,0.0,
367.0,Sandro Mamukelashvili,25.0,SAS,PF,41.0,0.0,353.0,19.7,0.656,0.604,0.246,7.3,21.2,14.3,9.4,1.9,2.7,8.6,19.6,0.8,0.4,1.2,0.16,3.1,0.2,3.3,0.5,
368.0,Landry Shamet,27.0,NYK,SG,31.0,0.0,353.0,8.5,0.572,0.596,0.096,1.6,6.4,4.0,6.2,1.8,0.5,10.9,13.5,0.1,0.2,0.3,0.045,-2.9,0.1,-2.8,-0.1,
369.0,Craig Porter Jr.,24.0,CLE,PG,40.0,0.0,352.0,13.8,0.65,0.353,0.153,3.2,10.1,6.8,18.9,1.8,3.0,20.9,13.9,0.5,0.5,0.9,0.129,0.6,1.4,2.0,0.4,
370.0,Mo Bamba,26.0,LAC,C,28.0,2.0,352.0,14.5,0.561,0.485,0.243,8.3,29.9,19.1,6.4,1.3,8.0,14.3,16.4,0.1,0.8,0.9,0.12,-2.7,2.3,-0.4,0.1,
371.0,Dillon Jones,23.0,OKC,SF,38.0,0.0,351.0,7.3,0.413,0.521,0.213,7.1,16.1,11.7,13.0,1.1,0.9,12.7,14.2,-0.2,0.6,0.4,0.053,-4.5,-0.2,-4.8,-0.2,
372.0,Robert Williams,27.0,POR,C,20.0,3.0,351.0,19.0,0.679,0.038,0.218,10.7,26.2,18.3,8.6,1.8,8.6,16.6,12.2,0.6,0.6,1.3,0.171,-0.1,3.0,2.9,0.4,
373.0,Dwight Powell,33.0,DAL,C,40.0,2.0,343.0,14.0,0.74,0.03,0.939,10.6,15.5,13.1,12.4,1.7,4.8,20.5,7.3,0.8,0.4,1.2,0.166,-1.6,2.3,0.7,0.2,
374.0,Jock Landale,29.0,HOU,C,32.0,1.0,343.0,14.2,0.525,0.151,0.321,12.1,18.7,15.3,10.4,0.9,2.4,11.0,16.3,0.4,0.5,0.9,0.124,-1.0,0.3,-0.7,0.1,
375.0,GG Jackson II,20.0,MEM,PF,21.0,0.0,342.0,9.9,0.513,0.503,0.248,6.3,13.7,10.0,8.3,0.8,1.3,13.9,21.8,-0.1,0.3,0.2,0.025,-2.4,-2.3,-4.8,-0.2,
376.0,Jordan Walsh,20.0,BOS,PF,42.0,1.0,340.0,7.5,0.491,0.672,0.188,6.1,11.2,8.6,6.0,1.5,2.4,13.7,10.3,0.0,0.4,0.5,0.065,-3.7,0.6,-3.1,-0.1,
377.0,Jalen Pickett,25.0,DEN,SG,31.0,0.0,340.0,10.7,0.548,0.526,0.021,1.7,9.2,5.6,19.7,1.0,0.8,11.1,13.4,0.4,0.2,0.5,0.076,-1.0,-1.1,-2.1,0.0,
378.0,Paul Reed,25.0,DET,C,36.0,0.0,337.0,21.3,0.607,0.189,0.306,11.0,19.6,15.3,14.8,4.8,5.4,12.5,18.0,0.7,0.8,1.5,0.218,0.4,4.6,4.9,0.6,
379.0,Trey Jemison,25.0,2TM,C,30.0,0.0,320.0,9.5,0.528,0.0,0.484,11.8,16.8,14.4,5.9,1.2,3.5,17.1,12.6,0.1,0.3,0.3,0.049,-5.9,-0.3,-6.2,-0.3,
379.0,Trey Jemison,25.0,NOP,C,16.0,0.0,166.0,9.4,0.461,0.0,0.656,13.7,14.7,14.2,8.0,2.0,3.4,19.5,13.0,-0.1,0.1,0.0,0.011,-5.8,-0.4,-6.2,-0.2,
379.0,Trey Jemison,25.0,LAL,C,14.0,0.0,154.0,9.6,0.604,0.0,0.313,9.8,19.1,14.6,3.6,0.3,3.6,14.2,12.1,0.1,0.2,0.3,0.089,-6.1,-0.1,-6.2,-0.2,
380.0,Blake Wesley,21.0,SAS,SG,39.0,0.0,319.0,11.1,0.525,0.272,0.293,2.0,6.3,4.2,30.1,2.3,0.8,22.4,17.9,0.0,0.2,0.1,0.019,-3.0,-0.7,-3.6,-0.1,
381.0,Tre Mann,23.0,CHO,PG,13.0,0.0,319.0,13.5,0.537,0.373,0.13,3.9,8.9,6.3,21.3,1.1,1.3,12.8,25.8,0.0,0.2,0.2,0.03,-0.5,-1.9,-2.4,0.0,
382.0,Hunter Tyson,24.0,DEN,PF,42.0,0.0,311.0,6.5,0.505,0.662,0.311,5.2,15.5,10.6,5.2,0.8,1.4,13.4,13.2,0.0,0.2,0.2,0.026,-4.7,-1.8,-6.5,-0.4,
383.0,Antonio Reeves,24.0,NOP,SG,29.0,0.0,308.0,11.5,0.543,0.54,0.097,4.0,7.2,5.6,10.8,1.6,0.6,8.5,17.6,0.2,0.0,0.2,0.032,-0.8,-1.8,-2.6,0.0,
384.0,Rayan Rupert,20.0,POR,SG,41.0,0.0,307.0,7.2,0.49,0.451,0.244,7.3,9.0,8.2,8.0,1.3,0.6,17.3,15.0,-0.2,0.2,0.0,0.0,-3.7,-1.5,-5.1,-0.2,
385.0,Taj Gibson,39.0,CHO,C,27.0,11.0,306.0,11.1,0.519,0.029,0.229,13.7,19.7,16.6,7.7,1.3,3.9,20.6,13.4,0.0,0.3,0.4,0.055,-5.2,0.1,-5.0,-0.2,
386.0,Malaki Branham,21.0,SAS,SG,37.0,0.0,305.0,9.0,0.552,0.479,0.168,1.1,12.1,6.6,12.2,1.1,0.6,18.0,21.8,-0.3,0.1,-0.2,-0.031,-3.0,-1.9,-4.9,-0.2,
387.0,Jamal Cain,25.0,NOP,SF,26.0,0.0,304.0,9.8,0.508,0.584,0.312,6.8,12.8,9.7,7.0,2.1,2.2,12.1,13.8,0.0,0.1,0.2,0.028,-3.1,-0.4,-3.5,-0.1,
388.0,Wendell Moore Jr.,23.0,2TM,SG,25.0,1.0,304.0,11.7,0.538,0.269,0.218,7.4,15.2,11.3,11.3,1.7,1.3,13.2,13.7,0.2,0.3,0.6,0.09,-2.0,0.2,-1.8,0.0,
388.0,Wendell Moore Jr.,23.0,DET,SG,20.0,1.0,219.0,12.5,0.561,0.28,0.28,5.6,16.5,11.2,13.5,2.2,1.3,13.8,12.5,0.2,0.3,0.5,0.117,-1.8,1.6,-0.1,0.1,
388.0,Wendell Moore Jr.,23.0,CHO,SG,5.0,0.0,85.0,9.9,0.495,0.25,0.107,12.1,11.6,11.9,5.4,0.6,1.2,12.0,16.6,0.0,0.0,0.0,0.02,-2.7,-3.4,-6.1,-0.1,
389.0,Terrence Shannon Jr. ,24.0,MIN,SG,26.0,1.0,298.0,13.1,0.571,0.278,0.194,3.7,11.7,7.8,13.8,1.0,1.6,10.7,19.1,0.3,0.3,0.6,0.095,-1.1,-0.3,-1.5,0.0,
390.0,Jarred Vanderbilt,25.0,LAL,PF,18.0,1.0,298.0,13.9,0.541,0.367,0.317,13.3,24.1,18.9,8.9,3.1,1.9,14.9,11.8,0.3,0.5,0.8,0.136,-1.9,1.9,0.1,0.2,
391.0,Alex Len,31.0,2TM,C,40.0,3.0,298.0,12.1,0.541,0.13,0.283,10.1,17.0,13.6,13.3,1.3,6.2,17.5,9.0,0.3,0.4,0.7,0.117,-2.6,2.1,-0.5,0.1,
391.0,Alex Len,31.0,SAC,C,36.0,3.0,258.0,13.1,0.557,0.146,0.317,10.8,16.7,13.8,14.4,1.5,6.7,19.1,9.6,0.3,0.3,0.7,0.126,-2.1,2.4,0.4,0.2,
391.0,Alex Len,31.0,LAL,C,4.0,0.0,40.0,5.8,0.4,0.0,0.0,5.8,19.1,12.7,6.2,0.0,2.3,0.0,5.5,0.0,0.0,0.1,0.064,-5.9,-0.4,-6.4,0.0,
392.0,Dante Exum,29.0,DAL,PG,15.0,9.0,292.0,14.0,0.57,0.377,0.264,1.5,7.6,4.6,22.4,1.8,0.9,11.9,19.7,0.4,0.2,0.6,0.091,-1.0,-0.7,-1.7,0.0,
393.0,Reece Beekman,23.0,2TM,PG,27.0,0.0,291.0,5.0,0.362,0.403,0.164,1.9,6.2,3.9,16.6,3.3,0.7,18.2,13.2,-0.5,0.3,-0.3,-0.041,-7.6,1.0,-6.6,-0.3,
393.0,Reece Beekman,23.0,GSW,PG,2.0,0.0,4.0,42.2,1.0,0.0,0.0,25.7,0.0,13.3,41.5,12.1,0.0,0.0,10.5,0.0,0.0,0.0,0.592,9.9,16.1,26.0,0.0,
393.0,Reece Beekman,23.0,BRK,PG,25.0,0.0,287.0,4.5,0.353,0.409,0.167,1.5,6.3,3.8,16.2,3.1,0.7,18.4,13.2,-0.6,0.3,-0.3,-0.05,-7.8,0.8,-7.1,-0.4,
394.0,Patty Mills,36.0,2TM,PG,22.0,0.0,286.0,6.2,0.477,0.776,0.082,1.2,6.7,4.0,11.4,2.2,1.0,16.2,15.4,-0.3,0.1,-0.2,-0.026,-4.4,-0.1,-4.5,-0.2,
394.0,Patty Mills,36.0,UTA,PG,17.0,0.0,260.0,6.3,0.473,0.75,0.066,1.3,7.4,4.4,11.0,2.2,1.1,17.0,15.1,-0.3,0.1,-0.2,-0.033,-4.3,0.0,-4.3,-0.2,
394.0,Patty Mills,36.0,LAC,PG,5.0,0.0,26.0,5.8,0.506,1.0,0.222,0.0,0.0,0.0,15.8,1.9,0.0,9.2,18.2,0.0,0.0,0.0,0.046,-5.5,-0.6,-6.1,0.0,
395.0,Cory Joseph,33.0,ORL,PG,35.0,1.0,278.0,8.4,0.496,0.722,0.083,2.3,9.3,5.6,16.1,2.2,1.0,13.9,13.6,0.0,0.4,0.3,0.058,-3.8,0.7,-3.1,-0.1,
396.0,Doug McDermott,33.0,SAC,SF,34.0,3.0,277.0,8.6,0.621,0.852,0.057,0.8,6.4,3.6,1.9,0.7,0.7,6.2,14.8,0.2,0.1,0.3,0.059,-1.8,-2.2,-4.0,-0.1,
397.0,Jeff Green,38.0,HOU,PF,22.0,2.0,268.0,14.2,0.653,0.595,0.214,3.1,11.3,7.1,5.3,0.9,1.3,6.1,15.0,0.6,0.3,0.9,0.16,0.3,0.2,0.4,0.2,
398.0,Dru Smith,27.0,MIA,SG,14.0,1.0,268.0,13.3,0.656,0.492,0.197,5.0,9.7,7.4,12.3,3.9,2.2,20.4,13.8,0.2,0.4,0.6,0.116,-1.4,3.4,2.0,0.3,
399.0,Quenton Jackson,26.0,IND,PG,19.0,7.0,267.0,12.6,0.583,0.313,0.263,4.7,7.5,6.1,17.0,1.8,1.7,12.7,16.6,0.3,0.2,0.5,0.091,-2.0,-0.4,-2.4,0.0,
400.0,Elfrid Payton,30.0,2TM,PG,13.0,5.0,267.0,8.7,0.39,0.015,0.03,2.3,12.9,7.4,35.9,2.9,2.2,28.5,15.0,-0.4,0.2,-0.2,-0.032,-5.8,0.4,-5.4,-0.2,
400.0,Elfrid Payton,30.0,NOP,PG,7.0,3.0,144.0,14.7,0.501,0.022,0.043,3.6,14.7,8.9,48.6,3.4,2.0,29.9,19.5,-0.1,0.1,0.0,0.009,-2.3,0.2,-2.0,0.0,
400.0,Elfrid Payton,30.0,CHO,PG,6.0,2.0,123.0,1.7,0.143,0.0,0.0,0.8,10.7,5.6,21.1,2.4,2.4,25.0,9.6,-0.3,0.1,-0.2,-0.08,-9.9,0.6,-9.3,-0.2,
401.0,Isaiah Wong,24.0,CHO,SG,20.0,0.0,265.0,11.0,0.5,0.314,0.324,5.4,7.5,6.4,16.5,2.0,0.0,13.0,22.0,-0.1,0.2,0.1,0.02,-2.9,-1.1,-4.0,-0.1,
402.0,Brandon Williams,25.0,DAL,PG,23.0,1.0,264.0,16.3,0.611,0.396,0.302,1.7,10.9,6.3,23.0,2.0,0.7,14.2,20.6,0.4,0.2,0.6,0.117,0.1,-0.2,-0.1,0.1,
403.0,Vince Williams Jr.,24.0,MEM,SG,14.0,2.0,261.0,10.2,0.51,0.515,0.182,6.2,14.7,10.5,13.7,1.4,1.0,15.8,19.4,0.0,0.3,0.2,0.044,-2.0,-0.2,-2.3,0.0,
404.0,Mouhamed Gueye,22.0,ATL,PF,16.0,12.0,256.0,12.4,0.501,0.5,0.144,4.5,17.0,10.6,5.8,2.9,5.7,7.7,16.6,0.0,0.4,0.3,0.065,-2.9,2.1,-0.8,0.1,
405.0,Damion Baugh,24.0,CHO,SG,10.0,1.0,254.0,7.8,0.426,0.461,0.124,2.8,7.8,5.2,22.3,2.5,0.4,16.1,18.6,-0.3,0.2,-0.1,-0.026,-5.0,-0.3,-5.3,-0.2,
406.0,Johnny Furphy,20.0,IND,SG,39.0,0.0,253.0,8.2,0.5,0.569,0.155,7.7,10.1,8.9,4.8,1.9,2.9,12.7,12.2,0.0,0.2,0.2,0.045,-3.1,-0.2,-3.3,-0.1,
407.0,Christian Koloko,24.0,LAL,C,29.0,0.0,246.0,13.8,0.677,0.047,0.186,13.2,15.9,14.6,6.6,1.4,3.0,13.1,9.6,0.5,0.3,0.8,0.16,-2.0,0.3,-1.7,0.0,
408.0,Kevin Love,36.0,MIA,PF,22.0,9.0,246.0,16.6,0.488,0.583,0.2,9.9,31.7,20.9,13.8,3.0,1.6,10.1,25.1,-0.1,0.5,0.4,0.082,-0.1,0.6,0.5,0.2,
409.0,Duop Reath,28.0,POR,C,33.0,0.0,244.0,12.6,0.542,0.713,0.161,7.0,12.7,9.8,7.7,1.4,2.6,8.8,17.5,0.2,0.2,0.4,0.081,-0.2,-0.3,-0.5,0.1,
410.0,Johnny Davis,22.0,WAS,SG,34.0,0.0,242.0,10.2,0.473,0.372,0.192,4.3,12.2,8.2,6.6,2.9,2.2,7.6,15.8,-0.1,0.2,0.1,0.013,-3.5,0.7,-2.8,0.0,
411.0,Kai Jones,24.0,2TM,C,29.0,0.0,242.0,15.8,0.773,0.043,0.348,7.9,17.0,12.5,5.8,1.2,5.8,17.2,11.5,0.5,0.4,0.8,0.166,-1.2,2.0,0.8,0.2,
411.0,Kai Jones,24.0,LAC,C,28.0,0.0,208.0,14.5,0.739,0.056,0.333,8.1,16.7,12.4,6.7,1.4,6.3,19.5,10.7,0.3,0.3,0.7,0.156,-2.1,2.5,0.4,0.1,
411.0,Kai Jones,24.0,DAL,C,1.0,0.0,34.0,24.0,0.893,0.0,0.4,6.5,18.8,12.7,0.0,0.0,2.5,7.8,16.1,0.1,0.0,0.2,0.228,4.3,-1.5,2.8,0.0,
412.0,Tristan Thompson,33.0,CLE,C,33.0,0.0,237.0,8.8,0.407,0.057,0.415,10.4,31.0,21.1,10.6,0.2,3.0,14.9,13.2,-0.1,0.4,0.3,0.055,-4.8,0.3,-4.5,-0.2,
413.0,Josh Minott,22.0,MIN,SF,37.0,0.0,232.0,12.7,0.533,0.446,0.176,4.3,13.2,8.8,8.7,2.8,4.8,10.1,16.6,0.1,0.4,0.5,0.101,-2.7,2.8,0.1,0.1,
414.0,Isaac Jones,24.0,SAC,PF,27.0,0.0,229.0,13.5,0.67,0.066,0.426,6.8,11.6,9.2,4.9,0.6,3.4,14.2,15.8,0.3,0.2,0.5,0.097,-2.2,-0.8,-3.0,-0.1,
415.0,Jevon Carter,29.0,CHI,PG,29.0,0.0,225.0,13.0,0.539,0.723,0.106,0.9,12.0,6.5,18.5,1.9,0.8,8.4,20.0,0.1,0.2,0.3,0.061,-0.5,-1.2,-1.7,0.0,
416.0,Bones Hyland,24.0,LAC,PG,20.0,0.0,222.0,16.5,0.569,0.696,0.226,2.5,9.6,6.1,19.7,4.0,1.8,16.0,29.4,0.0,0.4,0.4,0.087,1.3,1.8,3.0,0.3,
417.0,Anthony Gill,32.0,WAS,PF,39.0,0.0,218.0,9.8,0.61,0.356,0.667,2.9,12.6,7.7,4.5,1.3,0.8,9.3,12.3,0.2,0.1,0.3,0.058,-2.9,-0.9,-3.8,-0.1,
418.0,Ariel Hukporti,22.0,NYK,C,25.0,1.0,217.0,7.6,0.654,0.0,0.419,7.5,19.2,13.4,6.3,0.2,6.4,36.4,11.5,-0.2,0.2,0.1,0.017,-6.4,0.7,-5.7,-0.2,
419.0,Kobe Brown,25.0,LAC,PF,28.0,0.0,213.0,12.1,0.531,0.333,0.083,9.0,18.9,14.0,11.3,0.9,1.4,10.1,14.1,0.2,0.3,0.5,0.103,-1.8,-0.1,-1.9,0.0,
420.0,Jordan McLaughlin,28.0,2TM,PG,35.0,0.0,210.0,11.8,0.575,0.592,0.388,2.1,9.0,5.5,19.8,2.8,0.0,16.1,13.9,0.2,0.2,0.4,0.097,-2.2,0.5,-1.7,0.0,
420.0,Jordan McLaughlin,28.0,SAC,PG,28.0,0.0,190.0,9.3,0.519,0.591,0.364,2.3,9.9,6.1,15.6,2.8,0.0,17.7,14.0,0.0,0.2,0.2,0.05,-3.9,0.4,-3.5,-0.1,
420.0,Jordan McLaughlin,28.0,SAS,PG,7.0,0.0,20.0,35.7,1.028,0.6,0.6,0.0,0.0,0.0,60.2,2.4,0.0,0.0,13.5,0.2,0.0,0.2,0.539,14.0,2.0,16.0,0.1,
421.0,Jaden Springer,22.0,2TM,SG,32.0,0.0,208.0,11.7,0.542,0.531,0.551,3.7,12.5,8.1,12.1,3.6,0.9,12.9,14.5,0.2,0.3,0.5,0.105,-3.9,2.8,-1.1,0.0,
421.0,Jaden Springer,22.0,BOS,SG,26.0,0.0,141.0,12.1,0.52,0.559,0.618,3.1,15.4,9.2,9.1,4.2,0.6,8.5,14.6,0.1,0.3,0.4,0.131,-4.4,3.9,-0.4,0.1,
421.0,Jaden Springer,22.0,UTA,PG,6.0,0.0,67.0,10.8,0.595,0.467,0.4,4.9,6.4,5.7,18.4,2.2,1.4,22.1,14.1,0.0,0.0,0.1,0.05,-2.9,0.5,-2.4,0.0,
422.0,Xavier Tillman Sr.,26.0,BOS,C,29.0,1.0,207.0,2.7,0.32,0.587,0.043,4.7,15.2,10.0,4.2,2.2,2.2,20.4,12.4,-0.5,0.3,-0.2,-0.049,-7.9,0.1,-7.7,-0.3,
423.0,Pat Spencer,28.0,GSW,PG,30.0,0.0,205.0,12.2,0.436,0.202,0.179,7.5,14.5,10.9,26.8,2.6,1.4,14.2,21.6,-0.1,0.3,0.2,0.039,-3.2,1.1,-2.0,0.0,
424.0,Dario Šarić,30.0,DEN,C,15.0,4.0,203.0,7.4,0.43,0.464,0.179,7.9,18.1,13.2,12.7,1.7,0.4,18.8,15.5,-0.2,0.2,0.0,-0.001,-4.4,-0.5,-4.8,-0.1,
425.0,Bismack Biyombo,32.0,SAS,C,11.0,10.0,195.0,16.0,0.64,0.0,0.265,10.4,21.6,16.0,8.9,1.7,4.5,15.5,14.1,0.2,0.2,0.5,0.114,-2.2,0.0,-2.2,0.0,
426.0,Devin Carter,22.0,SAC,PG,20.0,0.0,194.0,12.7,0.486,0.493,0.347,5.7,20.5,13.1,16.5,1.3,1.5,9.4,21.0,0.1,0.2,0.2,0.062,-1.7,-1.0,-2.6,0.0,
427.0,Luka Garza,26.0,MIN,C,31.0,0.0,188.0,18.0,0.551,0.352,0.352,17.8,11.0,14.4,6.9,1.6,1.5,9.0,25.7,0.3,0.2,0.5,0.131,-1.4,-2.3,-3.7,-0.1,
428.0,Tristan Vukcevic,21.0,WAS,C,20.0,0.0,186.0,17.8,0.605,0.5,0.317,6.7,23.3,15.0,14.2,1.3,3.4,13.8,24.4,0.2,0.2,0.3,0.086,0.4,-0.4,0.0,0.1,
429.0,Marvin Bagley III,25.0,2TM,PF,21.0,1.0,183.0,18.5,0.577,0.164,0.315,15.4,17.9,16.6,6.5,1.8,2.5,11.7,21.5,0.2,0.1,0.3,0.09,0.7,-1.9,-1.1,0.0,
429.0,Marvin Bagley III,25.0,WAS,C,19.0,1.0,166.0,19.9,0.573,0.141,0.324,17.0,18.4,17.7,7.1,2.0,2.7,11.9,23.2,0.2,0.1,0.3,0.091,1.0,-2.0,-1.0,0.0,
429.0,Marvin Bagley III,25.0,MEM,PF,2.0,0.0,17.0,4.9,0.75,1.0,0.0,0.0,12.2,6.2,0.0,0.0,0.0,0.0,4.7,0.0,0.0,0.0,0.072,-2.1,-0.5,-2.7,0.0,
430.0,Torrey Craig,34.0,2TM,SF,15.0,2.0,175.0,17.0,0.659,0.738,0.131,9.8,12.6,11.2,6.5,0.5,2.6,1.5,15.9,0.5,0.1,0.6,0.178,2.9,-1.0,2.0,0.2,
430.0,Torrey Craig,34.0,CHI,SF,9.0,1.0,113.0,17.2,0.663,0.778,0.089,7.5,15.6,11.6,6.4,0.8,0.8,0.0,17.3,0.3,0.1,0.4,0.165,3.3,-1.3,2.0,0.1,
430.0,Torrey Craig,34.0,BOS,SF,6.0,1.0,62.0,16.7,0.648,0.625,0.25,14.0,7.0,10.5,6.6,0.0,5.9,5.3,13.2,0.2,0.1,0.3,0.2,2.2,-0.3,1.9,0.1,
431.0,Jaylen Nowell,25.0,NOP,SG,8.0,0.0,168.0,7.6,0.43,0.37,0.151,3.7,9.3,6.4,15.5,0.3,2.3,9.3,21.5,-0.2,0.0,-0.2,-0.067,-3.2,-2.6,-5.8,-0.2,
432.0,Lonnie Walker IV,26.0,PHI,SG,8.0,0.0,162.0,11.1,0.507,0.636,0.136,2.0,17.8,9.6,13.0,1.2,1.9,11.4,21.4,-0.1,0.1,0.0,0.007,-1.5,-2.4,-3.9,-0.1,
433.0,Killian Hayes,23.0,BRK,PG,6.0,5.0,162.0,12.8,0.559,0.488,0.279,3.4,9.6,6.4,28.7,1.2,2.5,15.7,15.5,0.2,0.1,0.3,0.096,-0.5,-0.3,-0.8,0.0,
434.0,Dominick Barlow,21.0,ATL,SF,19.0,3.0,153.0,12.6,0.552,0.286,0.204,6.2,15.3,10.6,3.6,1.2,4.2,3.6,14.8,0.1,0.1,0.3,0.087,-2.0,-0.7,-2.7,0.0,
435.0,Jordan Goodwin,26.0,LAL,PG,9.0,0.0,151.0,14.7,0.581,0.413,0.065,10.8,13.7,12.3,7.6,3.6,1.2,14.5,16.1,0.1,0.2,0.3,0.109,-1.1,1.9,0.8,0.1,
436.0,Josh Richardson,31.0,MIA,SG,8.0,0.0,150.0,4.4,0.402,0.579,0.105,4.4,4.3,4.4,10.8,2.7,0.6,16.8,14.1,-0.2,0.2,-0.1,-0.024,-7.3,0.5,-6.8,-0.2,
437.0,Drew Peterson,25.0,BOS,PF,18.0,1.0,149.0,11.1,0.639,0.793,0.241,3.6,18.3,10.9,11.3,1.3,1.2,15.8,11.2,0.2,0.2,0.4,0.131,-1.4,1.6,0.2,0.1,
438.0,Tyler Kolek,23.0,NYK,PG,29.0,0.0,148.0,10.9,0.534,0.596,0.128,1.6,9.9,5.8,19.1,2.3,0.6,15.3,17.2,0.1,0.1,0.2,0.063,-2.8,0.1,-2.8,0.0,
439.0,Bruno Fernando,26.0,TOR,C,17.0,2.0,147.0,15.5,0.552,0.0,0.163,15.4,22.7,19.0,18.0,1.3,5.9,21.0,19.1,0.1,0.2,0.2,0.08,-2.7,2.1,-0.6,0.1,
440.0,Enrique Freeman,24.0,IND,PF,19.0,1.0,139.0,6.1,0.521,0.24,0.52,4.9,10.4,7.7,7.1,0.7,1.3,14.0,11.1,0.0,0.1,0.1,0.027,-5.1,-1.5,-6.6,-0.2,
441.0,MarJon Beauchamp,24.0,2TM,SF,29.0,0.0,139.0,10.2,0.524,0.444,0.296,7.2,19.3,13.5,10.3,1.0,0.7,18.7,23.5,-0.2,0.2,0.0,-0.004,-3.5,-2.0,-5.4,-0.1,
441.0,MarJon Beauchamp,24.0,MIL,SF,26.0,0.0,122.0,8.5,0.497,0.447,0.255,6.4,21.1,14.0,9.1,1.2,0.8,19.9,23.3,-0.2,0.1,-0.1,-0.035,-4.8,-1.9,-6.7,-0.1,
441.0,MarJon Beauchamp,24.0,LAC,SF,3.0,0.0,17.0,22.3,0.685,0.429,0.571,13.3,6.6,9.9,19.3,0.0,0.0,10.2,24.9,0.1,0.0,0.1,0.218,5.7,-2.1,3.7,0.0,
442.0,Elijah Harkless,24.0,UTA,SG,10.0,0.0,138.0,7.9,0.425,0.714,0.171,7.2,9.3,8.3,7.7,3.5,0.7,7.4,12.3,0.0,0.1,0.1,0.029,-5.1,1.5,-3.7,-0.1,
443.0,Colby Jones,22.0,SAC,SG,24.0,0.0,130.0,8.6,0.5,0.385,0.0,6.8,12.8,9.8,6.7,2.2,5.2,21.2,10.8,-0.1,0.2,0.1,0.041,-3.8,1.2,-2.6,0.0,
444.0,Cam Spencer,24.0,MEM,SG,12.0,0.0,127.0,11.1,0.586,0.516,0.355,4.2,9.8,7.1,15.1,1.1,0.7,12.2,12.8,0.2,0.1,0.3,0.122,-1.9,0.1,-1.8,0.0,
445.0,Kobe Bufkin,21.0,ATL,SG,10.0,0.0,124.0,10.5,0.483,0.404,0.383,4.2,14.4,9.2,18.5,1.1,1.5,12.7,20.7,0.0,0.1,0.0,0.017,-3.5,-0.6,-4.1,-0.1,
446.0,Branden Carlson,25.0,OKC,C,20.0,0.0,121.0,16.4,0.626,0.791,0.093,4.5,20.7,12.7,7.5,0.8,6.6,6.3,16.7,0.2,0.2,0.5,0.191,1.1,1.2,2.2,0.1,
447.0,De'Anthony Melton,26.0,GSW,SG,6.0,2.0,121.0,13.3,0.539,0.648,0.148,5.1,12.7,8.8,20.9,2.8,1.6,14.8,23.4,0.0,0.2,0.2,0.075,-1.5,0.7,-0.8,0.0,
448.0,Baylor Scheierman,24.0,BOS,SG,16.0,0.0,119.0,6.9,0.368,0.647,0.176,3.6,17.4,10.5,10.7,1.7,0.0,2.7,13.8,-0.1,0.2,0.1,0.037,-5.5,0.3,-5.2,-0.1,
449.0,Moses Brown,25.0,2TM,C,13.0,2.0,119.0,22.5,0.706,0.0,0.224,11.2,28.9,20.2,2.9,2.4,2.9,17.0,23.5,0.2,0.2,0.4,0.147,-0.2,0.4,0.1,0.1,
449.0,Moses Brown,25.0,IND,C,9.0,0.0,46.0,16.2,0.653,0.0,0.25,10.0,21.7,15.9,0.0,2.1,2.0,21.3,26.6,0.0,0.1,0.0,0.016,-3.9,-1.6,-5.5,0.0,
449.0,Moses Brown,25.0,DAL,C,4.0,2.0,73.0,26.5,0.743,0.0,0.207,12.0,33.5,22.9,4.7,2.7,3.5,13.6,21.5,0.2,0.1,0.3,0.23,2.1,1.6,3.7,0.1,
450.0,A.J. Lawson,24.0,TOR,SG,9.0,2.0,116.0,5.8,0.429,0.625,0.175,4.7,6.7,5.7,4.6,0.8,1.7,2.3,16.0,-0.1,0.0,0.0,-0.008,-4.5,-2.8,-7.4,-0.2,
451.0,Joe Ingles,37.0,MIN,SF,18.0,0.0,108.0,4.1,0.375,0.65,0.0,2.1,9.1,5.6,26.1,0.9,0.0,28.6,11.2,-0.1,0.1,0.0,-0.005,-5.5,0.2,-5.3,-0.1,
452.0,Adam Flagler,25.0,OKC,SG,25.0,0.0,103.0,-0.2,0.298,0.807,0.0,3.1,6.1,4.6,0.0,2.3,1.9,1.7,23.9,-0.5,0.2,-0.3,-0.14,-10.6,-3.3,-13.9,-0.3,
453.0,Patrick Baldwin Jr.,22.0,WAS,SF,22.0,0.0,101.0,14.5,0.676,0.636,0.121,5.2,17.8,11.4,3.0,1.4,1.8,12.6,16.5,0.1,0.1,0.1,0.071,1.3,-1.6,-0.3,0.0,
454.0,Damion Lee,32.0,PHO,SG,16.0,0.0,101.0,9.8,0.462,0.5,0.327,2.3,12.6,7.7,11.6,2.0,0.0,10.5,29.1,-0.2,0.0,-0.1,-0.066,-4.9,-2.2,-7.1,-0.1,
455.0,Oscar Tshiebwe,25.0,UTA,C,7.0,0.0,100.0,21.6,0.69,0.0,0.522,17.6,38.6,28.2,4.4,2.9,0.0,6.6,12.6,0.3,0.1,0.5,0.231,0.3,-0.9,-0.6,0.0,
456.0,Pacome Dadiet,19.0,NYK,SG,14.0,0.0,95.0,7.3,0.459,0.63,0.111,0.0,16.6,8.4,6.5,1.6,1.9,6.6,13.8,-0.1,0.1,0.0,0.021,-4.2,-0.8,-5.0,-0.1,
457.0,Colin Castleton,24.0,2TM,C,12.0,0.0,95.0,9.4,0.461,0.263,0.579,10.2,14.8,12.5,6.8,1.5,3.0,7.7,11.1,0.1,0.1,0.2,0.088,-5.5,-0.5,-6.0,-0.1,
457.0,Colin Castleton,24.0,MEM,C,10.0,0.0,46.0,7.3,0.472,0.4,1.1,7.0,13.6,10.3,0.0,1.0,2.0,6.3,13.7,0.0,0.0,0.1,0.073,-6.1,-1.1,-7.2,-0.1,
457.0,Colin Castleton,24.0,TOR,C,2.0,0.0,49.0,11.3,0.444,0.111,0.0,13.2,15.9,14.5,13.2,2.0,3.9,10.0,8.6,0.1,0.1,0.1,0.102,-5.0,0.1,-4.9,0.0,
458.0,TyTy Washington Jr.,23.0,PHO,PG,10.0,0.0,93.0,7.0,0.371,0.5,0.111,5.0,9.2,7.2,17.6,1.6,0.0,7.4,19.4,-0.1,0.0,-0.1,-0.061,-5.3,-2.2,-7.5,-0.1,
459.0,Jae Crowder,34.0,SAC,PF,7.0,2.0,92.0,6.7,0.509,0.706,0.353,7.2,13.2,10.2,5.2,1.6,0.0,16.9,11.0,0.0,0.1,0.1,0.041,-4.0,-0.4,-4.4,-0.1,
460.0,Collin Gillespie,25.0,PHO,PG,15.0,0.0,91.0,22.8,0.709,0.4,0.2,6.4,9.4,7.9,26.1,1.6,2.0,9.5,20.4,0.4,0.0,0.4,0.218,5.7,0.3,6.0,0.2,
461.0,Jared Rhoden,25.0,2TM,SG,8.0,0.0,90.0,9.1,0.469,0.313,0.375,8.3,9.8,9.0,5.1,1.1,2.1,9.7,19.4,0.0,0.0,0.0,0.003,-4.7,-2.8,-7.5,-0.1,
461.0,Jared Rhoden,25.0,CHO,SG,4.0,0.0,12.0,5.5,0.25,0.25,0.0,17.1,18.3,17.7,26.6,4.1,0.0,11.1,31.7,-0.1,0.0,-0.1,-0.217,-7.4,-1.2,-8.6,0.0,
461.0,Jared Rhoden,25.0,TOR,SG,4.0,0.0,78.0,9.7,0.529,0.333,0.5,6.9,8.5,7.7,1.8,0.6,2.5,9.3,17.5,0.0,0.0,0.1,0.037,-4.3,-3.0,-7.3,-0.1,
462.0,Isaiah Jackson,23.0,IND,C,5.0,1.0,84.0,18.3,0.6,0.0,0.609,15.0,22.4,18.8,8.1,1.7,8.6,14.6,17.6,0.1,0.1,0.3,0.149,-1.0,1.6,0.6,0.1,
463.0,Tyler Smith,20.0,MIL,PF,17.0,0.0,83.0,14.2,0.583,0.556,0.111,5.4,19.8,12.9,7.2,1.2,3.3,13.7,22.9,0.0,0.1,0.1,0.056,-0.2,-0.2,-0.4,0.0,
464.0,Trey Alexander,21.0,DEN,SG,18.0,0.0,79.0,2.1,0.362,0.417,0.083,0.0,11.9,6.2,10.3,0.6,1.1,10.8,14.9,-0.1,0.0,-0.1,-0.066,-8.2,-1.8,-10.0,-0.2,
465.0,Bronny James,20.0,LAL,SG,18.0,0.0,76.0,3.8,0.358,0.484,0.29,1.5,10.0,5.9,14.1,2.6,2.5,14.6,23.7,-0.3,0.1,-0.2,-0.123,-8.9,-1.1,-10.0,-0.2,
466.0,Garrett Temple,38.0,TOR,SG,18.0,0.0,76.0,6.2,0.293,0.471,0.235,2.8,13.2,7.9,17.7,4.5,2.5,17.6,12.6,-0.1,0.1,0.0,-0.015,-7.0,3.6,-3.5,0.0,
467.0,Alex Ducas,24.0,OKC,SG,17.0,0.0,76.0,7.6,0.523,0.727,0.0,7.1,13.7,10.5,3.2,1.3,0.0,12.0,14.0,0.0,0.1,0.1,0.071,-3.1,-1.1,-4.2,0.0,
468.0,Jeenathan Williams,25.0,HOU,SG,11.0,0.0,75.0,10.7,0.516,0.417,0.111,1.4,7.2,4.2,8.1,3.2,4.8,17.5,25.1,-0.1,0.1,0.0,0.003,-4.5,1.4,-3.1,0.0,
469.0,Taylor Hendricks,21.0,UTA,PF,3.0,3.0,75.0,7.2,0.354,0.667,0.222,7.3,14.3,10.9,3.4,3.2,5.0,9.2,12.1,-0.1,0.1,0.0,-0.001,-4.6,1.3,-3.3,0.0,
470.0,Chris Duarte,27.0,CHI,SG,17.0,0.0,74.0,16.6,0.61,0.577,0.308,7.1,21.0,14.2,16.8,0.0,0.0,3.3,17.2,0.2,0.0,0.3,0.164,2.1,-1.2,0.9,0.1,
471.0,AJ Johnson,20.0,2TM,SG,11.0,0.0,74.0,10.1,0.512,0.357,0.107,0.0,12.6,6.5,23.5,1.3,0.0,14.6,19.9,0.0,0.0,0.0,0.01,-4.0,-1.1,-5.1,-0.1,
471.0,AJ Johnson,20.0,MIL,SG,7.0,0.0,44.0,10.7,0.503,0.263,0.105,0.0,16.4,8.5,23.1,1.1,0.0,16.8,23.6,-0.1,0.0,0.0,-0.017,-3.2,-2.0,-5.2,0.0,
471.0,AJ Johnson,20.0,WAS,SG,4.0,0.0,30.0,9.2,0.53,0.556,0.111,0.0,7.0,3.5,24.2,1.6,0.0,9.6,14.5,0.0,0.0,0.0,0.049,-5.2,0.3,-4.9,0.0,
472.0,Chris Livingston,21.0,MIL,SF,14.0,1.0,69.0,9.7,0.459,0.333,0.533,11.3,22.4,17.1,3.7,3.5,0.0,21.3,14.8,-0.1,0.1,0.0,0.034,-4.8,0.5,-4.4,0.0,
473.0,Matt Ryan,27.0,NYK,SF,19.0,0.0,68.0,6.2,0.439,0.613,0.065,0.0,13.3,6.7,5.9,1.5,0.0,8.6,22.2,-0.1,0.0,-0.1,-0.06,-5.1,-2.5,-7.6,-0.1,
474.0,Markelle Fultz,26.0,SAC,PG,8.0,0.0,68.0,6.2,0.491,0.125,0.042,3.3,8.1,5.7,14.1,2.9,1.4,29.0,21.6,-0.2,0.1,-0.1,-0.103,-7.6,-1.1,-8.7,-0.1,
475.0,Pete Nance,24.0,PHI,C,7.0,0.0,68.0,5.3,0.472,0.8,0.133,3.2,14.1,8.4,6.0,0.7,0.0,0.0,10.2,0.0,0.0,0.0,0.033,-4.4,-2.0,-6.4,-0.1,
476.0,Armel Traoré,22.0,LAL,SF,9.0,0.0,67.0,3.5,0.317,0.368,0.368,3.5,21.1,12.6,2.0,2.9,2.8,12.0,16.4,-0.2,0.1,-0.1,-0.087,-9.5,-0.4,-9.8,-0.1,
477.0,Kylor Kelley,27.0,DAL,C,8.0,1.0,67.0,17.2,0.767,0.0,0.462,13.1,20.6,16.9,4.1,0.0,2.6,6.0,10.6,0.2,0.1,0.3,0.2,-0.6,-1.8,-2.3,0.0,
478.0,Stanley Umude,25.0,MIL,SG,20.0,0.0,65.0,2.5,0.242,0.565,0.174,6.9,17.4,12.4,5.7,2.2,4.3,7.5,17.9,-0.3,0.1,-0.2,-0.116,-8.6,-1.1,-9.7,-0.1,
479.0,Yuki Kawamura,23.0,MEM,PG,20.0,0.0,63.0,9.0,0.487,0.727,0.273,0.0,11.6,5.9,27.4,0.7,0.0,14.0,18.1,0.0,0.0,0.1,0.059,-3.8,-0.9,-4.7,0.0,
480.0,Markieff Morris,35.0,2TM,PF,10.0,0.0,61.0,2.9,0.35,0.625,0.063,0.0,15.7,8.0,15.8,0.8,1.4,8.4,25.4,-0.2,0.0,-0.2,-0.136,-7.6,-2.9,-10.4,-0.1,
480.0,Markieff Morris,35.0,DAL,PF,7.0,0.0,41.0,0.0,0.273,0.591,0.0,0.0,20.7,10.5,13.0,1.2,2.1,8.3,25.1,-0.2,0.0,-0.2,-0.217,-10.3,-2.9,-13.2,-0.1,
480.0,Markieff Morris,35.0,LAL,PF,3.0,0.0,20.0,8.8,0.506,0.7,0.2,0.0,5.4,2.8,21.4,0.0,0.0,8.4,26.1,0.0,0.0,0.0,0.03,-2.0,-2.8,-4.8,0.0,
481.0,Sidy Cissoko,20.0,2TM,SF,20.0,0.0,60.0,9.7,0.533,0.389,0.333,7.1,12.3,9.7,14.3,0.8,0.0,12.7,16.8,0.0,0.0,0.0,0.023,-2.5,-1.4,-3.9,0.0,
481.0,Sidy Cissoko,20.0,SAS,SF,17.0,0.0,54.0,11.2,0.533,0.389,0.333,5.9,13.6,9.8,15.9,0.9,0.0,8.8,17.9,0.0,0.0,0.0,0.043,-1.7,-1.1,-2.7,0.0,
481.0,Sidy Cissoko,20.0,POR,SF,3.0,0.0,6.0,-4.5,,,,17.9,0.0,9.1,0.0,0.0,0.0,100.0,7.0,0.0,0.0,0.0,-0.164,-10.0,-4.1,-14.2,0.0,
482.0,Dariq Whitehead,20.0,BRK,SF,10.0,0.0,59.0,16.1,0.689,0.852,0.111,1.9,10.2,5.8,3.0,2.5,1.7,17.5,25.4,0.0,0.1,0.0,0.02,4.5,-0.4,4.0,0.1,
483.0,Jazian Gortman,21.0,DAL,PG,16.0,0.0,57.0,6.5,0.485,0.478,0.174,1.9,7.5,4.7,14.8,1.7,1.5,16.8,22.4,-0.1,0.0,-0.1,-0.05,-5.4,-0.8,-6.3,-0.1,
484.0,Liam Robbins,25.0,MIL,C,13.0,0.0,57.0,2.6,0.363,0.25,1.25,13.7,9.0,11.3,4.2,1.7,3.2,32.6,14.0,-0.1,0.1,-0.1,-0.063,-9.3,-1.4,-10.7,-0.1,
485.0,Keshad Johnson,23.0,MIA,SF,10.0,0.0,57.0,11.2,0.546,0.333,0.5,3.9,28.5,16.3,7.6,0.9,6.8,17.0,13.7,0.0,0.1,0.1,0.053,-4.1,0.8,-3.3,0.0,
486.0,Luke Travers,23.0,CLE,SG,9.0,0.0,55.0,3.5,0.337,0.364,0.182,10.2,13.4,11.8,10.4,0.9,1.6,29.6,13.0,-0.1,0.1,0.0,-0.04,-6.8,-1.9,-8.6,-0.1,
487.0,Mitchell Robinson,26.0,NYK,C,4.0,1.0,54.0,18.6,0.685,0.0,0.214,19.3,14.6,16.9,2.5,0.9,1.7,6.1,13.1,0.2,0.0,0.2,0.205,1.7,-1.0,0.8,0.0,
488.0,Kevin Knox,25.0,GSW,SF,7.0,0.0,51.0,19.3,0.543,0.458,0.167,12.1,10.8,11.5,12.3,0.9,7.4,3.7,22.0,0.1,0.1,0.2,0.16,0.9,-0.2,0.7,0.0,
489.0,Maxwell Lewis,22.0,2TM,SF,13.0,0.0,51.0,3.7,0.385,0.308,0.0,6.7,16.5,11.2,7.9,1.0,0.0,18.8,13.8,-0.1,0.0,-0.1,-0.053,-5.5,-2.6,-8.1,-0.1,
489.0,Maxwell Lewis,22.0,LAL,SF,7.0,0.0,29.0,2.2,0.333,0.0,0.0,8.0,0.0,3.9,8.8,1.7,0.0,25.0,12.1,-0.1,0.0,0.0,-0.077,-6.6,-2.9,-9.5,-0.1,
489.0,Maxwell Lewis,22.0,BRK,SF,6.0,0.0,22.0,5.6,0.429,0.571,0.0,5.0,38.2,20.9,6.6,0.0,0.0,12.5,15.9,0.0,0.0,0.0,-0.022,-4.1,-2.2,-6.3,0.0,
490.0,Jacob Toppin,24.0,NYK,SF,16.0,0.0,49.0,4.5,0.3,0.2,0.0,4.7,20.7,12.8,9.7,2.0,0.0,16.7,10.6,-0.1,0.1,0.0,-0.027,-6.3,0.2,-6.2,-0.1,
491.0,PJ Hall,22.0,DEN,C,15.0,0.0,46.0,10.6,0.476,0.357,0.286,10.0,27.3,19.1,8.0,0.0,3.9,11.3,16.3,0.0,0.0,0.1,0.055,-5.1,-1.7,-6.8,-0.1,
492.0,Jackson Rowe,28.0,GSW,PF,5.0,0.0,43.0,10.2,0.477,0.6,0.267,0.0,20.4,9.9,9.8,3.4,0.0,5.6,17.3,0.0,0.1,0.1,0.063,-4.6,0.8,-3.8,0.0,
493.0,JT Thor,22.0,CLE,PF,9.0,0.0,42.0,19.1,0.756,0.4,0.533,8.0,7.5,7.8,3.3,2.3,6.4,24.5,24.8,0.1,0.1,0.1,0.137,-1.0,1.2,0.2,0.0,
494.0,JD Davison,22.0,BOS,PG,9.0,0.0,39.0,3.6,0.536,0.667,0.556,0.0,8.4,4.2,9.8,2.5,0.0,34.9,19.3,-0.1,0.0,-0.1,-0.086,-7.4,-0.5,-8.0,-0.1,
495.0,Mason Jones,26.0,SAC,SG,8.0,0.0,37.0,21.8,0.573,0.412,0.176,6.0,18.0,12.0,41.5,0.0,0.0,5.2,22.3,0.1,0.0,0.2,0.21,3.8,-1.3,2.5,0.0,
496.0,Vlatko Čančar,27.0,DEN,PF,5.0,0.0,36.0,7.3,0.643,0.286,0.0,9.6,14.5,12.2,0.0,0.0,2.5,22.2,10.6,0.0,0.0,0.0,0.032,-5.2,-1.7,-6.9,0.0,
497.0,Spencer Jones,23.0,DEN,SF,13.0,0.0,35.0,-0.3,0.25,0.7,0.0,6.6,12.0,9.4,0.0,4.1,0.0,16.7,14.5,-0.1,0.0,-0.1,-0.118,-11.3,-1.4,-12.7,-0.1,
498.0,PJ Dozier,28.0,MIN,SG,9.0,0.0,35.0,9.5,0.621,1.0,2.0,3.2,12.5,7.9,18.3,1.4,0.0,15.1,8.2,0.0,0.0,0.1,0.105,-2.0,2.5,0.5,0.0,
499.0,James Johnson,37.0,IND,PF,11.0,0.0,33.0,2.3,0.424,0.333,0.111,0.0,16.8,8.5,15.6,0.0,5.5,29.8,17.6,-0.1,0.0,-0.1,-0.132,-8.0,0.2,-7.7,0.0,
500.0,E.J. Liddell,24.0,CHI,PF,7.0,0.0,33.0,12.3,0.689,0.8,0.2,3.2,12.6,7.9,12.4,1.4,2.6,15.5,16.3,0.1,0.0,0.1,0.114,-2.0,-0.2,-2.2,0.0,
501.0,D.J. Carton,24.0,TOR,SG,4.0,0.0,33.0,-2.6,0.202,0.429,0.143,0.0,13.5,6.6,11.0,2.9,0.0,35.0,14.6,-0.2,0.0,-0.1,-0.21,-10.2,-0.8,-11.0,-0.1,
502.0,Daeqwon Plowden,26.0,ATL,SG,2.0,0.0,33.0,24.5,1.103,0.8,0.2,9.6,6.8,8.2,0.0,0.0,0.0,8.4,14.7,0.2,0.0,0.2,0.222,7.3,1.2,8.5,0.1,
503.0,Ulrich Chomche,19.0,TOR,PF,7.0,0.0,32.0,5.3,0.425,0.0,0.4,13.5,13.9,13.7,7.9,0.0,3.0,25.4,10.4,0.0,0.0,0.0,-0.006,-5.9,-1.5,-7.4,0.0,
504.0,Cam Christie,19.0,LAC,SG,6.0,0.0,31.0,7.6,0.427,0.667,0.167,3.6,18.0,10.9,9.0,3.2,0.0,13.4,20.8,-0.1,0.1,0.0,-0.025,-4.9,2.0,-2.9,0.0,
505.0,Alex Reese,25.0,2TM,PF,4.0,0.0,31.0,29.4,0.678,0.556,0.333,21.2,27.1,23.9,4.8,4.8,9.7,8.8,16.0,0.1,0.1,0.2,0.283,6.2,1.9,8.1,0.1,
505.0,Alex Reese,25.0,OKC,PF,1.0,0.0,2.0,53.9,1.0,0.0,0.0,54.0,0.0,26.6,0.0,0.0,0.0,0.0,21.2,0.0,0.0,0.0,0.592,23.2,-3.7,19.5,0.0,
505.0,Alex Reese,25.0,PHI,PF,3.0,0.0,29.0,27.7,0.644,0.625,0.375,18.9,29.0,23.7,5.1,5.1,10.4,9.7,15.6,0.1,0.1,0.2,0.261,5.0,2.3,7.3,0.1,
506.0,Malachi Flynn,26.0,CHO,PG,3.0,0.0,29.0,10.5,0.59,0.125,0.375,7.1,11.4,9.1,15.8,1.7,0.0,24.4,17.9,0.0,0.0,0.0,0.024,-5.0,0.0,-5.0,0.0,
507.0,Josh Christopher,23.0,MIA,SG,8.0,0.0,28.0,-0.8,0.342,0.143,0.571,0.0,11.6,5.9,19.2,0.0,3.4,31.3,20.2,-0.1,0.0,-0.1,-0.207,-11.1,-4.2,-15.3,-0.1,
508.0,Jack McVeigh,28.0,HOU,PF,7.0,0.0,28.0,11.7,0.538,0.769,0.0,3.7,11.6,7.6,5.2,0.0,3.2,7.1,20.5,0.0,0.0,0.0,0.079,0.8,-1.8,-1.0,0.0,
509.0,Leonard Miller,21.0,MIN,SF,10.0,0.0,27.0,21.0,0.514,0.357,0.571,12.4,32.3,22.5,0.0,3.7,3.4,10.2,31.3,0.0,0.1,0.1,0.134,-4.1,-0.4,-4.5,0.0,
510.0,Emoni Bates,21.0,CLE,SF,7.0,0.0,27.0,-2.7,0.214,0.786,0.0,0.0,0.0,0.0,17.3,1.8,0.0,0.0,22.0,-0.1,0.0,-0.1,-0.173,-9.7,-3.8,-13.4,-0.1,
511.0,Isaiah Crawford,23.0,SAC,SF,7.0,0.0,26.0,10.9,0.509,0.333,0.333,0.0,29.8,14.9,0.0,1.9,3.7,0.0,11.3,0.0,0.0,0.0,0.076,-3.9,0.7,-3.2,0.0,
512.0,Jalen Bridges,23.0,PHO,SF,5.0,0.0,25.0,-5.5,0.41,1.0,0.5,0.0,12.8,6.6,0.0,0.0,0.0,45.0,15.7,-0.1,0.0,-0.1,-0.266,-10.7,-5.0,-15.7,-0.1,
513.0,Lamar Stevens,27.0,MEM,PF,4.0,0.0,25.0,5.8,0.383,0.3,0.4,4.3,25.0,14.8,0.0,1.8,0.0,7.8,20.3,-0.1,0.0,0.0,-0.038,-8.3,-4.6,-12.9,-0.1,
514.0,Bryce McGowens,22.0,POR,SG,10.0,0.0,23.0,11.4,0.611,0.375,0.75,4.7,0.0,2.4,6.5,2.1,0.0,22.0,24.8,0.0,0.0,0.0,0.005,-3.7,-1.3,-5.0,0.0,
515.0,Malevy Leons,25.0,OKC,SF,6.0,0.0,21.0,-2.3,0.266,0.5,2.0,5.1,10.0,7.6,5.2,0.0,0.0,21.0,9.6,0.0,0.0,0.0,-0.049,-10.5,-2.0,-12.5,-0.1,
516.0,Adama Sanogo,22.0,CHI,C,4.0,0.0,21.0,15.2,0.571,0.0,0.0,25.2,4.9,15.0,6.9,0.0,0.0,12.5,15.9,0.0,0.0,0.0,0.098,0.7,-3.6,-3.0,0.0,
517.0,Taze Moore,26.0,POR,SG,2.0,0.0,20.0,7.1,0.276,0.4,0.2,21.5,22.1,21.8,6.8,4.9,0.0,15.5,27.0,-0.1,0.0,-0.1,-0.158,-3.8,-0.6,-4.4,0.0,
518.0,Justin Minaya,25.0,POR,SF,7.0,0.0,19.0,4.0,0.0,0.5,0.0,11.3,5.8,8.6,12.6,2.6,0.0,0.0,4.4,0.0,0.0,0.0,0.021,-6.7,0.4,-6.3,0.0,
519.0,N'Faly Dante,23.0,HOU,C,1.0,0.0,19.0,25.5,0.683,0.0,0.5,21.8,28.5,25.1,8.0,0.0,9.4,12.0,18.0,0.1,0.0,0.1,0.277,1.5,0.5,2.0,0.0,
520.0,David Duke Jr.,25.0,SAS,SG,4.0,0.0,18.0,2.1,0.317,0.143,0.286,0.0,17.5,8.8,22.1,0.0,0.0,11.3,21.0,-0.1,0.0,-0.1,-0.148,-7.6,-3.8,-11.4,0.0,
521.0,Bobi Klintman,21.0,DET,SF,6.0,0.0,17.0,-2.1,0.0,0.5,0.0,0.0,25.8,13.1,6.7,0.0,5.7,33.3,7.4,-0.1,0.0,0.0,-0.107,-10.2,-0.3,-10.5,0.0,
522.0,Lester Quiñones,24.0,PHI,SG,4.0,0.0,17.0,8.4,0.533,0.375,0.125,19.4,7.1,13.5,10.2,0.0,0.0,32.2,32.1,-0.1,0.0,-0.1,-0.202,-3.6,-6.9,-10.5,0.0,
523.0,Yuri Collins,23.0,GSW,PG,2.0,0.0,16.0,13.9,0.333,0.0,0.0,12.9,6.9,10.0,31.6,6.0,0.0,0.0,7.8,0.0,0.0,0.1,0.209,-6.1,6.4,0.2,0.0,
524.0,Trentyn Flowers,19.0,LAC,SF,2.0,0.0,16.0,7.9,0.477,0.222,0.111,7.0,21.0,14.0,0.0,0.0,0.0,9.6,28.3,0.0,0.0,0.0,-0.048,-5.4,-0.3,-5.7,0.0,
525.0,Tristen Newton,23.0,2TM,SG,8.0,0.0,16.0,-6.1,0.178,0.375,0.125,13.9,13.6,13.8,15.5,3.1,0.0,19.2,28.3,-0.1,0.0,-0.1,-0.335,-16.7,-4.2,-20.8,-0.1,
525.0,Tristen Newton,23.0,IND,SG,5.0,0.0,8.0,-15.3,0.233,0.5,0.167,0.0,0.0,0.0,16.1,0.0,0.0,13.4,40.3,-0.1,0.0,-0.1,-0.559,-22.0,-11.0,-33.0,-0.1,
525.0,Tristen Newton,23.0,MIN,SG,3.0,0.0,8.0,3.1,0.0,0.0,0.0,27.8,27.3,27.6,15.0,6.2,0.0,33.3,16.3,0.0,0.0,0.0,-0.111,-11.3,2.7,-8.6,0.0,
526.0,RayJ Dennis,23.0,IND,PG,7.0,0.0,15.0,5.6,0.425,0.8,0.4,7.6,22.1,15.0,16.0,6.4,0.0,33.8,25.7,-0.1,0.0,0.0,-0.114,-11.1,2.8,-8.3,0.0,
527.0,Nae'Qwan Tomlin,24.0,CLE,PF,3.0,0.0,14.0,15.4,0.536,0.25,0.375,8.0,37.5,23.3,0.0,0.0,0.0,9.7,31.3,0.0,0.0,0.0,0.049,-7.0,-3.4,-10.4,0.0,
528.0,Jalen Hood-Schifino,21.0,LAL,SG,2.0,0.0,14.0,11.5,1.064,0.0,2.0,8.3,0.0,4.0,9.2,0.0,6.7,34.7,9.0,0.0,0.0,0.0,0.161,-3.8,1.6,-2.2,0.0,
529.0,Daishen Nix,22.0,MIN,PG,3.0,0.0,13.0,-7.0,0.266,1.0,2.0,0.0,33.6,17.0,27.6,0.0,0.0,68.0,19.6,-0.1,0.0,-0.1,-0.329,-15.0,-1.4,-16.3,0.0,
530.0,Cole Swider,25.0,DET,SF,2.0,0.0,13.0,-11.0,0.0,1.0,0.0,0.0,16.9,8.5,8.7,0.0,0.0,0.0,16.2,-0.1,0.0,-0.1,-0.315,-14.7,-5.8,-20.5,-0.1,
531.0,Harrison Ingram,22.0,SAS,SF,2.0,0.0,11.0,-5.8,0.0,0.5,0.0,0.0,19.1,9.6,0.0,0.0,0.0,0.0,7.7,0.0,0.0,0.0,-0.169,-11.3,-3.8,-15.1,0.0,
532.0,Cui Yongxi,21.0,BRK,SG,5.0,0.0,10.0,-10.7,0.19,0.429,0.286,0.0,24.0,11.5,0.0,0.0,0.0,0.0,34.5,-0.1,0.0,-0.1,-0.469,-16.9,-8.3,-25.2,-0.1,
533.0,Daniss Jenkins,23.0,DET,PG,5.0,0.0,10.0,-22.3,0.0,1.0,0.0,0.0,0.0,0.0,0.0,0.0,0.0,20.0,21.1,-0.1,0.0,-0.1,-0.521,-25.2,-9.4,-34.6,-0.1,
534.0,Keion Brooks Jr.,24.0,NOP,SF,2.0,0.0,10.0,15.2,0.532,0.5,2.0,10.3,22.3,16.1,13.4,0.0,0.0,0.0,15.8,0.0,0.0,0.0,0.125,0.8,-1.6,-0.9,0.0,
535.0,Quincy Olivari,23.0,LAL,PG,2.0,0.0,10.0,-5.2,0.3,1.0,0.0,0.0,0.0,0.0,13.3,0.0,0.0,16.7,26.4,-0.1,0.0,-0.1,-0.295,-10.1,-8.5,-18.6,0.0,
536.0,Jalen McDaniels,27.0,WAS,SF,4.0,0.0,7.0,10.9,,,,0.0,0.0,0.0,17.4,6.8,0.0,,0.0,0.0,0.0,0.0,0.114,-0.6,5.9,5.3,0.0,
537.0,Riley Minix,24.0,SAS,SF,1.0,0.0,7.0,-1.7,0.0,1.0,0.0,0.0,30.1,15.1,0.0,0.0,0.0,0.0,6.1,0.0,0.0,0.0,-0.111,-8.6,-3.5,-12.1,0.0,
538.0,Jaylen Martin,21.0,2TM,SF,4.0,0.0,7.0,5.9,0.375,0.25,0.0,14.9,15.1,15.0,0.0,0.0,0.0,0.0,24.4,0.0,0.0,0.0,-0.125,-2.6,-6.0,-8.6,0.0,
538.0,Jaylen Martin,21.0,BRK,SF,3.0,0.0,5.0,13.0,0.75,0.5,0.0,0.0,0.0,0.0,0.0,0.0,0.0,0.0,17.5,0.0,0.0,0.0,0.116,4.1,-0.8,3.3,0.0,
538.0,Jaylen Martin,21.0,WAS,SF,1.0,0.0,2.0,-11.9,0.0,0.0,0.0,52.2,52.8,52.5,0.0,0.0,0.0,0.0,41.8,0.0,0.0,0.0,-0.727,-19.3,-18.9,-38.2,0.0,
539.0,Skal Labissière,28.0,SAC,PF,3.0,0.0,6.0,39.9,1.25,0.5,0.0,18.5,0.0,9.2,29.7,0.0,0.0,0.0,14.2,0.1,0.0,0.1,0.493,18.6,3.6,22.2,0.0,
540.0,Jesse Edwards,24.0,MIN,C,2.0,0.0,5.0,-0.1,,,,0.0,0.0,0.0,23.9,0.0,0.0,,0.0,0.0,0.0,0.0,0.107,-8.6,4.5,-4.1,0.0,
541.0,Jamaree Bouyea,25.0,MIL,PG,1.0,0.0,5.0,20.3,1.0,0.0,0.0,0.0,0.0,0.0,29.8,9.6,0.0,50.0,17.4,0.0,0.0,0.0,0.119,0.3,9.8,10.1,0.0,
542.0,Mac McClung,26.0,ORL,SG,1.0,0.0,5.0,14.6,,,,0.0,24.6,11.6,50.9,0.0,0.0,,0.0,0.0,0.0,0.0,0.207,1.8,4.0,5.8,0.0,
543.0,James Wiseman,23.0,IND,C,1.0,0.0,5.0,31.4,0.615,0.25,0.5,0.0,22.1,11.3,0.0,0.0,0.0,0.0,42.3,0.0,0.0,0.0,0.236,6.0,-4.7,1.3,0.0,
544.0,Miles Norris,24.0,BOS,PF,1.0,0.0,4.0,6.3,,,,0.0,54.4,27.2,0.0,0.0,0.0,,0.0,0.0,0.0,0.0,0.098,-5.0,-0.9,-5.9,0.0,
545.0,Alondes Williams,25.0,DET,SG,1.0,0.0,4.0,53.7,1.25,0.5,0.0,0.0,0.0,0.0,65.6,0.0,0.0,0.0,21.1,0.0,0.0,0.0,0.568,37.8,6.1,43.9,0.0,
546.0,Zyon Pullin,23.0,MEM,SG,3.0,0.0,3.0,-11.6,0.0,0.0,0.0,0.0,0.0,0.0,0.0,0.0,0.0,0.0,13.3,0.0,0.0,0.0,-0.294,-14.9,-7.9,-22.7,0.0,
547.0,Jahlil Okafor,29.0,IND,C,1.0,0.0,3.0,13.8,,,,0.0,36.9,18.8,37.0,0.0,0.0,,0.0,0.0,0.0,0.0,0.193,2.6,4.9,7.5,0.0,
548.0,Tony Bradley,27.0,IND,C,2.0,0.0,2.0,6.1,,,,0.0,55.3,28.1,0.0,0.0,0.0,,0.0,0.0,0.0,0.0,0.076,-1.9,-0.8,-2.7,0.0,
549.0,Emanuel Miller,24.0,CHI,PF,1.0,0.0,2.0,0.0,,,,0.0,0.0,0.0,0.0,0.0,0.0,,0.0,0.0,0.0,0.0,-0.011,-7.4,-4.0,-11.3,0.0,
550.0,Chuma Okeke,26.0,PHI,PF,1.0,0.0,2.0,6.3,,,,0.0,60.1,28.7,0.0,0.0,0.0,,0.0,0.0,0.0,0.0,0.069,-3.7,-2.3,-6.1,0.0,
551.0,Jahmir Young,24.0,CHI,PG,1.0,0.0,2.0,20.1,,,,0.0,51.9,26.2,56.6,0.0,0.0,,0.0,0.0,0.0,0.0,0.278,-2.2,3.0,0.8,0.0,
,League Average,,,,,,,,0.575,0.42,0.245,5.0,15.0,10.0,16.3,1.7,1.9,12.1,19.9,,,,,,,,,
