Rank,Player,Age,Tm,First,Pts Won,Pts Max,Share,G,MP,PTS,TRB,AST,STL,BLK,FG%,3P%,FT%,WS,WS/48
1,Kareem Abdul-Jabbar,29,LAL,159.0,159.0,247,0.644,82,36.8,26.2,13.3,3.9,1.2,3.2,0.579,,0.701,17.8,0.283
2,Bill Walton,24,POR,29.0,29.0,247,0.117,65,34.8,18.6,14.4,3.8,1.0,3.2,0.528,,0.697,10.2,0.215
3,Pete Maravich,29,NOJ,15.0,15.0,247,0.061,73,41.7,31.1,5.1,5.4,1.2,0.3,0.433,,0.835,6.4,0.101
4,Bob Lanier,28,DET,11.0,11.0,247,0.045,64,38.2,25.3,11.6,3.3,1.1,2.0,0.534,,0.818,10.3,0.203
5,Julius Erving,26,PHI,7.0,7.0,247,0.028,82,35.9,21.6,8.5,3.7,1.9,1.4,0.499,,0.777,11.5,0.188
6,Moses Malone,21,TOT,6.0,6.0,247,0.024,82,30.6,13.2,13.1,1.1,0.8,2.2,0.48,,0.693,8.7,0.167
7T,Elvin Hayes,31,WSB,5.0,5.0,247,0.02,82,41.0,23.7,12.5,1.9,1.1,2.7,0.501,,0.687,12.1,0.173
7T,David Thompson,22,DEN,5.0,5.0,247,0.02,82,36.6,25.9,4.1,4.1,1.4,0.6,0.507,,0.766,10.7,0.172
9,Maurice Lucas,24,POR,4.0,4.0,247,0.016,79,36.2,20.2,11.4,2.9,1.1,0.7,0.466,,0.765,8.7,0.147
10,Artis Gilmore,27,CHI,2.0,2.0,247,0.008,82,35.1,18.6,13.0,2.4,0.5,2.5,0.522,,0.66,12.2,0.203
11T,George Gervin,24,SAS,1.0,1.0,247,0.004,82,33.0,23.1,5.5,2.9,1.3,1.3,0.544,,0.833,10.5,0.187
11T,George McGinnis,26,PHI,1.0,1.0,247,0.004,79,35.1,21.4,11.5,3.8,2.1,0.5,0.458,,0.681,8.6,0.149
11T,Norm Van Lier,29,CHI,1.0,1.0,247,0.004,82,37.8,10.2,4.5,7.8,1.6,0.2,0.412,,0.778,5.5,0.085
11T,Jo Jo White,30,BOS,1.0,1.0,247,0.004,82,40.6,19.6,4.7,6.0,1.4,0.3,0.429,,0.869,6.5,0.094
1,Bill Walton,25,POR,96.0,96.0,238,0.403,58,33.3,18.9,13.2,5.0,1.0,2.5,0.522,,0.72,8.4,0.209
2,George Gervin,25,SAS,80.5,80.5,238,0.338,82,34.8,27.2,5.1,3.7,1.7,1.3,0.536,,0.83,12.0,0.201
3,David Thompson,23,DEN,28.5,28.5,238,0.12,80,37.8,27.2,4.9,4.5,1.2,1.2,0.521,,0.778,12.7,0.202
4,Kareem Abdul-Jabbar,30,LAL,14.0,14.0,238,0.059,62,36.5,25.8,12.9,4.3,1.7,3.0,0.55,,0.783,12.1,0.257
5,Walter Davis,23,PHO,4.0,4.0,238,0.017,81,32.0,24.2,6.0,3.4,1.4,0.2,0.526,,0.83,10.1,0.187
6T,Maurice Lucas,25,POR,3.0,3.0,238,0.013,68,31.2,16.4,9.1,2.5,0.9,0.8,0.458,,0.767,5.8,0.131
6T,Paul Westphal,27,PHO,3.0,3.0,238,0.013,80,31.0,25.2,2.1,5.5,1.7,0.4,0.516,,0.813,9.8,0.19
8T,Artis Gilmore,28,CHI,2.0,2.0,238,0.008,82,37.4,22.9,13.1,3.2,0.5,2.2,0.559,,0.704,11.5,0.18
8T,Truck Robinson,26,NOJ,2.0,2.0,238,0.008,82,44.4,22.7,15.7,2.1,0.9,1.0,0.444,,0.64,6.5,0.086
10T,Julius Erving,27,PHI,1.0,1.0,238,0.004,74,32.8,20.6,6.5,3.8,1.8,1.3,0.502,,0.845,9.1,0.179
10T,Marques Johnson,21,MIL,1.0,1.0,238,0.004,80,34.6,19.5,10.6,2.4,1.2,1.3,0.522,,0.736,10.6,0.185
10T,Bob Lanier,29,DET,1.0,1.0,238,0.004,63,36.7,24.5,11.3,3.4,1.3,1.5,0.537,,0.772,10.1,0.209
10T,Bob McAdoo,26,NYK,1.0,1.0,238,0.004,79,40.3,26.5,12.8,3.8,1.3,1.6,0.52,,0.727,10.9,0.165
10T,Marvin Webster,25,SEA,1.0,1.0,238,0.004,82,35.5,14.0,12.6,2.5,0.6,2.0,0.502,,0.629,8.7,0.143
1,Moses Malone,23,HOU,112.0,112.0,223,0.502,82,41.3,24.8,17.6,1.8,1.0,1.5,0.54,,0.739,14.1,0.2
2,George Gervin,26,SAS,35.0,35.0,223,0.157,80,36.1,29.6,5.0,2.7,1.7,1.1,0.541,,0.826,11.4,0.189
3,Elvin Hayes,33,WSB,28.0,28.0,223,0.126,82,37.9,21.8,12.1,1.7,0.9,2.3,0.487,,0.654,9.4,0.146
4,Kareem Abdul-Jabbar,31,LAL,15.0,15.0,223,0.067,80,39.5,23.8,12.8,5.4,1.0,4.0,0.577,,0.736,14.4,0.219
5,Bob Dandridge,31,WSB,7.0,7.0,223,0.031,78,33.7,20.4,5.7,4.7,0.9,0.7,0.499,,0.825,8.7,0.158
6,World B. Free,25,SDC,5.0,5.0,223,0.022,78,37.9,28.8,3.9,4.4,1.4,0.4,0.481,,0.756,10.1,0.164
7,Jack Sikma,23,SEA,4.0,4.0,223,0.018,82,36.1,15.6,12.4,3.2,1.0,0.8,0.46,,0.814,8.8,0.143
8T,Phil Ford,22,KCK,3.0,3.0,223,0.013,79,34.5,15.9,2.3,8.6,2.2,0.1,0.465,,0.813,5.7,0.101
8T,David Thompson,24,DEN,3.0,3.0,223,0.013,76,35.1,24.0,3.6,3.0,0.9,1.1,0.512,,0.753,9.5,0.171
10,Walter Davis,24,PHO,2.0,2.0,223,0.009,79,30.8,23.6,4.7,4.3,1.9,0.3,0.561,,0.831,9.4,0.184
1,Kareem Abdul-Jabbar,32,LAL,147.0,147.0,221,0.665,82,38.3,24.8,10.8,4.5,1.0,3.4,0.604,0.0,0.765,14.8,0.227
2,Julius Erving,29,PHI,31.5,31.5,221,0.143,78,36.1,26.9,7.4,4.6,2.2,1.8,0.519,0.2,0.787,12.5,0.213
3,George Gervin,27,SAS,19.0,19.0,221,0.086,78,37.6,33.1,5.2,2.6,1.4,1.0,0.528,0.314,0.852,10.6,0.173
4,Larry Bird,23,BOS,15.0,15.0,221,0.068,82,36.0,21.3,10.4,4.5,1.7,0.6,0.474,0.406,0.836,11.2,0.182
5T,Tiny Archibald,31,BOS,2.0,2.0,221,0.009,80,35.8,14.1,2.5,8.4,1.3,0.1,0.482,0.222,0.83,8.9,0.148
5T,Dennis Johnson,25,SEA,2.0,2.0,221,0.009,81,36.3,19.0,5.1,4.1,1.8,1.0,0.422,0.207,0.78,7.4,0.12
5T,Dan Roundfield,26,ATL,2.0,2.0,221,0.009,81,32.0,16.5,10.3,2.3,1.2,1.7,0.499,0.0,0.71,9.1,0.169
8,Gus Williams,26,SEA,1.5,1.5,221,0.007,82,36.2,22.1,3.4,4.8,2.4,0.5,0.482,0.194,0.788,11.6,0.187
9,Moses Malone,24,HOU,1.0,1.0,221,0.005,82,38.3,25.8,14.5,1.8,1.0,1.3,0.502,0.0,0.719,11.9,0.183
1,Julius Erving,30,PHI,28.0,454.0,690,0.658,82,35.0,24.6,8.0,4.4,2.1,1.8,0.521,0.222,0.787,13.8,0.231
2,Larry Bird,24,BOS,20.0,423.0,690,0.613,82,39.5,21.2,10.9,5.5,2.0,0.8,0.478,0.27,0.863,10.8,0.16
3,Kareem Abdul-Jabbar,33,LAL,8.0,286.0,690,0.414,80,37.2,26.2,10.3,3.4,0.7,2.9,0.574,0.0,0.766,14.3,0.23
4,Moses Malone,25,HOU,8.0,180.0,690,0.261,80,40.6,27.8,14.8,1.8,1.0,1.9,0.522,0.333,0.757,13.7,0.202
5,George Gervin,28,SAS,1.0,83.0,690,0.12,82,33.7,27.1,5.1,3.2,1.1,0.7,0.492,0.257,0.826,10.5,0.182
6,Marques Johnson,24,MIL,1.0,73.0,690,0.106,76,33.4,20.3,6.8,4.6,1.5,0.5,0.552,0.0,0.706,11.2,0.211
7,Robert Parish,27,BOS,0.0,53.0,690,0.077,82,28.0,18.9,9.5,1.8,1.0,2.6,0.545,0.0,0.71,10.9,0.228
8,Dennis Johnson,26,PHO,0.0,50.0,690,0.072,79,33.1,18.8,4.6,3.7,1.7,0.8,0.436,0.216,0.82,8.4,0.154
9,Tiny Archibald,32,BOS,0.0,32.0,690,0.046,80,35.3,13.8,2.2,7.7,0.9,0.2,0.499,0.0,0.816,6.9,0.118
10,Jamaal Wilkes,27,LAL,0.0,19.0,690,0.028,81,37.4,22.6,5.4,2.9,1.5,0.4,0.526,0.077,0.758,8.5,0.135
11,Magic Johnson,21,LAL,0.0,18.0,690,0.026,37,37.1,21.6,8.6,8.6,3.4,0.7,0.532,0.176,0.76,6.4,0.225
12T,Adrian Dantley,25,UTA,1.0,15.0,690,0.022,80,42.7,30.7,6.4,4.0,1.4,0.2,0.559,0.286,0.806,13.6,0.191
12T,Phil Ford,24,KCK,1.0,15.0,690,0.022,66,34.7,17.5,1.9,8.8,1.5,0.1,0.478,0.306,0.831,5.2,0.11
14,Bernard King,24,GSW,0.0,12.0,690,0.017,81,36.0,21.9,6.8,3.5,0.9,0.4,0.588,0.333,0.703,9.1,0.15
15T,Kelvin Ransey,22,POR,1.0,11.0,690,0.016,80,30.4,15.2,2.4,6.9,1.1,0.1,0.452,0.097,0.749,2.8,0.056
15T,Jack Sikma,25,SEA,0.0,11.0,690,0.016,82,35.6,18.7,10.4,3.0,1.0,1.1,0.454,0.0,0.823,8.0,0.132
17T,Otis Birdsong,25,KCK,0.0,7.0,690,0.01,71,36.5,24.6,3.6,3.3,1.3,0.3,0.544,0.286,0.697,8.2,0.152
17T,Micheal Ray Richardson,25,NYK,0.0,7.0,690,0.01,79,40.2,16.4,6.9,7.9,2.9,0.4,0.469,0.225,0.663,6.9,0.104
19T,Truck Robinson,29,PHO,0.0,6.0,690,0.009,82,37.7,18.8,9.6,2.5,0.8,0.5,0.505,,0.629,7.6,0.119
19T,Reggie Theus,23,CHI,0.0,6.0,690,0.009,82,34.4,18.9,3.5,5.2,1.5,0.2,0.495,0.2,0.809,9.2,0.156
21,Norm Nixon,25,LAL,0.0,5.0,690,0.007,79,37.5,17.1,2.9,8.8,1.8,0.1,0.476,0.167,0.778,5.5,0.089
22T,Artis Gilmore,31,CHI,0.0,4.0,690,0.006,82,34.5,17.9,10.1,2.1,0.6,2.4,0.67,,0.705,12.3,0.208
22T,Bob Lanier,32,MIL,0.0,4.0,690,0.006,67,26.2,14.3,6.2,2.7,1.1,1.2,0.525,1.0,0.751,6.8,0.185
24T,Michael Cooper,24,LAL,0.0,3.0,690,0.004,81,32.4,9.4,4.1,4.1,1.6,1.0,0.491,0.211,0.785,5.0,0.092
24T,Walter Davis,26,PHO,0.0,3.0,690,0.004,78,28.0,18.0,2.6,3.9,1.2,0.2,0.539,0.412,0.836,7.1,0.157
24T,George Johnson,32,SAS,0.0,3.0,690,0.004,82,23.6,5.0,7.3,1.1,0.6,3.4,0.473,,0.734,4.5,0.112
24T,Bobby Jones,29,PHI,0.0,3.0,690,0.004,81,25.3,13.5,5.4,2.8,1.2,0.9,0.539,0.0,0.813,9.2,0.217
24T,Mike Mitchell,25,CLE,0.0,3.0,690,0.004,82,39.0,24.5,6.1,1.7,0.8,0.6,0.476,0.444,0.784,6.0,0.091
24T,James Silas,31,SAS,0.0,3.0,690,0.004,75,27.4,17.7,3.1,3.8,0.7,0.2,0.477,0.0,0.85,7.0,0.164
30T,Quinn Buckner,26,MIL,0.0,1.0,690,0.001,82,29.1,13.3,3.6,4.7,2.4,0.0,0.493,0.167,0.734,5.4,0.108
30T,Caldwell Jones,30,PHI,0.0,1.0,690,0.001,81,32.6,7.2,10.0,1.5,0.7,1.7,0.449,,0.767,5.5,0.1
1,Moses Malone,26,HOU,40.0,507.0,690,0.735,81,42.0,31.1,14.7,1.8,0.9,1.5,0.519,0.0,0.762,15.4,0.218
2,Larry Bird,25,BOS,20.0,406.0,690,0.588,77,38.0,22.9,10.9,5.8,1.9,0.9,0.503,0.212,0.863,12.5,0.205
3,Julius Erving,31,PHI,1.0,203.0,690,0.294,81,34.4,24.4,6.9,3.9,2.0,1.7,0.546,0.273,0.763,13.3,0.229
4,Robert Parish,28,BOS,4.0,131.0,690,0.19,80,31.7,19.9,10.8,1.8,0.9,2.4,0.542,,0.71,10.0,0.19
5,Gus Williams,28,SEA,2.0,115.0,690,0.167,80,36.0,23.4,3.1,6.9,2.2,0.5,0.486,0.225,0.734,10.2,0.171
6,George Gervin,29,SAS,1.0,110.0,690,0.159,79,35.7,32.3,5.0,2.4,1.0,0.6,0.5,0.278,0.864,10.7,0.182
7,Sidney Moncrief,24,MIL,1.0,101.0,690,0.146,80,37.3,19.8,6.7,4.8,1.7,0.3,0.523,0.071,0.817,13.4,0.216
8,Magic Johnson,22,LAL,0.0,67.0,690,0.097,78,38.3,18.6,9.6,9.5,2.7,0.4,0.537,0.207,0.76,12.9,0.207
9,Jack Sikma,26,SEA,0.0,33.0,690,0.048,82,37.2,19.6,12.7,3.4,1.2,1.3,0.479,0.154,0.855,12.6,0.199
10,Kareem Abdul-Jabbar,34,LAL,0.0,31.0,690,0.045,76,35.2,23.9,8.7,3.0,0.8,2.7,0.579,0.0,0.706,10.7,0.192
11T,Dan Roundfield,28,ATL,0.0,14.0,690,0.02,61,36.3,18.6,11.8,2.7,1.0,1.5,0.466,0.2,0.76,6.5,0.141
11T,Kelly Tripucka,22,DET,0.0,14.0,690,0.02,82,37.5,21.6,5.4,3.3,1.1,0.2,0.496,0.227,0.797,7.5,0.117
13,Alex English,28,DEN,0.0,12.0,690,0.017,82,36.8,25.4,6.8,5.3,1.1,1.5,0.551,0.0,0.84,9.5,0.152
14,Bernard King,25,GSW,0.0,10.0,690,0.014,79,36.2,23.2,5.9,3.6,1.0,0.3,0.566,0.2,0.705,8.7,0.147
15,Adrian Dantley,26,UTA,0.0,7.0,690,0.01,81,39.8,30.3,6.3,4.0,1.2,0.2,0.57,0.333,0.792,12.6,0.187
16,Ray Williams,27,NJN,0.0,6.0,690,0.009,82,33.3,20.4,4.0,6.0,2.4,0.5,0.462,0.167,0.832,7.9,0.139
17T,Michael Cooper,25,LAL,0.0,3.0,690,0.004,76,28.9,11.9,3.5,3.0,1.6,0.8,0.517,0.118,0.813,5.0,0.109
17T,Dan Issel,33,DEN,0.0,3.0,690,0.004,81,30.5,22.9,7.5,2.2,0.8,0.7,0.527,0.667,0.834,9.8,0.19
17T,Marques Johnson,25,MIL,0.0,3.0,690,0.004,60,31.7,16.5,6.1,3.6,1.0,0.6,0.532,0.0,0.7,6.2,0.158
17T,Isiah Thomas,20,DET,0.0,3.0,690,0.004,72,33.8,17.0,2.9,7.8,2.1,0.2,0.424,0.288,0.704,2.3,0.046
21T,Dennis Johnson,27,PHO,0.0,1.0,690,0.001,80,36.7,19.5,5.1,4.6,1.3,0.7,0.47,0.19,0.806,8.1,0.132
21T,Mychal Thompson,27,POR,0.0,1.0,690,0.001,79,39.6,20.8,11.7,4.0,0.9,1.4,0.523,,0.628,8.2,0.125
21T,Jay Vincent,22,DAL,0.0,1.0,690,0.001,81,32.4,21.4,7.0,2.2,1.1,0.3,0.497,0.25,0.716,5.6,0.102
21T,Jamaal Wilkes,28,LAL,0.0,1.0,690,0.001,82,35.4,21.1,4.8,1.7,1.1,0.3,0.525,0.0,0.732,7.7,0.127
21T,Buck Williams,21,NJN,0.0,1.0,690,0.001,82,34.5,15.5,12.3,1.3,1.0,1.0,0.582,0.0,0.624,8.9,0.152
1,Moses Malone,27,PHI,69.0,720.0,750,0.96,78,37.5,24.5,15.3,1.3,1.1,2.0,0.501,0.0,0.761,15.1,0.248
2,Larry Bird,26,BOS,1.0,364.0,750,0.485,79,37.7,23.6,11.0,5.8,1.9,0.9,0.504,0.286,0.84,14.0,0.225
3,Magic Johnson,23,LAL,2.0,304.5,750,0.406,79,36.8,16.8,8.6,10.5,2.2,0.6,0.548,0.0,0.8,12.5,0.207
4,Sidney Moncrief,25,MIL,0.0,226.0,750,0.301,76,35.7,22.5,5.8,3.9,1.5,0.3,0.524,0.1,0.826,13.2,0.233
5,Julius Erving,32,PHI,3.0,112.0,750,0.149,72,33.6,21.4,6.8,3.7,1.6,1.8,0.517,0.286,0.759,10.9,0.217
6,Alex English,29,DEN,0.0,42.0,750,0.056,82,36.4,28.4,7.3,4.8,1.4,1.5,0.516,0.167,0.829,10.3,0.166
7,Buck Williams,22,NJN,0.0,40.0,750,0.053,82,36.1,17.0,12.5,1.5,1.1,1.3,0.588,0.0,0.62,11.4,0.185
8,Artis Gilmore,33,SAS,0.0,33.0,750,0.044,82,34.1,18.0,12.0,1.5,0.5,2.3,0.626,0.0,0.74,11.0,0.189
9,George Gervin,30,SAS,0.0,30.0,750,0.04,78,36.3,26.2,4.6,3.4,1.1,0.9,0.487,0.364,0.853,9.4,0.159
10,Kareem Abdul-Jabbar,35,LAL,0.0,15.0,750,0.02,79,32.3,21.8,7.5,2.5,0.8,2.2,0.588,0.0,0.749,10.9,0.205
11,Jack Sikma,27,SEA,0.0,13.0,750,0.017,75,34.2,18.2,11.4,3.1,1.2,0.9,0.464,0.0,0.837,9.8,0.183
12,Jeff Ruland,24,WSB,0.0,12.0,750,0.016,79,36.2,19.4,11.0,3.0,0.9,1.0,0.552,0.333,0.689,10.1,0.169
13,Terry Cummings,21,SDC,0.0,10.0,750,0.013,70,36.2,23.7,10.6,2.5,1.8,0.9,0.523,0.0,0.709,8.7,0.164
14,Maurice Lucas,30,PHO,0.0,9.0,750,0.012,77,33.6,16.5,10.4,2.8,0.7,0.6,0.474,0.333,0.781,7.1,0.132
15,Alton Lister,24,MIL,0.0,5.0,750,0.007,80,23.6,8.4,7.1,1.4,0.6,2.2,0.529,,0.537,3.8,0.096
16T,Bernard King,26,NYK,0.0,4.0,750,0.005,68,32.5,21.9,4.8,2.9,1.3,0.2,0.528,0.0,0.722,7.5,0.163
16T,Isiah Thomas,21,DET,0.0,4.0,750,0.005,81,38.2,22.9,4.0,7.8,2.5,0.4,0.472,0.288,0.71,7.4,0.115
18T,Larry Drew,24,KCK,0.0,3.0,750,0.004,75,35.9,20.1,2.8,8.1,1.7,0.1,0.492,0.125,0.82,7.2,0.128
18T,Gus Williams,29,SEA,0.0,3.0,750,0.004,80,34.5,20.0,2.6,8.0,2.3,0.3,0.477,0.047,0.751,8.5,0.148
20,Dan Roundfield,29,ATL,0.0,2.0,750,0.003,77,36.5,19.0,11.4,2.9,0.8,1.5,0.47,0.185,0.749,7.4,0.127
21,Marques Johnson,26,MIL,0.0,1.5,750,0.002,80,35.7,21.4,7.0,4.5,1.3,0.7,0.509,0.2,0.735,10.7,0.18
22T,Norm Nixon,27,LAL,0.0,1.0,750,0.001,79,34.3,15.1,2.6,7.2,1.3,0.1,0.475,0.0,0.744,3.9,0.069
22T,Kiki Vandeweghe,24,DEN,0.0,1.0,750,0.001,82,35.5,26.7,5.3,2.5,0.8,0.5,0.547,0.294,0.875,11.0,0.182
1,Larry Bird,27,BOS,52.0,652.0,760,0.858,79,38.3,24.2,10.1,6.6,1.8,0.9,0.492,0.247,0.888,13.6,0.215
2,Bernard King,27,NYK,11.0,373.0,760,0.491,77,34.6,26.3,5.1,2.1,1.0,0.2,0.572,0.0,0.779,12.1,0.218
3,Magic Johnson,24,LAL,5.0,305.0,760,0.401,67,38.3,17.6,7.3,13.1,2.2,0.7,0.565,0.207,0.81,10.2,0.191
4,Kareem Abdul-Jabbar,36,LAL,3.0,153.0,760,0.201,80,32.8,21.5,7.3,2.6,0.7,1.8,0.578,0.0,0.723,8.9,0.163
5,Isiah Thomas,22,DET,1.0,115.0,760,0.151,82,36.7,21.3,4.0,11.1,2.5,0.4,0.462,0.338,0.733,9.1,0.144
6,Julius Erving,33,PHI,1.0,98.0,760,0.129,77,34.8,22.4,6.9,4.0,1.8,1.8,0.512,0.333,0.754,10.1,0.18
7,Adrian Dantley,28,UTA,1.0,88.0,760,0.116,79,37.8,30.6,5.7,3.9,0.8,0.1,0.558,0.25,0.859,14.6,0.235
8,Sidney Moncrief,26,MIL,1.0,70.0,760,0.092,79,38.9,20.9,6.7,4.5,1.4,0.3,0.498,0.278,0.848,12.7,0.198
9,Jeff Ruland,25,WSB,1.0,38.0,760,0.05,75,41.1,22.2,12.3,3.9,0.9,1.0,0.579,0.143,0.733,9.3,0.144
10,Moses Malone,28,PHI,0.0,35.0,760,0.046,71,36.8,22.7,13.4,1.4,1.0,1.5,0.483,0.0,0.75,9.5,0.175
11,Mark Aguirre,24,DAL,0.0,28.0,760,0.037,79,36.7,29.5,5.9,4.5,1.0,0.3,0.524,0.268,0.749,9.0,0.149
12,Bill Laimbeer,26,DET,0.0,9.0,760,0.012,82,34.9,17.3,12.2,1.8,0.6,1.0,0.53,0.0,0.866,10.8,0.181
13,Rickey Green,29,UTA,0.0,8.0,760,0.011,81,34.2,13.2,2.8,9.2,2.7,0.2,0.486,0.118,0.821,7.9,0.138
14T,World B. Free,30,CLE,0.0,1.0,760,0.001,75,31.7,22.3,2.9,3.0,1.3,0.1,0.445,0.319,0.784,5.3,0.107
14T,Marques Johnson,27,MIL,0.0,1.0,760,0.001,74,36.7,20.7,6.5,4.3,1.6,0.6,0.502,0.154,0.709,8.6,0.152
1,Larry Bird,28,BOS,73.0,763.0,780,0.978,80,39.5,28.7,10.5,6.6,1.6,1.2,0.522,0.427,0.882,15.7,0.238
2,Magic Johnson,25,LAL,1.0,264.0,780,0.338,77,36.1,18.3,6.2,12.6,1.5,0.3,0.561,0.189,0.843,12.7,0.22
3,Moses Malone,29,PHI,0.0,218.0,780,0.279,79,37.4,24.6,13.1,1.6,0.8,1.6,0.469,0.0,0.815,11.9,0.193
4,Kareem Abdul-Jabbar,37,LAL,0.0,206.0,780,0.264,79,33.3,22.0,7.9,3.2,0.8,2.1,0.599,0.0,0.732,11.2,0.204
5,Terry Cummings,23,MIL,2.0,138.0,780,0.177,79,34.5,23.6,9.1,2.9,1.5,0.8,0.495,0.0,0.741,10.7,0.189
6,Michael Jordan,21,CHI,2.0,134.0,780,0.172,82,38.3,28.2,6.5,5.9,2.4,0.8,0.515,0.173,0.845,14.0,0.213
7,Bernard King,28,NYK,0.0,70.0,780,0.09,55,37.5,32.9,5.8,3.7,1.3,0.3,0.53,0.1,0.772,7.1,0.166
8,Sidney Moncrief,27,MIL,0.0,65.0,780,0.083,73,37.5,21.7,5.4,5.2,1.6,0.5,0.483,0.273,0.828,11.2,0.197
9,Isiah Thomas,23,DET,0.0,63.0,780,0.081,81,38.1,21.2,4.5,13.9,2.3,0.3,0.458,0.257,0.809,11.2,0.173
10,Ralph Sampson,24,HOU,0.0,26.0,780,0.033,82,37.6,22.1,10.4,2.7,1.0,2.0,0.502,0.0,0.676,6.2,0.096
11,Calvin Natt,28,DEN,0.0,22.0,780,0.028,78,34.1,23.3,7.8,3.1,1.0,0.4,0.546,0.0,0.793,10.2,0.185
12T,Alex English,31,DEN,0.0,12.0,780,0.015,81,36.1,27.9,5.7,4.2,1.2,0.6,0.518,0.2,0.829,8.9,0.146
12T,Hakeem Olajuwon,22,HOU,0.0,12.0,780,0.015,82,35.5,20.6,11.9,1.4,1.2,2.7,0.538,,0.613,10.2,0.168
14,Micheal Ray Richardson,29,NJN,0.0,11.0,780,0.014,82,38.1,20.1,5.6,8.2,3.0,0.3,0.469,0.252,0.767,8.7,0.134
15,Andrew Toney,27,PHI,0.0,5.0,780,0.006,70,32.0,17.8,2.5,5.2,0.9,0.3,0.492,0.371,0.862,5.5,0.118
16,Mark Eaton,28,UTA,0.0,4.0,780,0.005,82,34.3,9.7,11.3,1.5,0.4,5.6,0.449,,0.712,5.4,0.093
17T,Paul Pressey,26,MIL,0.0,3.0,780,0.004,80,36.0,16.1,5.4,6.8,1.6,0.7,0.517,0.35,0.758,9.6,0.16
17T,Jack Sikma,29,SEA,0.0,3.0,780,0.004,68,35.3,18.5,10.6,4.2,1.2,1.3,0.489,0.2,0.852,8.3,0.166
17T,Dominique Wilkins,25,ATL,0.0,3.0,780,0.004,81,37.3,27.4,6.9,2.5,1.7,0.7,0.451,0.309,0.806,7.6,0.121
20T,World B. Free,31,CLE,0.0,2.0,780,0.003,71,31.7,22.5,3.0,4.5,1.1,0.2,0.459,0.368,0.749,6.0,0.127
20T,Purvis Short,27,GSW,0.0,2.0,780,0.003,78,39.5,28.0,5.1,3.0,1.5,0.3,0.46,0.313,0.817,6.2,0.097
22T,Clyde Drexler,22,POR,0.0,1.0,780,0.001,80,31.9,17.2,6.0,5.5,2.2,0.9,0.494,0.216,0.759,7.5,0.141
22T,Julius Erving,34,PHI,0.0,1.0,780,0.001,78,32.5,20.0,5.3,3.0,1.7,1.4,0.494,0.214,0.765,7.6,0.144
1,Larry Bird,29,BOS,73.0,765.0,780,0.981,82,38.0,25.8,9.8,6.8,2.0,0.6,0.496,0.423,0.896,15.8,0.244
2,Dominique Wilkins,26,ATL,5.0,407.0,780,0.522,78,39.1,30.3,7.9,2.6,1.8,0.6,0.468,0.186,0.818,10.8,0.17
3,Magic Johnson,26,LAL,0.0,205.0,780,0.263,72,35.8,18.8,5.9,12.6,1.6,0.2,0.526,0.233,0.871,12.1,0.226
4,Hakeem Olajuwon,23,HOU,0.0,193.0,780,0.247,68,36.3,23.5,11.5,2.0,2.0,3.4,0.526,,0.645,9.5,0.186
5,Kareem Abdul-Jabbar,38,LAL,0.0,135.0,780,0.173,79,33.3,23.4,6.1,3.5,0.8,1.6,0.564,0.0,0.765,10.8,0.197
6,Charles Barkley,22,PHI,0.0,133.0,780,0.171,80,36.9,20.0,12.8,3.9,2.2,1.6,0.572,0.227,0.685,10.8,0.176
7,Sidney Moncrief,28,MIL,0.0,56.0,780,0.072,73,35.2,20.2,4.6,4.9,1.4,0.2,0.489,0.32,0.859,11.7,0.219
8,Alex English,32,DEN,0.0,55.0,780,0.071,81,37.3,29.8,5.0,4.0,0.9,0.4,0.504,0.2,0.862,9.8,0.156
9,Isiah Thomas,24,DET,0.0,28.0,780,0.036,77,36.2,20.9,3.6,10.8,2.2,0.3,0.488,0.31,0.79,8.8,0.151
10,Moses Malone,30,PHI,0.0,21.0,780,0.027,74,36.6,23.8,11.8,1.2,0.9,1.0,0.458,0.0,0.787,8.9,0.157
11,Terry Cummings,24,MIL,0.0,9.0,780,0.012,82,32.5,19.8,8.5,2.4,1.5,0.6,0.474,0.0,0.656,7.4,0.133
12,James Worthy,24,LAL,0.0,7.0,780,0.009,75,32.7,20.0,5.2,2.7,1.1,1.0,0.579,0.0,0.771,9.5,0.185
13T,Kevin McHale,28,BOS,0.0,3.0,780,0.004,68,35.3,21.3,8.1,2.7,0.4,2.0,0.574,,0.776,11.0,0.22
13T,Paul Pressey,27,MIL,0.0,3.0,780,0.004,80,33.8,14.3,5.0,7.8,2.1,0.9,0.488,0.182,0.806,9.8,0.174
13T,Alvin Robertson,23,SAS,0.0,3.0,780,0.004,82,35.1,17.0,6.3,5.5,3.7,0.5,0.514,0.276,0.795,8.6,0.143
16T,Adrian Dantley,30,UTA,0.0,2.0,780,0.003,76,36.1,29.8,5.2,3.5,0.8,0.1,0.563,0.091,0.791,12.8,0.223
16T,Buck Williams,25,NJN,0.0,2.0,780,0.003,82,37.4,15.9,12.0,1.6,0.9,1.2,0.523,0.0,0.676,6.8,0.106
18,Dennis Johnson,31,BOS,0.0,1.0,780,0.001,78,35.0,15.6,3.4,5.8,1.4,0.4,0.455,0.143,0.818,6.7,0.118
1,Magic Johnson,27,LAL,65.0,733.0,780,0.94,80,36.3,23.9,6.3,12.2,1.7,0.5,0.522,0.205,0.848,15.9,0.263
2,Michael Jordan,23,CHI,10.0,449.0,780,0.576,82,40.0,37.1,5.2,4.6,2.9,1.5,0.482,0.182,0.857,16.9,0.247
3,Larry Bird,30,BOS,1.0,271.0,780,0.347,74,40.6,28.1,9.2,7.6,1.8,0.9,0.525,0.4,0.91,15.2,0.243
4,Kevin McHale,29,BOS,0.0,254.0,780,0.326,77,39.7,26.1,9.9,2.6,0.5,2.2,0.604,0.0,0.836,14.8,0.232
5,Dominique Wilkins,27,ATL,0.0,128.0,780,0.164,79,37.6,29.0,6.3,3.3,1.5,0.6,0.463,0.292,0.818,12.2,0.197
6,Charles Barkley,23,PHI,1.0,113.0,780,0.145,68,40.3,23.0,14.6,4.9,1.8,1.5,0.594,0.202,0.761,12.0,0.21
7,Hakeem Olajuwon,24,HOU,1.0,28.0,780,0.036,75,36.8,23.4,11.4,2.9,1.9,3.4,0.508,0.2,0.702,10.9,0.189
8,Isiah Thomas,25,DET,0.0,17.0,780,0.022,81,37.2,20.6,3.9,10.0,1.9,0.2,0.463,0.194,0.768,7.6,0.121
9,Fat Lever,26,DEN,0.0,11.0,780,0.014,82,37.2,18.9,8.9,8.0,2.5,0.4,0.469,0.239,0.782,9.7,0.153
10,Moses Malone,31,WSB,0.0,9.0,780,0.012,73,34.1,24.1,11.3,1.6,0.8,1.3,0.454,0.0,0.824,9.4,0.182
11,Steve Johnson,29,POR,0.0,4.0,780,0.005,79,29.7,16.8,7.2,2.0,0.6,1.0,0.556,,0.698,4.4,0.091
12T,Karl Malone,23,UTA,0.0,3.0,780,0.004,82,34.8,21.7,10.4,1.9,1.3,0.7,0.512,0.0,0.598,6.9,0.116
12T,Robert Parish,33,BOS,0.0,3.0,780,0.004,80,37.4,17.5,10.6,2.2,0.8,1.8,0.556,0.0,0.735,9.2,0.147
14,Alex English,33,DEN,0.0,2.0,780,0.003,82,37.6,28.6,4.2,5.1,0.9,0.3,0.503,0.267,0.844,8.1,0.126
15T,Mark Aguirre,27,DAL,0.0,1.0,780,0.001,80,33.3,25.7,5.3,3.2,1.1,0.4,0.495,0.353,0.77,8.9,0.16
15T,Rolando Blackman,27,DAL,0.0,1.0,780,0.001,80,34.5,21.0,3.5,3.3,0.8,0.3,0.495,0.333,0.884,8.0,0.14
15T,Joe Barry Carroll,28,GSW,0.0,1.0,780,0.001,81,33.6,21.2,7.3,2.6,1.1,1.5,0.472,,0.787,4.6,0.082
1,Michael Jordan,24,CHI,47.0,665.0,800,0.831,82,40.4,35.0,5.5,5.9,3.2,1.6,0.535,0.132,0.841,21.2,0.308
2,Larry Bird,31,BOS,16.0,527.0,800,0.659,76,39.0,29.9,9.3,6.1,1.6,0.8,0.527,0.414,0.916,15.0,0.243
3,Magic Johnson,28,LAL,16.0,508.0,800,0.635,72,36.6,19.6,6.2,11.9,1.6,0.2,0.492,0.196,0.853,10.9,0.199
4,Charles Barkley,24,PHI,1.0,109.0,800,0.136,80,39.6,28.3,11.9,3.2,1.3,1.3,0.587,0.28,0.751,16.7,0.253
5,Clyde Drexler,25,POR,0.0,86.0,800,0.108,81,37.8,27.0,6.6,5.8,2.5,0.6,0.506,0.212,0.811,13.2,0.207
6,Dominique Wilkins,28,ATL,0.0,55.0,800,0.069,78,37.8,30.7,6.4,2.9,1.3,0.6,0.464,0.295,0.826,9.8,0.16
7,Hakeem Olajuwon,25,HOU,0.0,40.0,800,0.05,79,35.8,22.8,12.1,2.1,2.1,2.7,0.514,0.0,0.695,10.7,0.182
8,Karl Malone,24,UTA,0.0,36.0,800,0.045,82,39.0,27.7,12.0,2.4,1.4,0.6,0.52,0.0,0.7,10.1,0.152
9,Fat Lever,27,DEN,0.0,26.0,800,0.033,82,37.3,18.9,8.1,7.8,2.7,0.3,0.473,0.211,0.785,10.4,0.163
10,John Stockton,25,UTA,0.0,15.0,800,0.019,82,34.7,14.7,2.9,13.8,3.0,0.2,0.574,0.358,0.84,14.1,0.238
11,Alex English,34,DEN,0.0,4.0,800,0.005,80,35.2,25.0,4.7,4.7,0.9,0.3,0.495,0.0,0.828,7.6,0.129
12,Isiah Thomas,26,DET,0.0,3.0,800,0.004,81,36.1,19.5,3.4,8.4,1.7,0.2,0.463,0.309,0.774,7.6,0.124
13,Mark Jackson,22,NYK,0.0,2.0,800,0.003,82,39.6,13.6,4.8,10.6,2.5,0.1,0.432,0.254,0.774,7.6,0.113
14T,Michael Adams,25,DEN,0.0,1.0,800,0.001,82,33.9,13.9,2.7,6.1,2.0,0.2,0.449,0.367,0.834,7.5,0.13
14T,Mark Aguirre,28,DAL,0.0,1.0,800,0.001,77,33.9,25.1,5.6,3.6,0.9,0.7,0.475,0.302,0.77,8.8,0.163
14T,Adrian Dantley,32,DET,0.0,1.0,800,0.001,69,31.1,20.0,3.3,2.5,0.6,0.1,0.514,0.0,0.86,9.4,0.21
14T,Buck Williams,27,NJN,0.0,1.0,800,0.001,70,37.7,18.3,11.9,1.6,1.0,0.6,0.56,1.0,0.668,7.6,0.138
1,Magic Johnson,29,LAL,42.5,664.5,850,0.782,77,37.5,22.5,7.9,12.8,1.8,0.3,0.509,0.314,0.911,16.1,0.267
2,Michael Jordan,25,CHI,27.5,598.8,850,0.704,81,40.2,32.5,8.0,8.0,2.9,0.8,0.538,0.276,0.85,19.8,0.292
3,Karl Malone,25,UTA,5.0,362.0,850,0.426,80,39.1,29.1,10.7,2.7,1.8,0.9,0.519,0.313,0.766,15.2,0.233
4,Patrick Ewing,26,NYK,8.0,200.0,850,0.235,80,36.2,22.7,9.3,2.4,1.5,3.5,0.567,0.0,0.746,10.9,0.181
5,Hakeem Olajuwon,26,HOU,2.0,179.3,850,0.211,82,36.9,24.8,13.5,1.8,2.6,3.4,0.508,0.0,0.696,12.4,0.197
6,Charles Barkley,25,PHI,0.0,94.3,850,0.111,79,39.1,25.8,12.5,4.1,1.6,0.8,0.579,0.216,0.753,16.1,0.25
7,John Stockton,26,UTA,0.0,28.0,850,0.033,82,38.7,17.1,3.0,13.6,3.2,0.2,0.538,0.242,0.863,15.6,0.236
8,Kevin Johnson,22,PHO,0.0,22.0,850,0.026,81,39.2,20.4,4.2,12.2,1.7,0.3,0.505,0.091,0.882,12.2,0.184
9,Tom Chambers,29,PHO,0.0,20.0,850,0.024,81,37.1,25.7,8.4,2.9,1.1,0.7,0.471,0.326,0.851,9.2,0.146
10,Mark Price,24,CLE,0.0,18.0,850,0.021,75,36.4,18.9,3.0,8.4,1.5,0.1,0.526,0.441,0.901,11.3,0.199
11T,Brad Daugherty,23,CLE,0.0,4.0,850,0.005,78,36.2,18.9,9.2,3.7,0.8,0.5,0.538,0.333,0.737,9.6,0.164
11T,Robert Parish,35,BOS,0.0,4.0,850,0.005,80,35.5,18.6,12.5,2.2,1.0,1.5,0.57,,0.719,10.5,0.177
13T,Mark Eaton,32,UTA,0.0,3.0,850,0.004,82,35.5,6.2,10.3,1.0,0.5,3.8,0.462,,0.66,6.6,0.108
13T,Moses Malone,33,ATL,0.0,3.0,850,0.004,81,35.5,20.2,11.8,1.4,1.0,1.2,0.491,0.0,0.789,10.7,0.178
13T,Chris Mullin,25,GSW,0.0,3.0,850,0.004,82,37.7,26.5,5.9,5.1,2.1,0.5,0.509,0.23,0.892,10.6,0.165
13T,Larry Nance,29,CLE,0.0,3.0,850,0.004,73,34.6,17.2,8.0,2.2,0.8,2.8,0.539,0.0,0.799,10.3,0.197
17T,Terry Cummings,27,MIL,0.0,1.0,850,0.001,80,35.3,22.9,8.1,2.5,1.3,0.9,0.467,0.467,0.787,7.7,0.131
17T,Joe Dumars,25,DET,0.0,1.0,850,0.001,69,34.9,17.2,2.5,5.7,0.9,0.1,0.505,0.483,0.85,7.0,0.14
17T,Isiah Thomas,27,DET,0.0,1.0,850,0.001,80,36.6,18.2,3.4,8.3,1.7,0.3,0.464,0.273,0.818,7.0,0.115
1,Magic Johnson,30,LAL,27.0,636.0,920,0.691,79,37.2,22.3,6.6,11.5,1.7,0.4,0.48,0.384,0.89,16.5,0.27
2,Charles Barkley,26,PHI,38.0,614.0,920,0.667,79,39.1,25.2,11.5,3.9,1.9,0.6,0.6,0.217,0.749,17.3,0.269
3,Michael Jordan,26,CHI,21.0,564.0,920,0.613,82,39.0,33.6,6.9,6.3,2.8,0.7,0.526,0.376,0.848,19.0,0.285
4,Karl Malone,26,UTA,2.0,214.0,920,0.233,82,38.1,31.0,11.1,2.8,1.5,0.6,0.562,0.372,0.762,15.9,0.245
5,Patrick Ewing,27,NYK,1.0,162.0,920,0.176,82,38.6,28.6,10.9,2.2,1.0,4.0,0.551,0.25,0.775,13.5,0.205
6,David Robinson,24,SAS,2.0,102.0,920,0.111,82,36.6,24.3,12.0,2.0,1.7,3.9,0.531,0.0,0.732,15.1,0.241
7,Hakeem Olajuwon,27,HOU,1.0,64.0,920,0.07,82,38.1,24.3,14.0,2.9,2.1,4.6,0.501,0.167,0.713,11.2,0.173
8,Tom Chambers,30,PHO,0.0,12.0,920,0.013,81,37.6,27.2,7.0,2.3,1.1,0.6,0.501,0.279,0.861,11.2,0.176
9,John Stockton,27,UTA,0.0,9.0,920,0.01,78,37.4,17.2,2.6,14.5,2.7,0.2,0.514,0.416,0.819,14.4,0.238
10T,Larry Bird,33,BOS,0.0,5.0,920,0.005,75,39.3,24.3,9.5,7.5,1.4,0.8,0.473,0.333,0.93,9.5,0.154
10T,Buck Williams,29,POR,0.0,5.0,920,0.005,82,34.2,13.6,9.8,1.4,0.8,0.5,0.548,0.0,0.706,8.7,0.149
12,Clyde Drexler,27,POR,0.0,3.0,920,0.003,73,36.8,23.3,6.9,5.9,2.0,0.7,0.494,0.283,0.774,11.6,0.208
13T,Joe Dumars,26,DET,0.0,1.0,920,0.001,75,34.4,17.8,2.8,4.9,0.8,0.0,0.48,0.4,0.9,8.7,0.162
13T,Isiah Thomas,28,DET,0.0,1.0,920,0.001,81,37.0,18.4,3.8,9.4,1.7,0.2,0.438,0.309,0.775,6.7,0.107
1,Michael Jordan,27,CHI,77.0,891.0,960,0.928,82,37.0,31.5,6.0,5.5,2.7,1.0,0.539,0.312,0.851,20.3,0.321
2,Magic Johnson,31,LAL,10.0,497.0,960,0.518,79,37.1,19.4,7.0,12.5,1.3,0.2,0.477,0.32,0.906,15.4,0.251
3,David Robinson,25,SAS,6.0,476.0,960,0.496,82,37.7,25.6,13.0,2.5,1.5,3.9,0.552,0.143,0.762,17.0,0.264
4,Charles Barkley,27,PHI,2.0,222.0,960,0.231,67,37.3,27.6,10.1,4.2,1.6,0.5,0.57,0.284,0.722,13.4,0.258
5,Karl Malone,27,UTA,0.0,142.0,960,0.148,82,40.3,29.0,11.8,3.3,1.1,1.0,0.527,0.286,0.77,15.5,0.225
6,Clyde Drexler,28,POR,1.0,75.0,960,0.078,82,34.8,21.5,6.7,6.0,1.8,0.7,0.482,0.319,0.794,12.4,0.209
7,Kevin Johnson,24,PHO,0.0,32.0,960,0.033,77,36.0,22.2,3.5,10.1,2.1,0.1,0.516,0.205,0.843,12.7,0.22
8,Dominique Wilkins,31,ATL,0.0,29.0,960,0.03,81,38.0,25.9,9.0,3.3,1.5,0.8,0.47,0.341,0.829,11.4,0.177
9T,Larry Bird,34,BOS,0.0,25.0,960,0.026,60,38.0,19.4,8.5,7.2,1.8,1.0,0.454,0.389,0.891,6.6,0.14
9T,Terry Porter,27,POR,0.0,25.0,960,0.026,81,32.9,17.0,3.5,8.0,2.0,0.1,0.515,0.415,0.823,13.0,0.235
11,Patrick Ewing,28,NYK,0.0,20.0,960,0.021,81,38.3,26.6,11.2,3.0,1.0,3.2,0.514,0.0,0.745,10.0,0.155
12,John Stockton,28,UTA,0.0,15.0,960,0.016,82,37.8,17.2,2.9,14.2,2.9,0.2,0.507,0.345,0.836,14.0,0.217
13,Isiah Thomas,29,DET,0.0,11.0,960,0.011,48,34.5,16.2,3.3,9.3,1.6,0.2,0.435,0.292,0.782,3.4,0.098
14,Robert Parish,37,BOS,0.0,10.0,960,0.01,81,30.1,14.9,10.6,0.8,0.8,1.3,0.598,0.0,0.767,10.0,0.198
15,Joe Dumars,27,DET,0.0,8.0,960,0.008,80,38.1,20.4,2.3,5.5,1.1,0.1,0.481,0.311,0.89,9.9,0.155
16,Bernard King,34,WSB,0.0,7.0,960,0.007,64,37.5,28.4,5.0,4.6,0.9,0.3,0.472,0.216,0.79,3.5,0.07
17,Kenny Smith,25,HOU,0.0,5.0,960,0.005,78,34.6,17.7,2.1,7.1,1.4,0.1,0.52,0.363,0.844,9.0,0.161
18,Hakeem Olajuwon,28,HOU,0.0,4.0,960,0.004,56,36.8,21.2,13.8,2.3,2.2,3.9,0.508,0.0,0.769,8.6,0.201
19T,Tim Hardaway,24,GSW,0.0,1.0,960,0.001,82,39.2,22.9,4.0,9.7,2.6,0.1,0.476,0.385,0.803,9.9,0.148
19T,Kevin McHale,33,BOS,0.0,1.0,960,0.001,68,30.4,18.4,7.1,1.9,0.4,2.1,0.553,0.405,0.829,7.9,0.182
1,Michael Jordan,28,CHI,80.0,900.0,960,0.938,80,38.8,30.1,6.4,6.1,2.3,0.9,0.519,0.27,0.832,17.7,0.274
2,Clyde Drexler,29,POR,12.0,561.0,960,0.584,76,36.2,25.0,6.6,6.7,1.8,0.9,0.47,0.337,0.794,12.8,0.223
3,David Robinson,26,SAS,2.0,337.0,960,0.351,68,37.7,23.2,12.2,2.7,2.3,4.5,0.551,0.125,0.701,13.9,0.26
4,Karl Malone,28,UTA,1.0,262.0,960,0.273,81,37.7,28.0,11.2,3.0,1.3,0.6,0.526,0.176,0.778,15.1,0.237
5,Patrick Ewing,29,NYK,0.0,100.0,960,0.104,82,38.4,24.0,11.2,1.9,1.1,3.0,0.522,0.167,0.738,13.0,0.198
6,Chris Mullin,28,GSW,0.0,81.0,960,0.084,81,41.3,25.6,5.6,3.5,2.1,0.8,0.524,0.366,0.833,10.8,0.155
7,Mark Price,27,CLE,0.0,66.0,960,0.069,72,29.7,17.3,2.4,7.4,1.3,0.2,0.488,0.387,0.947,9.1,0.205
8,Tim Hardaway,25,GSW,0.0,64.0,960,0.067,81,41.1,23.4,3.8,10.0,2.0,0.2,0.461,0.338,0.766,9.2,0.132
9,Scottie Pippen,26,CHI,1.0,32.0,960,0.033,82,38.6,21.0,7.7,7.0,1.9,1.1,0.506,0.2,0.76,12.7,0.192
10,Dennis Rodman,30,DET,0.0,26.0,960,0.027,82,40.3,9.8,18.7,2.3,0.8,0.9,0.539,0.317,0.6,12.6,0.183
11,Brad Daugherty,26,CLE,0.0,24.0,960,0.025,73,36.2,21.5,10.4,3.6,0.9,1.1,0.57,0.0,0.777,11.7,0.213
12T,Charles Barkley,28,PHI,0.0,18.0,960,0.019,75,38.4,23.1,11.1,4.1,1.8,0.6,0.552,0.234,0.695,12.3,0.205
12T,John Stockton,29,UTA,0.0,18.0,960,0.019,82,36.6,15.8,3.3,13.7,3.0,0.3,0.482,0.407,0.842,13.4,0.215
14,Larry Bird,35,BOS,0.0,3.0,960,0.003,45,36.9,20.2,9.6,6.8,0.9,0.7,0.466,0.406,0.926,5.5,0.159
15,Kevin Johnson,25,PHO,0.0,2.0,960,0.002,78,37.2,19.7,3.7,10.7,1.5,0.3,0.479,0.217,0.807,10.0,0.165
16T,Danny Manning,25,LAC,0.0,1.0,960,0.001,82,35.4,19.3,6.9,3.5,1.6,1.5,0.542,0.0,0.725,9.8,0.162
16T,Detlef Schrempf,29,IND,0.0,1.0,960,0.001,80,32.6,17.3,9.6,3.9,0.8,0.5,0.536,0.324,0.828,9.8,0.181
1,Charles Barkley,29,PHO,59.0,835.0,980,0.852,76,37.6,25.6,12.2,5.1,1.6,1.0,0.52,0.305,0.765,14.4,0.242
2,Hakeem Olajuwon,30,HOU,22.0,647.0,980,0.66,82,39.5,26.1,13.0,3.5,1.8,4.2,0.529,0.0,0.779,15.8,0.234
3,Michael Jordan,29,CHI,13.0,565.0,980,0.577,78,39.3,32.6,6.7,5.5,2.8,0.8,0.495,0.352,0.837,17.2,0.27
4,Patrick Ewing,30,NYK,4.0,359.0,980,0.366,81,37.1,24.2,12.1,1.9,0.9,2.0,0.503,0.143,0.719,10.6,0.17
5,Dominique Wilkins,33,ATL,0.0,54.0,980,0.055,71,37.3,29.9,6.8,3.2,1.0,0.4,0.468,0.38,0.828,10.5,0.191
6,David Robinson,27,SAS,0.0,33.0,980,0.034,82,39.2,23.4,11.7,3.7,1.5,3.2,0.501,0.176,0.732,13.2,0.197
7,Shaquille O'Neal,20,ORL,0.0,30.0,980,0.031,81,37.9,23.4,13.9,1.9,0.7,3.5,0.562,0.0,0.592,10.4,0.163
8T,Karl Malone,29,UTA,0.0,10.0,980,0.01,82,37.8,27.0,11.2,3.8,1.5,1.0,0.552,0.2,0.74,15.4,0.238
8T,Mark Price,28,CLE,0.0,10.0,980,0.01,75,31.7,18.2,2.7,8.0,1.2,0.1,0.484,0.416,0.948,9.8,0.197
10T,Brad Daugherty,27,CLE,0.0,1.0,980,0.001,71,37.9,20.2,10.2,4.4,0.7,0.8,0.571,0.5,0.795,12.7,0.226
10T,Clyde Drexler,30,POR,0.0,1.0,980,0.001,49,34.1,19.9,6.3,5.7,1.9,0.8,0.429,0.233,0.839,6.0,0.171
10T,Joe Dumars,29,DET,0.0,1.0,980,0.001,77,40.2,23.5,1.9,4.0,1.0,0.1,0.466,0.375,0.864,9.1,0.141
10T,Shawn Kemp,23,SEA,0.0,1.0,980,0.001,78,33.1,17.8,10.7,2.0,1.5,1.9,0.492,0.0,0.712,9.1,0.169
10T,John Stockton,30,UTA,0.0,1.0,980,0.001,82,34.9,15.1,2.9,12.0,2.4,0.3,0.486,0.385,0.798,10.6,0.177
1,Hakeem Olajuwon,31,HOU,66.0,889.0,1010,0.88,80,41.0,27.3,11.9,3.6,1.6,3.7,0.528,0.421,0.716,14.3,0.21
2,David Robinson,28,SAS,24.0,730.0,1010,0.723,80,40.5,29.8,10.7,4.8,1.7,3.3,0.507,0.345,0.749,20.0,0.296
3,Scottie Pippen,28,CHI,7.0,390.0,1010,0.386,72,38.3,22.0,8.7,5.6,2.9,0.8,0.491,0.32,0.66,11.2,0.194
4,Shaquille O'Neal,21,ORL,3.0,289.0,1010,0.286,81,39.8,29.3,13.2,2.4,0.9,2.9,0.599,0.0,0.554,16.9,0.252
5,Patrick Ewing,31,NYK,1.0,255.0,1010,0.252,79,37.6,24.5,11.2,2.3,1.1,2.7,0.496,0.286,0.765,13.1,0.211
6,Gary Payton,25,SEA,0.0,20.0,1010,0.02,82,35.1,16.5,3.3,6.0,2.3,0.2,0.504,0.278,0.595,9.3,0.155
7T,Shawn Kemp,24,SEA,0.0,17.0,1010,0.017,79,32.9,18.1,10.8,2.6,1.8,2.1,0.538,0.25,0.741,11.7,0.216
7T,Karl Malone,30,UTA,0.0,17.0,1010,0.017,82,40.6,25.2,11.5,4.0,1.5,1.5,0.497,0.25,0.694,13.4,0.193
9,Mark Price,29,CLE,0.0,7.0,1010,0.007,76,31.4,17.3,3.0,7.8,1.4,0.1,0.478,0.397,0.888,10.0,0.201
10,Charles Barkley,30,PHO,0.0,5.0,1010,0.005,65,35.4,21.6,11.2,4.6,1.6,0.6,0.495,0.27,0.704,8.8,0.185
11T,Mookie Blaylock,26,ATL,0.0,1.0,1010,0.001,81,36.0,13.8,5.2,9.7,2.6,0.5,0.411,0.334,0.73,10.2,0.168
11T,Kevin Johnson,27,PHO,0.0,1.0,1010,0.001,67,36.6,20.0,2.5,9.5,1.9,0.1,0.487,0.222,0.819,8.7,0.17
11T,Dennis Rodman,32,SAS,0.0,1.0,1010,0.001,79,37.8,4.7,17.3,2.3,0.7,0.4,0.534,0.208,0.52,8.7,0.14
11T,Latrell Sprewell,23,GSW,0.0,1.0,1010,0.001,82,43.1,21.0,4.9,4.7,2.2,0.9,0.433,0.361,0.774,8.0,0.108
11T,John Stockton,31,UTA,0.0,1.0,1010,0.001,82,36.2,15.1,3.1,12.6,2.4,0.3,0.528,0.322,0.805,13.2,0.214
11T,Dominique Wilkins,34,TOT,0.0,1.0,1010,0.001,74,35.6,26.0,6.5,2.3,1.2,0.4,0.44,0.288,0.847,8.4,0.153
11T,Kevin Willis,31,ATL,0.0,1.0,1010,0.001,80,35.8,19.1,12.0,1.9,1.0,0.5,0.499,0.375,0.713,10.2,0.17
1,David Robinson,29,SAS,73.0,901.0,1050,0.858,81,38.0,27.6,10.8,2.9,1.7,3.2,0.53,0.3,0.774,17.5,0.273
2,Shaquille O'Neal,22,ORL,12.0,605.0,1050,0.576,79,37.0,29.3,11.4,2.7,0.9,2.4,0.583,0.0,0.533,14.0,0.23
3,Karl Malone,31,UTA,14.0,532.0,1050,0.507,82,38.1,26.7,10.6,3.5,1.6,1.0,0.536,0.268,0.742,13.8,0.212
4,Patrick Ewing,32,NYK,2.0,230.0,1050,0.219,79,37.0,23.9,11.0,2.7,0.9,2.0,0.503,0.286,0.75,9.6,0.157
5,Hakeem Olajuwon,32,HOU,1.0,147.0,1050,0.14,72,39.6,27.8,10.8,3.5,1.8,3.4,0.517,0.188,0.756,10.7,0.181
6,Charles Barkley,31,PHO,1.0,96.0,1050,0.091,68,35.0,23.0,11.1,4.1,1.6,0.7,0.486,0.338,0.748,10.6,0.214
7,Scottie Pippen,29,CHI,1.0,83.0,1050,0.079,79,38.2,21.4,8.1,5.2,2.9,1.1,0.48,0.345,0.716,11.8,0.188
8,John Stockton,32,UTA,1.0,47.0,1050,0.045,82,35.0,14.7,3.1,12.3,2.4,0.3,0.542,0.449,0.804,13.9,0.233
9,Gary Payton,26,SEA,0.0,34.0,1050,0.032,82,36.8,20.6,3.4,7.1,2.5,0.2,0.509,0.302,0.716,11.7,0.187
10,Anfernee Hardaway,23,ORL,0.0,23.0,1050,0.022,77,37.7,20.9,4.4,7.2,1.7,0.3,0.512,0.349,0.769,10.7,0.177
11,Michael Jordan,31,CHI,0.0,12.0,1050,0.011,17,39.3,26.9,6.9,5.3,1.8,0.8,0.411,0.5,0.801,2.3,0.167
12,Dennis Rodman,33,SAS,0.0,9.0,1050,0.009,49,32.0,7.1,16.8,2.0,0.6,0.5,0.571,0.0,0.676,5.8,0.178
13,Jason Kidd,21,DAL,0.0,7.0,1050,0.007,79,33.8,11.7,5.4,7.7,1.9,0.3,0.385,0.272,0.698,3.7,0.066
14,Clyde Drexler,32,TOT,0.0,3.0,1050,0.003,76,35.9,21.8,6.3,4.8,1.8,0.6,0.461,0.36,0.824,11.7,0.206
15,Cedric Ceballos,25,LAL,0.0,1.0,1050,0.001,58,35.0,21.7,8.0,1.8,1.0,0.3,0.509,0.397,0.716,5.2,0.123
1,Michael Jordan,32,CHI,109.0,1114.0,1130,0.986,82,37.7,30.4,6.6,4.3,2.2,0.5,0.495,0.427,0.834,20.4,0.317
2,David Robinson,30,SAS,0.0,574.0,1130,0.508,82,36.8,25.0,12.2,3.0,1.4,3.3,0.516,0.333,0.761,18.3,0.29
3,Anfernee Hardaway,24,ORL,2.0,360.0,1130,0.319,82,36.8,21.7,4.3,7.1,2.0,0.5,0.513,0.314,0.767,14.4,0.229
4,Hakeem Olajuwon,33,HOU,1.0,238.0,1130,0.211,72,38.8,26.9,10.9,3.6,1.6,2.9,0.514,0.214,0.724,9.7,0.166
5,Scottie Pippen,30,CHI,0.0,226.0,1130,0.2,77,36.7,19.4,6.4,5.9,1.7,0.7,0.463,0.374,0.679,12.3,0.209
6,Gary Payton,27,SEA,0.0,98.0,1130,0.087,81,39.0,19.3,4.2,7.5,2.9,0.2,0.484,0.328,0.748,11.5,0.174
7,Karl Malone,32,UTA,1.0,85.0,1130,0.075,82,38.0,25.7,9.8,4.2,1.7,0.7,0.519,0.4,0.723,15.1,0.233
8,Shawn Kemp,26,SEA,0.0,73.0,1130,0.065,79,33.3,19.6,11.4,2.2,1.2,1.6,0.561,0.417,0.742,11.2,0.205
9T,Grant Hill,23,DET,0.0,63.0,1130,0.056,80,40.8,20.2,9.8,6.9,1.3,0.6,0.462,0.192,0.751,11.7,0.172
9T,Shaquille O'Neal,23,ORL,0.0,63.0,1130,0.056,54,36.0,26.6,11.0,2.9,0.6,2.1,0.573,0.5,0.487,6.9,0.171
11,John Stockton,33,UTA,0.0,12.0,1130,0.011,82,35.5,14.7,2.8,11.2,1.7,0.2,0.538,0.422,0.83,13.0,0.214
12T,Charles Barkley,32,PHO,0.0,8.0,1130,0.007,71,37.1,23.2,11.6,3.7,1.6,0.8,0.5,0.28,0.777,10.5,0.191
12T,Magic Johnson,36,LAL,0.0,8.0,1130,0.007,32,29.9,14.6,5.7,6.9,0.8,0.4,0.466,0.379,0.856,3.6,0.181
14,Alonzo Mourning,25,MIA,0.0,6.0,1130,0.005,70,38.2,23.2,10.4,2.3,1.0,2.7,0.523,0.3,0.685,9.9,0.178
15,Dennis Rodman,34,CHI,0.0,4.0,1130,0.004,64,32.6,5.5,14.9,2.5,0.6,0.4,0.48,0.111,0.528,6.2,0.143
16T,Terrell Brandon,25,CLE,0.0,3.0,1130,0.003,75,34.3,19.3,3.3,6.5,1.8,0.4,0.465,0.387,0.887,12.7,0.237
16T,Mitch Richmond,30,SAC,0.0,3.0,1130,0.003,81,36.4,23.1,3.3,3.1,1.5,0.2,0.447,0.437,0.866,9.3,0.151
1,Karl Malone,33,UTA,63.0,986.0,1150,0.857,82,36.6,27.4,9.9,4.5,1.4,0.6,0.55,0.0,0.755,16.7,0.268
2,Michael Jordan,33,CHI,52.0,957.0,1150,0.832,82,37.9,29.6,5.9,4.3,1.7,0.5,0.486,0.374,0.833,18.3,0.283
3,Grant Hill,24,DET,0.0,376.0,1150,0.327,80,39.3,21.4,9.0,7.3,1.8,0.6,0.496,0.303,0.711,14.6,0.223
4,Tim Hardaway,30,MIA,0.0,238.0,1150,0.207,81,38.7,20.3,3.4,8.6,1.9,0.1,0.415,0.344,0.799,12.9,0.198
5,Glen Rice,29,CHH,0.0,134.0,1150,0.117,79,42.6,26.8,4.0,2.0,0.9,0.3,0.477,0.47,0.867,10.8,0.154
6,Gary Payton,28,SEA,0.0,105.0,1150,0.091,82,39.2,21.8,4.6,7.1,2.4,0.2,0.476,0.313,0.715,12.9,0.193
7,Hakeem Olajuwon,34,HOU,0.0,95.0,1150,0.083,78,36.6,23.2,9.2,3.0,1.5,2.2,0.51,0.313,0.787,9.1,0.154
8,Patrick Ewing,34,NYK,0.0,57.0,1150,0.05,78,37.0,22.4,10.7,2.0,0.9,2.4,0.488,0.222,0.754,9.8,0.163
9T,Anthony Mason,30,CHH,0.0,7.0,1150,0.006,73,43.1,16.2,11.4,5.7,1.0,0.5,0.525,0.333,0.745,11.4,0.173
9T,Shaquille O'Neal,24,LAL,0.0,7.0,1150,0.006,51,38.1,26.2,12.5,3.1,0.9,2.9,0.557,0.0,0.484,8.0,0.197
11,Scottie Pippen,31,CHI,0.0,6.0,1150,0.005,82,37.7,20.2,6.5,5.7,1.9,0.5,0.474,0.368,0.701,13.1,0.203
12,Alonzo Mourning,26,MIA,0.0,5.0,1150,0.004,66,35.2,19.8,9.9,1.6,0.8,2.9,0.534,0.111,0.642,8.4,0.174
13T,Dikembe Mutombo,30,ATL,0.0,4.0,1150,0.003,80,37.2,13.3,11.6,1.4,0.6,3.3,0.527,,0.705,11.3,0.183
13T,Mitch Richmond,31,SAC,0.0,4.0,1150,0.003,81,38.6,25.9,3.9,4.2,1.5,0.3,0.454,0.428,0.861,10.8,0.166
15,John Stockton,34,UTA,0.0,3.0,1150,0.003,82,35.3,14.4,2.8,10.5,2.0,0.2,0.548,0.422,0.846,13.6,0.226
16,Charles Barkley,33,HOU,0.0,2.0,1150,0.002,53,37.9,19.2,13.5,4.7,1.3,0.5,0.484,0.283,0.694,9.4,0.224
17T,Tom Gugliotta,27,MIN,0.0,1.0,1150,0.001,81,38.7,20.6,8.7,4.1,1.6,1.1,0.442,0.258,0.82,6.7,0.103
17T,Allen Iverson,21,PHI,0.0,1.0,1150,0.001,76,40.1,23.5,4.1,7.5,2.1,0.3,0.416,0.341,0.702,4.1,0.065
17T,Kevin Johnson,30,PHO,0.0,1.0,1150,0.001,70,38.0,20.1,3.6,9.3,1.5,0.2,0.496,0.441,0.852,11.7,0.211
17T,Steve Smith,27,ATL,0.0,1.0,1150,0.001,72,39.1,20.1,3.3,4.2,0.9,0.3,0.429,0.335,0.847,9.1,0.154
1,Michael Jordan,34,CHI,92.0,1084.0,1160,0.934,82,38.8,28.7,5.8,3.5,1.7,0.5,0.465,0.238,0.784,15.8,0.238
2,Karl Malone,34,UTA,20.0,842.0,1160,0.726,81,37.4,27.0,10.3,3.9,1.2,0.9,0.53,0.333,0.761,16.4,0.259
3,Gary Payton,29,SEA,3.0,431.0,1160,0.372,82,38.4,19.2,4.6,8.3,2.3,0.2,0.453,0.338,0.744,12.5,0.19
4,Shaquille O'Neal,25,LAL,1.0,311.0,1160,0.268,60,36.3,28.3,11.4,2.4,0.7,2.4,0.584,,0.527,10.2,0.224
5,Tim Duncan,21,SAS,0.0,148.0,1160,0.128,82,39.1,21.1,11.9,2.7,0.7,2.5,0.549,0.0,0.662,12.8,0.192
6,Tim Hardaway,31,MIA,0.0,71.0,1160,0.061,81,37.4,18.9,3.7,8.3,1.7,0.2,0.431,0.351,0.781,11.7,0.185
7,David Robinson,32,SAS,0.0,36.0,1160,0.031,73,33.7,21.6,10.6,2.7,0.9,2.6,0.511,0.25,0.735,13.8,0.269
8,Vin Baker,26,SEA,0.0,24.0,1160,0.021,82,35.9,19.2,8.0,1.9,1.1,1.0,0.542,0.143,0.591,10.4,0.169
9,Grant Hill,25,DET,0.0,23.0,1160,0.02,81,40.7,21.1,7.7,6.8,1.8,0.7,0.452,0.143,0.74,10.2,0.149
10,Scottie Pippen,32,CHI,0.0,14.0,1160,0.012,44,37.5,19.1,5.2,5.8,1.8,1.0,0.447,0.318,0.777,6.6,0.193
11,Glen Rice,30,CHH,0.0,7.0,1160,0.006,82,40.2,22.3,4.3,2.2,0.9,0.3,0.457,0.433,0.849,9.3,0.136
12,Antoine Walker,21,BOS,0.0,6.0,1160,0.005,82,39.9,22.4,10.2,3.3,1.7,0.7,0.423,0.312,0.645,4.7,0.07
13T,Jason Kidd,24,PHO,0.0,5.0,1160,0.004,82,38.0,11.6,6.2,9.1,2.0,0.3,0.416,0.313,0.799,8.0,0.123
13T,John Stockton,35,UTA,0.0,5.0,1160,0.004,64,29.0,12.0,2.6,8.5,1.4,0.2,0.528,0.429,0.827,8.0,0.206
15,Mitch Richmond,32,SAC,0.0,3.0,1160,0.003,70,36.7,23.2,3.3,4.0,1.3,0.2,0.445,0.389,0.864,7.9,0.148
16T,Reggie Miller,32,IND,0.0,2.0,1160,0.002,81,34.5,19.5,2.9,2.1,1.0,0.1,0.477,0.429,0.868,12.0,0.206
16T,Rik Smits,31,IND,0.0,2.0,1160,0.002,73,28.6,16.7,6.9,1.4,0.5,1.2,0.495,0.0,0.783,6.1,0.141
18T,Michael Finley,24,DAL,0.0,1.0,1160,0.001,82,41.4,21.5,5.3,4.9,1.6,0.4,0.449,0.357,0.784,7.5,0.106
18T,Rod Strickland,31,WAS,0.0,1.0,1160,0.001,76,39.7,17.8,5.3,10.5,1.7,0.3,0.434,0.25,0.726,8.1,0.129
1,Karl Malone,35,UTA,44.0,827.0,1180,0.701,49,37.4,23.8,9.4,4.1,1.3,0.6,0.493,0.0,0.788,9.6,0.252
2,Alonzo Mourning,28,MIA,36.0,773.0,1180,0.655,46,38.1,20.1,11.0,1.6,0.7,3.9,0.511,0.0,0.652,7.9,0.216
3,Tim Duncan,22,SAS,30.0,740.0,1180,0.627,50,39.3,21.7,11.4,2.4,0.9,2.5,0.495,0.143,0.69,8.7,0.213
4,Allen Iverson,23,PHI,5.0,319.0,1180,0.27,48,41.5,26.8,4.9,4.6,2.3,0.1,0.412,0.291,0.751,7.2,0.173
5,Jason Kidd,25,PHO,2.0,159.0,1180,0.135,50,41.2,16.9,6.8,10.8,2.3,0.4,0.444,0.366,0.757,8.1,0.188
6,Shaquille O'Neal,26,LAL,1.0,89.0,1180,0.075,49,34.8,26.3,10.7,2.3,0.7,1.7,0.576,0.0,0.54,9.0,0.255
7,Chris Webber,25,SAC,0.0,51.0,1180,0.043,42,40.9,20.0,13.0,4.1,1.4,2.1,0.486,0.118,0.454,3.6,0.102
8,Grant Hill,26,DET,0.0,39.0,1180,0.033,50,37.0,21.1,7.1,6.0,1.6,0.5,0.479,0.0,0.752,7.3,0.189
9,Gary Payton,30,SEA,0.0,35.0,1180,0.03,50,40.2,21.7,4.9,8.7,2.2,0.2,0.434,0.295,0.721,7.2,0.172
10,Kevin Garnett,22,MIN,0.0,9.0,1180,0.008,47,37.9,20.8,10.4,4.3,1.7,1.8,0.46,0.286,0.704,5.4,0.146
11,Shawn Kemp,29,CLE,0.0,7.0,1180,0.006,42,35.1,20.5,9.2,2.4,1.1,1.1,0.482,0.5,0.789,6.3,0.205
12,David Robinson,33,SAS,0.0,6.0,1180,0.005,49,31.7,15.8,10.0,2.1,1.4,2.4,0.509,0.0,0.658,8.4,0.261
13T,Hakeem Olajuwon,36,HOU,0.0,3.0,1180,0.003,50,35.7,18.9,9.6,1.8,1.6,2.5,0.514,0.308,0.717,6.5,0.175
13T,Arvydas Sabonis,34,POR,0.0,3.0,1180,0.003,50,27.0,12.1,7.9,2.4,0.7,1.3,0.485,0.292,0.771,5.8,0.207
15,Darrell Armstrong,30,ORL,0.0,2.0,1180,0.002,50,30.0,13.8,3.6,6.7,2.2,0.1,0.441,0.365,0.904,6.4,0.205
16T,Vince Carter,22,TOR,0.0,1.0,1180,0.001,50,35.2,18.3,5.7,3.0,1.1,1.5,0.45,0.288,0.761,5.0,0.136
16T,Anfernee Hardaway,27,ORL,0.0,1.0,1180,0.001,50,38.9,15.8,5.7,5.3,2.2,0.5,0.42,0.286,0.706,5.0,0.122
16T,Mark Jackson,33,IND,0.0,1.0,1180,0.001,49,28.2,7.6,3.8,7.9,0.9,0.1,0.419,0.311,0.823,3.8,0.134
16T,Glenn Robinson,26,MIL,0.0,1.0,1180,0.001,47,33.6,18.4,5.9,2.1,1.0,0.9,0.459,0.392,0.87,4.0,0.122
16T,Steve Smith,29,ATL,0.0,1.0,1180,0.001,36,36.5,18.7,4.2,3.3,1.0,0.3,0.402,0.338,0.849,4.4,0.162
16T,Rasheed Wallace,24,POR,0.0,1.0,1180,0.001,49,28.9,12.8,4.9,1.2,1.0,1.1,0.508,0.419,0.732,5.0,0.169
1,Shaquille O'Neal,27,LAL,120.0,1207.0,1210,0.998,79,40.0,29.7,13.6,3.8,0.5,3.0,0.574,0.0,0.524,18.6,0.283
2,Kevin Garnett,23,MIN,0.0,408.0,1210,0.337,81,40.0,22.9,11.8,5.0,1.5,1.6,0.497,0.37,0.765,11.6,0.172
3,Alonzo Mourning,29,MIA,0.0,367.0,1210,0.303,79,34.8,21.7,9.5,1.6,0.5,3.7,0.551,0.0,0.711,12.9,0.226
4,Karl Malone,36,UTA,0.0,312.0,1210,0.258,82,35.9,25.5,9.5,3.7,1.0,0.9,0.509,0.25,0.797,15.3,0.249
5,Tim Duncan,23,SAS,0.0,248.0,1210,0.205,74,38.9,23.2,12.4,3.2,0.9,2.2,0.49,0.091,0.761,13.0,0.218
6,Gary Payton,31,SEA,0.0,180.0,1210,0.149,82,41.8,24.2,6.5,8.9,1.9,0.2,0.448,0.34,0.735,13.9,0.195
7,Allen Iverson,24,PHI,1.0,132.0,1210,0.109,70,40.8,28.4,3.8,4.7,2.1,0.1,0.421,0.341,0.713,6.9,0.116
8,Grant Hill,27,DET,0.0,113.0,1210,0.093,74,37.5,25.8,6.6,5.2,1.4,0.6,0.489,0.347,0.795,10.7,0.185
9,Chris Webber,26,SAC,0.0,96.0,1210,0.079,75,38.4,24.5,10.5,4.6,1.6,1.7,0.483,0.284,0.751,10.7,0.179
10,Vince Carter,23,TOR,0.0,51.0,1210,0.042,82,38.1,25.7,5.8,3.9,1.3,1.1,0.465,0.403,0.791,11.8,0.182
11,Jason Kidd,26,PHO,0.0,25.0,1210,0.021,67,39.0,14.3,7.2,10.1,2.0,0.4,0.409,0.337,0.829,8.5,0.156
12,Kobe Bryant,21,LAL,0.0,3.0,1210,0.002,66,38.2,22.5,6.3,4.9,1.6,0.9,0.468,0.319,0.821,10.6,0.202
13T,Darrell Armstrong,31,ORL,0.0,1.0,1210,0.001,82,31.6,16.2,3.3,6.1,2.1,0.1,0.433,0.34,0.911,8.0,0.149
13T,Michael Finley,26,DAL,0.0,1.0,1210,0.001,82,42.2,22.6,6.3,5.3,1.3,0.4,0.457,0.401,0.82,8.3,0.114
13T,Reggie Miller,34,IND,0.0,1.0,1210,0.001,81,36.9,18.1,3.0,2.3,1.0,0.3,0.448,0.408,0.919,10.1,0.162
13T,Jalen Rose,27,IND,0.0,1.0,1210,0.001,80,37.2,18.2,4.8,4.0,1.1,0.6,0.471,0.393,0.827,7.3,0.118
1,Allen Iverson,25,PHI,93.0,1121.0,1240,0.904,71,42.0,31.1,3.8,4.6,2.5,0.3,0.42,0.32,0.814,11.8,0.19
2,Tim Duncan,24,SAS,18.0,706.0,1240,0.569,82,38.7,22.2,12.2,3.0,0.9,2.3,0.499,0.259,0.618,13.2,0.2
3,Shaquille O'Neal,28,LAL,7.0,578.0,1240,0.466,74,39.5,28.7,12.7,3.7,0.6,2.8,0.572,0.0,0.513,14.9,0.245
4,Chris Webber,27,SAC,5.0,521.0,1240,0.42,70,40.5,27.1,11.1,4.2,1.3,1.7,0.481,0.071,0.703,11.0,0.186
5,Kevin Garnett,24,MIN,1.0,151.0,1240,0.122,81,39.5,22.0,11.4,5.0,1.4,1.8,0.477,0.288,0.764,11.8,0.176
6,Tracy McGrady,21,ORL,0.0,64.0,1240,0.052,77,40.1,26.8,7.5,4.6,1.5,1.5,0.457,0.355,0.733,12.2,0.189
7,Karl Malone,37,UTA,0.0,21.0,1240,0.017,81,35.7,23.2,8.3,4.5,1.1,0.8,0.498,0.4,0.793,13.1,0.217
8,Jason Kidd,27,PHO,0.0,18.0,1240,0.015,77,39.8,16.9,6.4,9.8,2.2,0.3,0.411,0.297,0.814,9.6,0.15
9,Kobe Bryant,22,LAL,0.0,11.0,1240,0.009,68,40.9,28.5,5.9,5.0,1.7,0.6,0.464,0.305,0.853,11.3,0.196
10,David Robinson,35,SAS,0.0,8.0,1240,0.006,80,29.6,14.4,8.6,1.5,1.0,2.5,0.486,0.0,0.747,12.1,0.246
11T,Ray Allen,25,MIL,0.0,7.0,1240,0.006,82,38.2,22.0,5.2,4.6,1.5,0.2,0.48,0.433,0.888,13.7,0.211
11T,Vince Carter,24,TOR,0.0,7.0,1240,0.006,75,39.7,27.6,5.5,3.9,1.5,1.1,0.46,0.408,0.765,12.9,0.208
13,Paul Pierce,23,BOS,0.0,5.0,1240,0.004,82,38.0,25.3,6.4,3.1,1.7,0.8,0.454,0.383,0.745,10.4,0.16
14,Jerry Stackhouse,26,DET,0.0,3.0,1240,0.002,80,40.2,29.8,3.9,5.1,1.2,0.7,0.402,0.351,0.822,9.2,0.137
15T,Michael Finley,27,DAL,0.0,1.0,1240,0.001,82,42.0,21.5,5.2,4.4,1.4,0.4,0.458,0.346,0.775,8.5,0.119
15T,Anthony Mason,34,MIA,0.0,1.0,1240,0.001,80,40.7,16.1,9.6,3.1,1.0,0.3,0.482,,0.781,11.6,0.171
15T,John Stockton,38,UTA,0.0,1.0,1240,0.001,82,29.2,11.5,2.8,8.7,1.6,0.3,0.504,0.462,0.817,10.8,0.216
1,Tim Duncan,25,SAS,57.0,954.0,1260,0.757,82,40.6,25.5,12.7,3.7,0.7,2.5,0.508,0.1,0.799,17.8,0.257
2,Jason Kidd,28,NJN,45.0,897.0,1260,0.712,82,37.3,14.7,7.3,9.9,2.1,0.2,0.391,0.321,0.814,8.9,0.14
3,Shaquille O'Neal,29,LAL,15.0,696.0,1260,0.552,67,36.1,27.2,10.7,3.0,0.6,2.0,0.579,0.0,0.555,13.2,0.262
4,Tracy McGrady,22,ORL,7.0,390.0,1260,0.31,76,38.3,25.6,7.9,5.3,1.6,1.0,0.451,0.364,0.748,11.5,0.189
5,Kobe Bryant,23,LAL,1.0,98.0,1260,0.078,80,38.3,25.2,5.5,5.5,1.5,0.4,0.469,0.25,0.829,12.7,0.199
6,Gary Payton,33,SEA,1.0,54.0,1260,0.043,82,40.3,22.1,4.8,9.0,1.6,0.3,0.467,0.314,0.797,12.6,0.183
7,Chris Webber,28,SAC,0.0,37.0,1260,0.029,54,38.4,24.5,10.1,4.8,1.7,1.4,0.495,0.263,0.749,8.6,0.2
8,Dirk Nowitzki,23,DAL,0.0,31.0,1260,0.025,76,38.0,23.4,9.9,2.4,1.1,1.0,0.477,0.397,0.853,13.4,0.222
9,Allen Iverson,26,PHI,0.0,29.0,1260,0.023,60,43.7,31.4,4.5,5.5,2.8,0.2,0.398,0.291,0.812,6.9,0.126
10,Ben Wallace,27,DET,0.0,24.0,1260,0.019,80,36.5,7.6,13.0,1.4,1.7,3.5,0.531,0.0,0.423,11.6,0.19
11,Paul Pierce,24,BOS,0.0,22.0,1260,0.017,82,40.3,26.1,6.9,3.2,1.9,1.0,0.442,0.404,0.809,12.9,0.187
12,Kevin Garnett,25,MIN,0.0,17.0,1260,0.013,81,39.2,21.2,12.1,5.2,1.2,1.6,0.47,0.319,0.801,12.8,0.194
13,Michael Jordan,38,WAS,0.0,16.0,1260,0.013,60,34.9,22.9,5.7,5.2,1.4,0.4,0.416,0.189,0.79,3.3,0.075
14,Steve Nash,27,DAL,0.0,5.0,1260,0.004,82,34.6,17.9,3.1,7.7,0.6,0.0,0.483,0.455,0.887,9.9,0.167
15,Jerry Stackhouse,27,DET,0.0,3.0,1260,0.002,76,35.3,21.4,4.1,5.3,1.0,0.5,0.397,0.287,0.858,5.8,0.104
16T,Mike Bibby,23,SAC,0.0,1.0,1260,0.001,80,33.2,13.7,2.8,5.0,1.1,0.2,0.453,0.37,0.803,6.3,0.113
16T,Elton Brand,22,LAC,0.0,1.0,1260,0.001,80,37.8,18.2,11.6,2.4,1.0,2.0,0.527,,0.742,13.6,0.216
16T,Peja Stojaković,24,SAC,0.0,1.0,1260,0.001,71,37.3,21.2,5.3,2.5,1.1,0.2,0.484,0.416,0.876,9.9,0.179
1,Tim Duncan,26,SAS,60.0,962.0,1190,0.808,81,39.3,23.3,12.9,3.9,0.7,2.9,0.513,0.273,0.71,16.5,0.248
2,Kevin Garnett,26,MIN,43.0,871.0,1190,0.732,82,40.5,23.0,13.4,6.0,1.4,1.6,0.502,0.282,0.751,15.6,0.225
3,Kobe Bryant,24,LAL,8.0,496.0,1190,0.417,82,41.5,30.0,6.9,5.9,2.2,0.8,0.451,0.383,0.843,14.9,0.21
4,Tracy McGrady,23,ORL,4.0,427.0,1190,0.359,75,39.4,32.1,6.5,5.5,1.7,0.8,0.457,0.386,0.793,16.1,0.262
5,Shaquille O'Neal,30,LAL,3.0,126.0,1190,0.106,67,37.8,27.5,11.1,3.1,0.6,2.4,0.574,,0.622,13.2,0.25
6,Allen Iverson,27,PHI,0.0,83.0,1190,0.07,82,42.5,27.6,4.2,5.5,2.7,0.2,0.414,0.277,0.774,9.2,0.127
7,Dirk Nowitzki,24,DAL,0.0,43.0,1190,0.036,80,39.0,25.1,9.9,3.0,1.4,1.0,0.463,0.379,0.881,16.1,0.249
8,Ben Wallace,28,DET,1.0,33.0,1190,0.028,73,39.4,6.9,15.4,1.6,1.4,3.2,0.481,0.167,0.45,10.6,0.176
9,Jason Kidd,29,NJN,0.0,31.0,1190,0.026,80,37.4,18.7,6.3,8.9,2.2,0.3,0.414,0.341,0.841,11.3,0.182
10,Chris Webber,29,SAC,0.0,19.0,1190,0.016,67,39.1,23.0,10.5,5.4,1.6,1.3,0.461,0.238,0.607,6.9,0.127
11T,Jamal Mashburn,30,NOH,0.0,1.0,1190,0.001,82,40.5,21.6,6.1,5.6,1.0,0.2,0.422,0.389,0.848,9.0,0.13
11T,Steve Nash,28,DAL,0.0,1.0,1190,0.001,82,33.1,17.7,2.9,7.3,1.0,0.1,0.465,0.413,0.909,11.6,0.206
11T,Paul Pierce,25,BOS,0.0,1.0,1190,0.001,79,39.2,25.9,7.3,4.4,1.8,0.8,0.416,0.302,0.802,10.1,0.157
1,Kevin Garnett,27,MIN,120.0,1219.0,1230,0.991,82,39.4,24.2,13.9,5.0,1.5,2.2,0.499,0.256,0.791,18.3,0.272
2,Tim Duncan,27,SAS,0.0,716.0,1230,0.582,69,36.6,22.3,12.4,3.1,0.9,2.7,0.501,0.167,0.599,13.1,0.249
3,Jermaine O'Neal,25,IND,2.0,523.0,1230,0.425,78,35.7,20.1,10.0,2.1,0.8,2.6,0.434,0.111,0.757,9.0,0.155
4,Peja Stojaković,26,SAC,1.0,281.0,1230,0.228,81,40.3,24.2,6.3,2.1,1.3,0.2,0.48,0.433,0.927,13.5,0.198
5,Kobe Bryant,25,LAL,0.0,212.0,1230,0.172,65,37.6,24.0,5.5,5.1,1.7,0.4,0.438,0.327,0.852,10.7,0.21
6,Shaquille O'Neal,31,LAL,0.0,178.0,1230,0.145,67,36.8,21.5,11.5,2.9,0.5,2.5,0.584,,0.49,9.9,0.192
7,Ben Wallace,29,DET,0.0,24.0,1230,0.02,81,37.7,9.5,12.4,1.7,1.8,3.0,0.421,0.125,0.49,10.2,0.16
8,Jason Kidd,30,NJN,0.0,17.0,1230,0.014,67,36.6,15.5,6.4,9.2,1.8,0.2,0.384,0.321,0.827,7.2,0.141
9,LeBron James,19,CLE,0.0,11.0,1230,0.009,79,39.5,20.9,5.5,5.9,1.6,0.7,0.417,0.29,0.754,5.1,0.078
10T,Sam Cassell,34,MIN,0.0,4.0,1230,0.003,81,35.0,19.8,3.3,7.3,1.3,0.2,0.488,0.398,0.873,12.1,0.205
10T,Baron Davis,24,NOH,0.0,4.0,1230,0.003,67,40.1,22.9,4.3,7.5,2.4,0.4,0.395,0.321,0.673,7.5,0.133
10T,Dirk Nowitzki,25,DAL,0.0,4.0,1230,0.003,77,37.9,21.8,8.7,2.7,1.2,1.4,0.462,0.341,0.877,11.5,0.19
13,Andrei Kirilenko,22,UTA,0.0,2.0,1230,0.002,78,37.1,16.5,8.1,3.1,1.9,2.8,0.443,0.338,0.79,11.6,0.192
14T,Carmelo Anthony,19,DEN,0.0,1.0,1230,0.001,82,36.5,21.0,6.1,2.8,1.2,0.5,0.426,0.322,0.777,6.1,0.098
14T,Yao Ming,23,HOU,0.0,1.0,1230,0.001,82,32.8,17.5,9.0,1.5,0.3,1.9,0.522,0.0,0.809,11.4,0.202
14T,Michael Redd,24,MIL,0.0,1.0,1230,0.001,82,36.8,21.7,5.0,2.3,1.0,0.1,0.44,0.35,0.868,9.7,0.154
1,Steve Nash,30,PHO,65.0,1066.0,1270,0.839,75,34.3,15.5,3.3,11.5,1.0,0.1,0.502,0.431,0.887,10.9,0.203
2,Shaquille O'Neal,32,MIA,58.0,1032.0,1270,0.813,73,34.1,22.9,10.4,2.7,0.5,2.3,0.601,,0.461,11.0,0.211
3,Dirk Nowitzki,26,DAL,0.0,349.0,1270,0.275,78,38.7,26.1,9.7,3.1,1.2,1.5,0.459,0.399,0.869,15.6,0.248
4,Tim Duncan,28,SAS,1.0,328.0,1270,0.258,66,33.4,20.3,11.1,2.7,0.7,2.6,0.496,0.333,0.67,11.2,0.245
5,Allen Iverson,29,PHI,2.0,240.0,1270,0.189,75,42.3,30.7,4.0,7.9,2.4,0.1,0.424,0.308,0.835,9.0,0.136
6,LeBron James,20,CLE,0.0,93.0,1270,0.073,80,42.4,27.2,7.4,7.2,2.2,0.7,0.472,0.351,0.75,14.3,0.203
7,Tracy McGrady,25,HOU,0.0,44.0,1270,0.035,78,40.8,25.7,6.2,5.7,1.7,0.7,0.431,0.326,0.774,12.0,0.18
8,Dwyane Wade,23,MIA,0.0,43.0,1270,0.034,77,38.6,24.1,5.2,6.8,1.6,1.1,0.478,0.289,0.762,11.0,0.177
9T,Amar'e Stoudemire,22,PHO,1.0,41.0,1270,0.032,80,36.1,26.0,8.9,1.6,1.0,1.6,0.559,0.188,0.733,14.6,0.243
9T,Ray Allen,29,SEA,0.0,41.0,1270,0.032,78,39.3,23.9,4.4,3.7,1.1,0.1,0.428,0.376,0.883,10.7,0.168
11,Kevin Garnett,28,MIN,0.0,15.0,1270,0.012,82,38.1,22.2,13.5,5.7,1.5,1.4,0.502,0.24,0.811,16.1,0.248
12,Gilbert Arenas,23,WAS,0.0,4.0,1270,0.003,80,40.9,25.5,4.7,5.1,1.7,0.3,0.431,0.365,0.814,11.5,0.169
13,Vince Carter,28,TOT,0.0,3.0,1270,0.002,77,36.7,24.5,5.2,4.2,1.4,0.6,0.452,0.406,0.798,9.4,0.159
14T,P.J. Brown,35,NOH,0.0,1.0,1270,0.001,82,34.4,10.8,9.0,2.2,0.9,0.6,0.446,,0.864,6.9,0.118
14T,Marcus Camby,30,DEN,0.0,1.0,1270,0.001,66,30.5,10.3,10.0,2.3,0.9,3.0,0.465,0.0,0.723,5.8,0.138
14T,Shawn Marion,26,PHO,0.0,1.0,1270,0.001,81,38.8,19.4,11.3,1.9,2.0,1.5,0.476,0.334,0.833,12.5,0.191
1,Steve Nash,31,PHO,57.0,924.0,1250,0.739,79,35.4,18.8,4.2,10.5,0.8,0.2,0.512,0.439,0.921,12.4,0.212
2,LeBron James,21,CLE,16.0,688.0,1250,0.55,79,42.5,31.4,7.0,6.6,1.6,0.8,0.48,0.335,0.738,16.3,0.232
3,Dirk Nowitzki,27,DAL,14.0,544.0,1250,0.435,81,38.1,26.6,9.0,2.8,0.7,1.0,0.48,0.406,0.901,17.7,0.275
4,Kobe Bryant,27,LAL,22.0,483.0,1250,0.386,80,41.0,35.4,5.3,4.5,1.8,0.4,0.45,0.347,0.85,15.3,0.224
5,Chauncey Billups,29,DET,15.0,430.0,1250,0.344,81,36.1,18.5,3.1,8.6,0.9,0.1,0.418,0.433,0.894,15.5,0.254
6,Dwyane Wade,24,MIA,0.0,87.0,1250,0.07,75,38.6,27.2,5.7,6.7,1.9,0.8,0.495,0.171,0.783,14.4,0.239
7,Elton Brand,26,LAC,1.0,50.0,1250,0.04,79,39.2,24.7,10.0,2.6,1.0,2.5,0.527,0.333,0.775,14.8,0.229
8,Tim Duncan,29,SAS,0.0,33.0,1250,0.026,80,34.8,18.6,11.0,3.2,0.9,2.0,0.484,0.4,0.629,10.8,0.187
9,Tony Parker,23,SAS,0.0,9.0,1250,0.007,80,33.9,18.9,3.3,5.8,1.0,0.1,0.548,0.306,0.707,9.6,0.169
10T,Allen Iverson,30,PHI,0.0,1.0,1250,0.001,72,43.1,33.0,3.2,7.4,1.9,0.1,0.447,0.323,0.814,10.6,0.165
10T,Shawn Marion,27,PHO,0.0,1.0,1250,0.001,81,40.3,21.8,11.8,1.8,2.0,1.7,0.525,0.331,0.809,14.6,0.214
1,Dirk Nowitzki,28,DAL,83.0,1138.0,1290,0.882,78,36.2,24.6,8.9,3.4,0.7,0.8,0.502,0.416,0.904,16.3,0.278
2,Steve Nash,32,PHO,44.0,1013.0,1290,0.785,76,35.3,18.6,3.5,11.6,0.8,0.1,0.532,0.455,0.899,12.6,0.225
3,Kobe Bryant,28,LAL,2.0,521.0,1290,0.404,77,40.8,31.6,5.7,5.4,1.4,0.5,0.463,0.344,0.868,13.0,0.199
4,Tim Duncan,30,SAS,0.0,286.0,1290,0.222,80,34.1,20.0,10.6,3.4,0.8,2.4,0.546,0.111,0.637,13.0,0.23
5,LeBron James,22,CLE,0.0,183.0,1290,0.142,78,40.9,27.3,6.7,6.0,1.6,0.7,0.476,0.319,0.698,13.7,0.206
6,Tracy McGrady,27,HOU,0.0,110.0,1290,0.085,71,35.8,24.6,5.3,6.5,1.3,0.5,0.431,0.331,0.707,8.6,0.163
7,Chris Bosh,22,TOR,0.0,43.0,1290,0.033,69,38.5,22.6,10.7,2.5,0.6,1.3,0.496,0.343,0.785,9.6,0.174
8,Gilbert Arenas,25,WAS,0.0,31.0,1290,0.024,74,39.8,28.4,4.6,6.0,1.9,0.2,0.418,0.351,0.844,10.8,0.177
9T,Carlos Boozer,25,UTA,0.0,7.0,1290,0.005,74,34.6,20.9,11.7,3.0,0.9,0.3,0.561,,0.685,9.9,0.185
9T,Kevin Garnett,30,MIN,0.0,7.0,1290,0.005,76,39.4,22.4,12.8,4.1,1.2,1.7,0.476,0.214,0.835,10.7,0.171
11,Chauncey Billups,30,DET,0.0,4.0,1290,0.003,70,36.2,17.0,3.4,7.2,1.2,0.2,0.427,0.345,0.883,11.4,0.216
12T,Shaquille O'Neal,34,MIA,0.0,3.0,1290,0.002,40,28.4,17.3,7.4,2.0,0.2,1.4,0.591,,0.422,2.8,0.119
12T,Dwyane Wade,25,MIA,0.0,3.0,1290,0.002,51,37.9,27.4,4.7,7.5,2.1,1.2,0.491,0.266,0.807,8.8,0.219
14,Amar'e Stoudemire,24,PHO,0.0,2.0,1290,0.002,82,32.8,20.4,9.6,1.0,1.0,1.3,0.575,0.0,0.781,11.2,0.201
15T,Carmelo Anthony,22,DEN,0.0,1.0,1290,0.001,65,38.2,28.9,6.0,3.8,1.2,0.4,0.476,0.268,0.808,7.3,0.14
15T,Baron Davis,27,GSW,0.0,1.0,1290,0.001,63,35.3,20.1,4.4,8.1,2.1,0.5,0.439,0.304,0.745,6.4,0.139
15T,Tony Parker,24,SAS,0.0,1.0,1290,0.001,77,32.5,18.6,3.2,5.5,1.1,0.1,0.52,0.395,0.783,9.6,0.185
1,Kobe Bryant,29,LAL,82.0,1100.0,1260,0.873,82,38.9,28.3,6.3,5.4,1.8,0.5,0.459,0.361,0.84,13.8,0.208
2,Chris Paul,22,NOH,28.0,894.0,1260,0.71,80,37.6,21.1,4.0,11.6,2.7,0.1,0.488,0.369,0.851,17.8,0.284
3,Kevin Garnett,31,BOS,15.0,670.0,1260,0.532,71,32.8,18.8,9.2,3.4,1.4,1.3,0.539,0.0,0.801,12.9,0.265
4,LeBron James,23,CLE,1.0,438.0,1260,0.348,75,40.4,30.0,7.9,7.2,1.8,1.1,0.484,0.315,0.712,15.2,0.242
5,Dwight Howard,22,ORL,0.0,60.0,1260,0.048,82,37.7,20.7,14.2,1.3,0.9,2.1,0.599,0.0,0.59,12.9,0.2
6,Amar'e Stoudemire,25,PHO,0.0,27.0,1260,0.021,79,33.9,25.2,9.1,1.5,0.8,2.1,0.59,0.161,0.805,14.6,0.262
7,Tim Duncan,31,SAS,0.0,25.0,1260,0.02,78,34.0,19.3,11.3,2.8,0.7,1.9,0.497,0.0,0.73,11.1,0.201
8,Tracy McGrady,28,HOU,0.0,19.0,1260,0.015,66,37.0,21.6,5.1,5.9,1.0,0.5,0.419,0.292,0.684,5.8,0.115
9,Steve Nash,33,PHO,0.0,18.0,1260,0.014,81,34.3,16.9,3.5,11.1,0.7,0.1,0.504,0.47,0.906,10.5,0.181
10,Manu Ginóbili,30,SAS,0.0,9.0,1260,0.007,74,31.1,19.5,4.8,4.5,1.5,0.4,0.46,0.401,0.86,11.1,0.232
11,Dirk Nowitzki,29,DAL,0.0,5.0,1260,0.004,77,36.0,23.6,8.6,3.5,0.7,0.9,0.479,0.359,0.879,12.9,0.223
12,Deron Williams,23,UTA,0.0,4.0,1260,0.003,82,37.3,18.8,3.0,10.5,1.1,0.3,0.507,0.395,0.803,11.3,0.177
13,Carmelo Anthony,23,DEN,0.0,3.0,1260,0.002,77,36.4,25.7,7.4,3.4,1.3,0.5,0.492,0.354,0.786,8.2,0.14
14T,Carlos Boozer,26,UTA,0.0,1.0,1260,0.001,81,34.9,21.1,10.4,2.9,1.2,0.5,0.547,0.0,0.738,10.2,0.173
14T,Antawn Jamison,31,WAS,0.0,1.0,1260,0.001,79,38.7,21.4,10.2,1.5,1.3,0.4,0.436,0.339,0.76,9.2,0.144
14T,Paul Pierce,30,BOS,0.0,1.0,1260,0.001,80,35.9,19.6,5.1,4.5,1.3,0.5,0.464,0.392,0.843,12.4,0.207
14T,Rasheed Wallace,33,DET,0.0,1.0,1260,0.001,77,30.5,12.7,6.6,1.8,1.2,1.7,0.432,0.356,0.767,7.6,0.155
1,LeBron James,24,CLE,109.0,1172.0,1210,0.969,81,37.7,28.4,7.6,7.2,1.7,1.1,0.489,0.344,0.78,20.3,0.318
2,Kobe Bryant,30,LAL,2.0,698.0,1210,0.577,82,36.1,26.8,5.2,4.9,1.5,0.5,0.467,0.351,0.856,12.7,0.206
3,Dwyane Wade,27,MIA,7.0,680.0,1210,0.562,79,38.6,30.2,5.0,7.5,2.2,1.3,0.491,0.317,0.765,14.7,0.232
4,Dwight Howard,23,ORL,1.0,328.0,1210,0.271,79,35.7,20.6,13.8,1.4,1.0,2.9,0.572,0.0,0.594,13.8,0.234
5,Chris Paul,23,NOH,2.0,192.0,1210,0.159,78,38.5,22.8,5.5,11.0,2.8,0.1,0.503,0.364,0.868,18.3,0.292
6,Chauncey Billups,32,TOT,0.0,33.0,1210,0.027,79,35.3,17.7,3.0,6.4,1.2,0.2,0.418,0.408,0.913,10.1,0.174
7,Paul Pierce,31,BOS,0.0,21.0,1210,0.017,81,37.5,20.5,5.6,3.6,1.0,0.3,0.457,0.391,0.83,10.3,0.164
8,Tony Parker,26,SAS,0.0,9.0,1210,0.007,72,34.1,22.0,3.1,6.9,0.9,0.1,0.506,0.292,0.782,8.6,0.168
9,Brandon Roy,24,POR,0.0,7.0,1210,0.006,78,37.2,22.6,4.7,5.1,1.1,0.3,0.48,0.377,0.824,13.5,0.223
10,Dirk Nowitzki,30,DAL,0.0,3.0,1210,0.002,81,37.7,25.9,8.4,2.4,0.8,0.8,0.479,0.359,0.89,10.9,0.171
11,Tim Duncan,32,SAS,0.0,2.0,1210,0.002,75,33.7,19.3,10.7,3.5,0.5,1.7,0.504,0.0,0.692,10.1,0.191
12,Yao Ming,28,HOU,0.0,1.0,1210,0.001,77,33.6,19.7,9.9,1.8,0.4,1.9,0.548,1.0,0.866,10.6,0.196
1,LeBron James,25,CLE,116.0,1205.0,1230,0.98,76,39.0,29.7,7.3,8.6,1.6,1.0,0.503,0.333,0.767,18.5,0.299
2,Kevin Durant,21,OKC,4.0,609.0,1230,0.495,82,39.5,30.1,7.6,2.8,1.4,1.0,0.476,0.365,0.9,16.1,0.238
3,Kobe Bryant,31,LAL,0.0,599.0,1230,0.487,73,38.8,27.0,5.4,5.0,1.5,0.3,0.456,0.329,0.811,9.4,0.16
4,Dwight Howard,24,ORL,3.0,478.0,1230,0.389,82,34.7,18.3,13.2,1.8,0.9,2.8,0.612,0.0,0.592,13.2,0.223
5,Dwyane Wade,28,MIA,0.0,119.0,1230,0.097,77,36.3,26.6,4.8,6.5,1.8,1.1,0.476,0.3,0.761,13.0,0.224
6,Carmelo Anthony,25,DEN,0.0,65.0,1230,0.053,69,38.2,28.2,6.6,3.2,1.3,0.4,0.458,0.316,0.83,7.9,0.145
7,Dirk Nowitzki,31,DAL,0.0,55.0,1230,0.045,81,37.5,25.0,7.7,2.7,0.9,1.0,0.481,0.421,0.915,12.3,0.194
8,Steve Nash,35,PHO,0.0,49.0,1230,0.04,81,32.8,16.5,3.3,11.0,0.5,0.1,0.507,0.426,0.938,9.9,0.178
9,Deron Williams,25,UTA,0.0,7.0,1230,0.006,76,36.9,18.7,4.0,10.5,1.3,0.2,0.469,0.371,0.801,10.3,0.177
10,Amar'e Stoudemire,27,PHO,0.0,5.0,1230,0.004,82,34.6,23.1,8.9,1.0,0.6,1.0,0.557,0.167,0.771,10.7,0.181
11,Manu Ginóbili,32,SAS,0.0,3.0,1230,0.002,75,28.7,16.5,3.8,4.9,1.4,0.3,0.441,0.377,0.87,9.7,0.216
12T,Chauncey Billups,33,DEN,0.0,1.0,1230,0.001,73,34.1,19.5,3.1,5.6,1.1,0.1,0.418,0.386,0.91,9.5,0.182
12T,Chris Bosh,25,TOR,0.0,1.0,1230,0.001,70,36.1,24.0,10.8,2.4,0.6,1.0,0.518,0.364,0.797,9.6,0.182
12T,Stephen Jackson,31,TOT,0.0,1.0,1230,0.001,81,38.6,20.6,5.0,3.7,1.6,0.5,0.423,0.328,0.779,5.0,0.077
12T,Joe Johnson,28,ATL,0.0,1.0,1230,0.001,76,38.0,21.3,4.6,4.9,1.1,0.1,0.458,0.369,0.818,8.4,0.14
1,Derrick Rose,22,CHI,113.0,1182.0,1210,0.977,81,37.4,25.0,4.1,7.7,1.0,0.6,0.445,0.332,0.858,13.1,0.208
2,Dwight Howard,25,ORL,3.0,643.0,1210,0.531,78,37.6,22.9,14.1,1.4,1.4,2.4,0.593,0.0,0.596,14.4,0.235
3,LeBron James,26,MIA,4.0,522.0,1210,0.431,79,38.8,26.7,7.5,7.0,1.6,0.6,0.51,0.33,0.759,15.6,0.244
4,Kobe Bryant,32,LAL,1.0,428.0,1210,0.354,82,33.9,25.3,5.1,4.7,1.2,0.1,0.451,0.323,0.828,10.3,0.178
5,Kevin Durant,22,OKC,0.0,190.0,1210,0.157,78,38.9,27.7,6.8,2.7,1.1,1.0,0.462,0.35,0.88,12.0,0.189
6,Dirk Nowitzki,32,DAL,0.0,113.0,1210,0.093,73,34.3,23.0,7.0,2.6,0.5,0.6,0.517,0.393,0.892,11.1,0.213
7,Dwyane Wade,29,MIA,0.0,24.0,1210,0.02,76,37.1,25.5,6.4,4.6,1.5,1.1,0.5,0.306,0.758,12.8,0.218
8,Manu Ginóbili,33,SAS,0.0,20.0,1210,0.017,80,30.3,17.4,3.7,4.9,1.5,0.4,0.433,0.349,0.871,9.9,0.195
9,Amar'e Stoudemire,28,NYK,0.0,9.0,1210,0.007,78,36.8,25.3,8.2,2.6,0.9,1.9,0.502,0.435,0.792,8.0,0.134
10T,Blake Griffin,21,LAC,0.0,5.0,1210,0.004,82,38.0,22.5,12.1,3.8,0.8,0.5,0.506,0.292,0.642,9.8,0.152
10T,Rajon Rondo,24,BOS,0.0,5.0,1210,0.004,68,37.2,10.6,4.4,11.2,2.3,0.2,0.475,0.233,0.568,6.6,0.126
12,Tony Parker,28,SAS,0.0,3.0,1210,0.002,78,32.4,17.5,3.1,6.6,1.2,0.0,0.519,0.357,0.769,8.2,0.156
13,Chris Paul,25,NOH,0.0,2.0,1210,0.002,80,36.0,15.9,4.1,9.8,2.4,0.1,0.463,0.388,0.878,13.9,0.232
1,LeBron James,27,MIA,85.0,1074.0,1210,0.888,62,37.5,27.1,7.9,6.2,1.9,0.8,0.531,0.362,0.771,14.5,0.298
2,Kevin Durant,23,OKC,24.0,889.0,1210,0.735,66,38.6,28.0,8.0,3.5,1.3,1.2,0.496,0.387,0.86,12.2,0.23
3,Chris Paul,26,LAC,6.0,385.0,1210,0.318,60,36.4,19.8,3.6,9.1,2.5,0.1,0.478,0.371,0.861,12.7,0.278
4,Kobe Bryant,33,LAL,2.0,352.0,1210,0.291,58,38.5,27.9,5.4,4.6,1.2,0.3,0.43,0.303,0.845,6.2,0.132
5,Tony Parker,29,SAS,4.0,331.0,1210,0.274,60,32.1,18.3,2.9,7.7,1.0,0.1,0.48,0.23,0.799,7.1,0.177
6,Kevin Love,23,MIN,0.0,58.0,1210,0.048,55,39.0,26.0,13.3,2.0,0.9,0.5,0.448,0.372,0.824,10.0,0.223
7,Dwight Howard,26,ORL,0.0,13.0,1210,0.011,54,38.3,20.6,14.5,1.9,1.5,2.1,0.573,0.0,0.491,7.7,0.179
8,Rajon Rondo,25,BOS,0.0,12.0,1210,0.01,53,36.9,11.9,4.8,11.7,1.8,0.1,0.448,0.238,0.597,4.9,0.121
9,Steve Nash,37,PHO,0.0,7.0,1210,0.006,62,31.6,12.5,3.0,10.7,0.6,0.1,0.532,0.39,0.894,5.9,0.144
10,Dwyane Wade,30,MIA,0.0,6.0,1210,0.005,49,33.2,22.1,4.8,4.6,1.7,1.3,0.497,0.268,0.791,7.7,0.227
11,Derrick Rose,23,CHI,0.0,5.0,1210,0.004,39,35.3,21.8,3.4,7.9,0.9,0.7,0.435,0.312,0.812,6.0,0.211
12T,Dirk Nowitzki,33,DAL,0.0,4.0,1210,0.003,62,33.5,21.6,6.7,2.2,0.7,0.5,0.457,0.368,0.896,7.6,0.175
12T,Russell Westbrook,23,OKC,0.0,4.0,1210,0.003,66,35.3,23.6,4.6,5.5,1.7,0.3,0.457,0.316,0.823,7.9,0.163
14,Tim Duncan,35,SAS,0.0,3.0,1210,0.002,58,28.2,15.4,9.0,2.3,0.7,1.5,0.492,0.0,0.695,5.9,0.174
15,Joe Johnson,30,ATL,0.0,1.0,1210,0.001,60,35.5,18.8,3.7,3.9,0.8,0.2,0.454,0.388,0.849,6.4,0.145
1,LeBron James,28,MIA,120.0,1207.0,1210,0.998,76,37.9,26.8,8.0,7.3,1.7,0.9,0.565,0.406,0.753,19.3,0.322
2,Kevin Durant,24,OKC,0.0,765.0,1210,0.632,81,38.5,28.1,7.9,4.6,1.4,1.3,0.51,0.416,0.905,18.9,0.291
3,Carmelo Anthony,28,NYK,1.0,475.0,1210,0.393,67,37.0,28.7,6.9,2.6,0.8,0.5,0.449,0.379,0.83,9.5,0.184
4,Chris Paul,27,LAC,0.0,289.0,1210,0.239,70,33.4,16.9,3.7,9.7,2.4,0.1,0.481,0.328,0.885,13.9,0.287
5,Kobe Bryant,34,LAL,0.0,184.0,1210,0.152,78,38.6,27.3,5.6,6.0,1.4,0.3,0.463,0.324,0.839,10.9,0.174
6,Tony Parker,30,SAS,0.0,86.0,1210,0.071,66,32.9,20.3,3.0,7.6,0.8,0.1,0.522,0.353,0.845,9.3,0.206
7,Tim Duncan,36,SAS,0.0,65.0,1210,0.054,69,30.1,17.8,9.9,2.7,0.7,2.7,0.502,0.286,0.817,8.3,0.191
8,James Harden,23,HOU,0.0,33.0,1210,0.027,78,38.3,25.9,4.9,5.8,1.8,0.5,0.438,0.368,0.851,12.8,0.206
9,Russell Westbrook,24,OKC,0.0,9.0,1210,0.007,82,34.9,23.2,5.2,7.4,1.8,0.3,0.438,0.323,0.8,11.6,0.195
10,Dwyane Wade,31,MIA,0.0,5.0,1210,0.004,69,34.7,21.2,5.0,5.1,1.9,0.8,0.521,0.258,0.725,9.6,0.192
11,Stephen Curry,24,GSW,0.0,3.0,1210,0.002,78,38.2,22.9,4.0,6.9,1.6,0.2,0.451,0.453,0.9,11.2,0.18
12T,Kevin Garnett,36,BOS,0.0,1.0,1210,0.001,68,29.7,14.8,7.8,2.3,1.1,0.9,0.496,0.125,0.786,5.6,0.133
12T,Marc Gasol,28,MEM,0.0,1.0,1210,0.001,80,35.0,14.1,7.8,4.0,1.0,1.7,0.494,0.071,0.848,11.5,0.197
12T,Ty Lawson,25,DEN,0.0,1.0,1210,0.001,73,34.4,16.7,2.7,6.9,1.5,0.1,0.461,0.366,0.756,7.4,0.141
12T,David Lee,29,GSW,0.0,1.0,1210,0.001,79,36.8,18.5,11.2,3.5,0.8,0.3,0.519,0.0,0.797,9.1,0.15
12T,Joakim Noah,27,CHI,0.0,1.0,1210,0.001,66,36.8,11.9,11.1,4.0,1.2,2.1,0.481,0.0,0.751,7.3,0.145
1,Kevin Durant,25,OKC,119.0,1232.0,1250,0.986,81,38.5,32.0,7.4,5.5,1.3,0.7,0.503,0.391,0.873,19.2,0.295
2,LeBron James,29,MIA,6.0,891.0,1250,0.713,77,37.7,27.1,6.9,6.3,1.6,0.3,0.567,0.379,0.75,15.9,0.264
3,Blake Griffin,24,LAC,0.0,434.0,1250,0.347,80,35.8,24.1,9.5,3.9,1.2,0.6,0.528,0.273,0.715,12.2,0.205
4,Joakim Noah,28,CHI,0.0,322.0,1250,0.258,80,35.3,12.6,11.3,5.4,1.2,1.5,0.475,0.0,0.737,11.2,0.19
5,James Harden,24,HOU,0.0,85.0,1250,0.068,73,38.0,25.4,4.7,6.1,1.6,0.4,0.456,0.366,0.866,12.8,0.221
6,Stephen Curry,25,GSW,0.0,66.0,1250,0.053,78,36.5,24.0,4.3,8.5,1.6,0.2,0.471,0.424,0.885,13.4,0.225
7,Chris Paul,28,LAC,0.0,45.0,1250,0.036,62,35.0,19.1,4.3,10.7,2.5,0.1,0.467,0.368,0.855,12.2,0.27
8,Al Jefferson,29,CHA,0.0,34.0,1250,0.027,73,35.0,21.8,10.8,2.1,0.9,1.1,0.509,0.2,0.69,7.8,0.146
9,Paul George,23,IND,0.0,33.0,1250,0.026,80,36.2,21.7,6.8,3.5,1.9,0.3,0.424,0.364,0.864,10.8,0.178
10,LaMarcus Aldridge,28,POR,0.0,26.0,1250,0.021,69,36.2,23.2,11.1,2.6,0.9,1.0,0.458,0.2,0.822,7.5,0.144
11,Kevin Love,25,MIN,0.0,25.0,1250,0.02,77,36.3,26.1,12.5,4.4,0.8,0.5,0.457,0.376,0.821,14.3,0.245
12T,Tim Duncan,37,SAS,0.0,21.0,1250,0.017,74,29.2,15.1,9.7,3.0,0.6,1.9,0.49,0.0,0.731,7.4,0.164
12T,Tony Parker,31,SAS,0.0,21.0,1250,0.017,68,29.4,16.7,2.3,5.7,0.5,0.1,0.499,0.373,0.811,5.9,0.141
14,Dirk Nowitzki,35,DAL,0.0,7.0,1250,0.006,80,32.9,21.7,6.2,2.7,0.9,0.6,0.497,0.398,0.899,10.9,0.199
15,Carmelo Anthony,29,NYK,0.0,4.0,1250,0.003,77,38.7,27.4,8.1,3.1,1.2,0.7,0.452,0.402,0.848,10.7,0.172
16,Goran Dragić,27,PHO,0.0,3.0,1250,0.002,76,35.1,20.3,3.2,5.9,1.4,0.3,0.505,0.408,0.76,10.3,0.186
17,Mike Conley,26,MEM,0.0,1.0,1250,0.001,73,33.5,17.2,2.9,6.0,1.5,0.2,0.45,0.361,0.815,8.2,0.161
1,Stephen Curry,26,GSW,100.0,1198.0,1300,0.922,80,32.7,23.8,4.3,7.7,2.0,0.2,0.487,0.443,0.914,15.7,0.288
2,James Harden,25,HOU,25.0,936.0,1300,0.72,81,36.8,27.4,5.7,7.0,1.9,0.7,0.44,0.375,0.868,16.4,0.265
3,LeBron James,30,CLE,5.0,552.0,1300,0.425,69,36.1,25.3,6.0,7.4,1.6,0.7,0.488,0.354,0.71,10.4,0.199
4,Russell Westbrook,26,OKC,0.0,352.0,1300,0.271,67,34.4,28.1,7.3,8.6,2.1,0.2,0.426,0.299,0.835,10.6,0.222
5,Anthony Davis,21,NOP,0.0,203.0,1300,0.156,68,36.1,24.4,10.2,2.2,1.5,2.9,0.535,0.083,0.805,14.0,0.274
6,Chris Paul,29,LAC,0.0,124.0,1300,0.095,82,34.8,19.1,4.6,10.2,1.9,0.2,0.485,0.398,0.9,16.1,0.27
7,LaMarcus Aldridge,29,POR,0.0,6.0,1300,0.005,71,35.4,23.4,10.2,1.7,0.7,1.0,0.466,0.352,0.845,8.6,0.165
8T,Marc Gasol,30,MEM,0.0,3.0,1300,0.002,81,33.2,17.4,7.8,3.8,0.9,1.6,0.494,0.176,0.795,10.2,0.182
8T,Blake Griffin,25,LAC,0.0,3.0,1300,0.002,67,35.2,21.9,7.6,5.3,0.9,0.5,0.502,0.4,0.728,9.0,0.183
10T,Tim Duncan,38,SAS,0.0,1.0,1300,0.001,77,28.9,13.9,9.1,3.0,0.8,2.0,0.512,0.286,0.74,9.6,0.207
10T,Kawhi Leonard,23,SAS,0.0,1.0,1300,0.001,64,31.8,16.5,7.2,2.5,2.3,0.8,0.479,0.349,0.802,8.6,0.204
10T,Klay Thompson,24,GSW,0.0,1.0,1300,0.001,77,31.9,21.7,3.2,2.9,1.1,0.8,0.463,0.439,0.879,8.8,0.172
1,Stephen Curry,27,GSW,131.0,1310.0,1310,1.0,79,34.2,30.1,5.4,6.7,2.1,0.2,0.504,0.454,0.908,17.9,0.318
2,Kawhi Leonard,24,SAS,0.0,634.0,1310,0.484,72,33.1,21.2,6.8,2.6,1.8,1.0,0.506,0.443,0.874,13.7,0.277
3,LeBron James,31,CLE,0.0,631.0,1310,0.482,76,35.6,25.3,7.4,6.8,1.4,0.6,0.52,0.309,0.731,13.6,0.242
4,Russell Westbrook,27,OKC,0.0,486.0,1310,0.371,80,34.4,23.5,7.8,10.4,2.0,0.3,0.454,0.296,0.812,14.0,0.245
5,Kevin Durant,27,OKC,0.0,147.0,1310,0.112,72,35.8,28.2,8.2,5.0,1.0,1.2,0.505,0.387,0.898,14.5,0.27
6,Chris Paul,30,LAC,0.0,107.0,1310,0.082,74,32.7,19.5,4.2,10.0,2.1,0.2,0.462,0.371,0.896,12.7,0.253
7,Draymond Green,25,GSW,0.0,50.0,1310,0.038,81,34.7,14.0,9.5,7.4,1.5,1.4,0.49,0.388,0.696,11.1,0.19
8,Damian Lillard,25,POR,0.0,26.0,1310,0.02,75,35.7,25.1,4.0,6.8,0.9,0.4,0.419,0.375,0.892,9.2,0.165
9,James Harden,26,HOU,0.0,9.0,1310,0.007,82,38.1,29.0,6.1,7.5,1.7,0.6,0.439,0.359,0.86,13.3,0.204
10,Kyle Lowry,29,TOR,0.0,6.0,1310,0.005,77,37.0,21.2,4.7,6.4,2.1,0.4,0.427,0.388,0.811,11.6,0.196
1,Russell Westbrook,28,OKC,69.0,888.0,1010,0.879,81,34.6,31.6,10.7,10.4,1.6,0.4,0.425,0.343,0.845,13.1,0.224
2,James Harden,27,HOU,22.0,753.0,1010,0.746,81,36.4,29.1,8.1,11.2,1.5,0.5,0.44,0.347,0.847,15.0,0.245
3,Kawhi Leonard,25,SAS,9.0,500.0,1010,0.495,74,33.4,25.5,5.8,3.5,1.8,0.7,0.485,0.38,0.88,13.6,0.264
4,LeBron James,32,CLE,1.0,333.0,1010,0.33,74,37.8,26.4,8.6,8.7,1.2,0.6,0.548,0.363,0.674,12.9,0.221
5,Isaiah Thomas,27,BOS,0.0,81.0,1010,0.08,76,33.8,28.9,2.7,5.9,0.9,0.2,0.463,0.379,0.909,12.5,0.234
6,Stephen Curry,28,GSW,0.0,52.0,1010,0.051,79,33.4,25.3,4.5,6.6,1.8,0.2,0.468,0.411,0.898,12.6,0.229
7T,Giannis Antetokounmpo,22,MIL,0.0,7.0,1010,0.007,80,35.6,22.9,8.8,5.4,1.6,1.9,0.521,0.272,0.77,12.4,0.21
7T,John Wall,26,WAS,0.0,7.0,1010,0.007,78,36.4,23.1,4.2,10.7,2.0,0.6,0.451,0.327,0.801,8.8,0.149
9T,Anthony Davis,23,NOP,0.0,2.0,1010,0.002,75,36.1,28.0,11.8,2.1,1.3,2.2,0.505,0.299,0.802,11.0,0.195
9T,Kevin Durant,28,GSW,0.0,2.0,1010,0.002,62,33.4,25.1,8.3,4.8,1.1,1.6,0.537,0.375,0.875,12.0,0.278
11,DeMar DeRozan,27,TOR,0.0,1.0,1010,0.001,74,35.4,27.3,5.2,3.9,1.1,0.2,0.467,0.266,0.842,9.0,0.166
1,James Harden,28,HOU,86.0,965.0,1010,0.955,72,35.4,30.4,5.4,8.8,1.8,0.7,0.449,0.367,0.858,15.4,0.289
2,LeBron James,33,CLE,15.0,738.0,1010,0.731,82,36.9,27.5,8.6,9.1,1.4,0.9,0.542,0.367,0.731,14.0,0.221
3,Anthony Davis,24,NOP,0.0,445.0,1010,0.441,75,36.4,28.1,11.1,2.3,1.5,2.6,0.534,0.34,0.828,13.7,0.241
4,Damian Lillard,27,POR,0.0,207.0,1010,0.205,73,36.6,26.9,4.5,6.6,1.1,0.4,0.439,0.361,0.916,12.6,0.227
5,Russell Westbrook,29,OKC,0.0,76.0,1010,0.075,80,36.4,25.4,10.1,10.3,1.8,0.3,0.449,0.298,0.737,10.1,0.166
6,Giannis Antetokounmpo,23,MIL,0.0,75.0,1010,0.074,75,36.7,26.9,10.0,4.8,1.5,1.4,0.529,0.307,0.76,11.9,0.207
7,Kevin Durant,29,GSW,0.0,66.0,1010,0.065,68,34.2,26.4,6.8,5.4,0.7,1.8,0.516,0.419,0.889,10.4,0.215
8,DeMar DeRozan,28,TOR,0.0,32.0,1010,0.032,80,33.9,23.0,3.9,5.2,1.1,0.3,0.456,0.31,0.825,9.6,0.17
9,LaMarcus Aldridge,32,SAS,0.0,6.0,1010,0.006,75,33.5,23.1,8.5,2.0,0.6,1.2,0.51,0.293,0.837,10.9,0.209
10T,Jimmy Butler,28,MIN,0.0,5.0,1010,0.005,59,36.7,22.2,5.3,4.9,2.0,0.4,0.474,0.35,0.854,8.9,0.198
10T,Stephen Curry,29,GSW,0.0,5.0,1010,0.005,51,32.0,26.4,5.1,6.1,1.6,0.2,0.495,0.423,0.921,9.1,0.267
12,Joel Embiid,23,PHI,0.0,4.0,1010,0.004,63,30.3,22.9,11.0,3.2,0.6,1.8,0.483,0.308,0.769,6.2,0.155
13,Victor Oladipo,25,IND,0.0,2.0,1010,0.002,75,34.0,23.1,5.2,4.3,2.4,0.8,0.477,0.371,0.799,8.2,0.155
1,Giannis Antetokounmpo,24,MIL,78.0,941.0,1010,0.932,72,32.8,27.7,12.5,5.9,1.3,1.5,0.578,0.256,0.729,14.4,0.292
2,James Harden,29,HOU,23.0,776.0,1010,0.768,78,36.8,36.1,6.6,7.5,2.0,0.7,0.442,0.368,0.879,15.2,0.254
3,Paul George,28,OKC,0.0,356.0,1010,0.352,77,36.9,28.0,8.2,4.1,2.2,0.4,0.438,0.386,0.839,11.9,0.201
4,Nikola Jokić,23,DEN,0.0,212.0,1010,0.21,80,31.3,20.1,10.8,7.3,1.4,0.7,0.511,0.307,0.821,11.8,0.226
5,Stephen Curry,30,GSW,0.0,175.0,1010,0.173,69,33.8,27.3,5.3,5.2,1.3,0.4,0.472,0.437,0.916,9.7,0.199
6,Damian Lillard,28,POR,0.0,69.0,1010,0.068,80,35.5,25.8,4.6,6.9,1.1,0.4,0.444,0.369,0.912,12.1,0.205
7,Joel Embiid,24,PHI,0.0,49.0,1010,0.049,64,33.7,27.5,13.6,3.7,0.7,1.9,0.484,0.3,0.804,8.7,0.194
8,Kevin Durant,30,GSW,0.0,25.0,1010,0.025,78,34.6,26.0,6.4,5.9,0.7,1.1,0.521,0.353,0.885,11.5,0.204
9,Kawhi Leonard,27,TOR,0.0,13.0,1010,0.013,60,34.0,26.6,7.3,3.3,1.8,0.4,0.496,0.371,0.854,9.5,0.224
10,Russell Westbrook,30,OKC,0.0,8.0,1010,0.008,73,36.0,22.9,11.1,10.7,1.9,0.5,0.428,0.29,0.656,6.8,0.124
11T,Rudy Gobert,26,UTA,0.0,1.0,1010,0.001,81,31.8,15.9,12.9,2.0,0.8,2.3,0.669,,0.636,14.4,0.268
11T,LeBron James,34,LAL,0.0,1.0,1010,0.001,55,35.2,27.4,8.5,8.3,1.3,0.6,0.51,0.339,0.665,7.2,0.179
1,Giannis Antetokounmpo,25,MIL,85.0,962.0,1010,0.952,63,30.4,29.5,13.6,5.6,1.0,1.0,0.553,0.304,0.633,11.1,0.279
2,LeBron James,35,LAL,16.0,753.0,1010,0.746,67,34.6,25.3,7.8,10.2,1.2,0.5,0.493,0.348,0.693,9.8,0.204
3,James Harden,30,HOU,0.0,367.0,1010,0.363,68,36.5,34.3,6.6,7.5,1.8,0.9,0.444,0.355,0.865,13.1,0.254
4,Luka Dončić,20,DAL,0.0,200.0,1010,0.198,61,33.6,28.8,9.4,8.8,1.0,0.2,0.463,0.316,0.758,8.8,0.207
5,Kawhi Leonard,28,LAC,0.0,168.0,1010,0.166,57,32.4,27.1,7.1,4.9,1.8,0.6,0.47,0.378,0.886,8.7,0.226
6,Anthony Davis,26,LAL,0.0,82.0,1010,0.081,62,34.4,26.1,9.3,3.2,1.5,2.3,0.503,0.33,0.846,11.1,0.25
7,Chris Paul,34,OKC,0.0,26.0,1010,0.026,70,31.5,17.6,5.0,6.7,1.6,0.2,0.489,0.365,0.907,8.9,0.193
8,Damian Lillard,29,POR,0.0,23.0,1010,0.023,66,37.5,30.0,4.3,8.0,1.1,0.3,0.463,0.401,0.888,11.6,0.225
9,Nikola Jokić,24,DEN,0.0,18.0,1010,0.018,73,32.0,19.9,9.7,7.0,1.2,0.6,0.528,0.314,0.817,9.8,0.202
10,Pascal Siakam,25,TOR,0.0,17.0,1010,0.017,60,35.2,22.9,7.3,3.5,1.0,0.9,0.453,0.359,0.792,5.4,0.123
11,Jimmy Butler,30,MIA,0.0,9.0,1010,0.009,58,33.8,19.9,6.7,6.0,1.8,0.6,0.455,0.244,0.834,9.0,0.221
12,Jayson Tatum,21,BOS,0.0,1.0,1010,0.001,66,34.3,23.4,7.0,3.0,1.4,0.9,0.45,0.403,0.812,6.9,0.146
1,Nikola Jokić,25,DEN,91.0,971.0,1010,0.961,72,34.6,26.4,10.8,8.3,1.3,0.7,0.566,0.388,0.868,15.6,0.301
2,Joel Embiid,26,PHI,1.0,586.0,1010,0.58,51,31.1,28.5,10.6,2.8,1.0,1.4,0.513,0.377,0.859,8.8,0.266
3,Stephen Curry,32,GSW,5.0,453.0,1010,0.449,63,34.2,32.0,5.5,5.8,1.2,0.1,0.482,0.421,0.916,9.0,0.201
4,Giannis Antetokounmpo,26,MIL,1.0,348.0,1010,0.345,61,33.0,28.1,11.0,5.9,1.2,1.2,0.569,0.303,0.685,10.2,0.244
5,Chris Paul,35,PHO,2.0,139.0,1010,0.138,70,31.4,16.4,4.5,8.9,1.4,0.3,0.499,0.395,0.934,9.2,0.201
6,Luka Dončić,21,DAL,0.0,42.0,1010,0.042,66,34.3,27.7,8.0,8.6,1.0,0.5,0.479,0.35,0.73,7.7,0.163
7,Damian Lillard,30,POR,0.0,38.0,1010,0.038,67,35.8,28.8,4.2,7.5,0.9,0.3,0.451,0.391,0.928,10.4,0.209
8,Julius Randle,26,NYK,0.0,20.0,1010,0.02,71,37.6,24.1,10.2,6.0,0.9,0.3,0.456,0.411,0.811,7.8,0.14
9,Derrick Rose,32,TOT,1.0,10.0,1010,0.01,50,25.6,14.7,2.6,4.2,1.0,0.4,0.47,0.388,0.866,3.1,0.118
10,Rudy Gobert,28,UTA,0.0,8.0,1010,0.008,71,30.8,14.3,13.5,1.3,0.6,2.7,0.675,0.0,0.623,11.3,0.248
11,Russell Westbrook,32,WAS,0.0,5.0,1010,0.005,65,36.4,22.2,11.5,11.7,1.4,0.4,0.439,0.315,0.656,3.7,0.075
12,Ben Simmons,24,PHI,0.0,3.0,1010,0.003,58,32.4,14.3,7.2,6.9,1.6,0.6,0.557,0.3,0.613,6.0,0.153
13T,James Harden,31,TOT,0.0,1.0,1010,0.001,44,36.6,24.6,7.9,10.8,1.2,0.8,0.466,0.362,0.861,7.0,0.208
13T,LeBron James,36,LAL,0.0,1.0,1010,0.001,45,33.4,25.0,7.7,7.8,1.1,0.6,0.513,0.365,0.698,5.6,0.179
13T,Kawhi Leonard,29,LAC,0.0,1.0,1010,0.001,52,34.1,24.8,6.5,5.2,1.6,0.4,0.512,0.398,0.885,8.8,0.238
1,Nikola Jokić,26,DEN,65.0,875.0,1000,0.875,74,33.5,27.1,13.8,7.9,1.5,0.9,0.583,0.337,0.81,15.2,0.296
2,Joel Embiid,27,PHI,26.0,706.0,1000,0.706,68,33.8,30.6,11.7,4.2,1.1,1.5,0.499,0.371,0.814,12.0,0.252
3,Giannis Antetokounmpo,27,MIL,9.0,595.0,1000,0.595,67,32.9,29.9,11.6,5.8,1.1,1.4,0.553,0.293,0.722,12.9,0.281
4,Devin Booker,25,PHO,0.0,216.0,1000,0.216,68,34.5,26.8,5.0,4.8,1.1,0.4,0.466,0.383,0.868,7.6,0.156
5,Luka Dončić,22,DAL,0.0,146.0,1000,0.146,65,35.4,28.4,9.1,8.7,1.2,0.6,0.457,0.353,0.744,7.6,0.159
6,Jayson Tatum,23,BOS,0.0,43.0,1000,0.043,76,35.9,26.9,8.0,4.4,1.0,0.6,0.453,0.353,0.853,9.6,0.169
7,Ja Morant,22,MEM,0.0,10.0,1000,0.01,57,33.1,27.4,5.7,6.7,1.2,0.4,0.493,0.344,0.761,6.7,0.171
8,Stephen Curry,33,GSW,0.0,4.0,1000,0.004,64,34.5,25.5,5.2,6.3,1.3,0.4,0.437,0.38,0.923,8.0,0.173
9,Chris Paul,36,PHO,0.0,2.0,1000,0.002,65,32.9,14.7,4.4,10.8,1.9,0.3,0.493,0.317,0.837,9.4,0.21
10T,DeMar DeRozan,32,CHI,0.0,1.0,1000,0.001,76,36.1,27.9,5.2,4.9,0.9,0.3,0.504,0.352,0.877,8.8,0.154
10T,Kevin Durant,33,BRK,0.0,1.0,1000,0.001,55,37.2,29.9,7.4,6.4,0.9,0.9,0.518,0.383,0.91,8.4,0.198
10T,LeBron James,37,LAL,0.0,1.0,1000,0.001,56,37.2,30.3,8.2,6.2,1.3,1.1,0.524,0.359,0.756,7.5,0.172
