Rk,Player,Pos,Age,G,GS,MP,FG%,Dist.,%FGA 2P,%FGA 0-3,%FGA 3-10,%FGA 10-16,%FGA 16-3P,%FGA 3P,2P%,FG% 0-3,FG% 3-10,FG% 10-16,FG% 16-3P,3P%,%Ast'd 2P,%Ast'd 3P,Dunk %FGA,Dunks #,Corner 3s %3PA,Corner 3s 3P%,Heaves Att.,Heaves Md.,Awards
1.0,Mikal Bridges,SF,28.0,82.0,82.0,3036.0,0.5,14.7,0.609,0.185,0.189,0.192,0.042,0.391,0.594,0.785,0.513,0.507,0.52,0.354,0.682,0.957,0.025,28.0,0.449,0.423,12.0,0.0,
2.0,Josh Hart,SG,29.0,77.0,77.0,2897.0,0.525,11.3,0.673,0.408,0.162,0.066,0.036,0.327,0.618,0.732,0.44,0.412,0.5,0.333,0.613,0.869,0.03,21.0,0.258,0.308,1.0,0.0,
3.0,Anthony Edwards,SG,23.0,79.0,79.0,2871.0,0.447,16.9,0.497,0.176,0.158,0.084,0.08,0.503,0.501,0.678,0.453,0.341,0.372,0.395,0.384,0.475,0.039,54.0,0.107,0.414,10.0,0.0,
4.0,Devin Booker,SG,28.0,75.0,75.0,2795.0,0.461,16.2,0.612,0.109,0.175,0.206,0.123,0.388,0.542,0.69,0.492,0.531,0.5,0.332,0.431,0.716,0.013,14.0,0.123,0.338,0.0,0.0,
5.0,James Harden,PG,35.0,79.0,79.0,2789.0,0.41,17.3,0.484,0.106,0.232,0.122,0.024,0.516,0.472,0.657,0.422,0.405,0.484,0.352,0.176,0.37,0.003,4.0,0.042,0.429,0.0,0.0,
6.0,DeMar DeRozan,SF,35.0,77.0,77.0,2768.0,0.477,15.3,0.804,0.065,0.171,0.299,0.269,0.196,0.513,0.706,0.549,0.509,0.449,0.328,0.363,0.881,0.006,7.0,0.309,0.38,6.0,0.0,
7.0,Trae Young,PG,26.0,76.0,76.0,2739.0,0.411,17.3,0.533,0.124,0.219,0.134,0.057,0.467,0.474,0.544,0.468,0.467,0.359,0.34,0.287,0.294,0.001,0.0,0.078,0.44,6.0,1.0,
8.0,Tyler Herro,SG,25.0,77.0,77.0,2725.0,0.472,16.7,0.514,0.137,0.213,0.126,0.038,0.486,0.565,0.698,0.515,0.529,0.481,0.375,0.378,0.753,0.008,10.0,0.118,0.456,2.0,0.0,
9.0,OG Anunoby,PF,27.0,74.0,74.0,2706.0,0.476,13.5,0.552,0.338,0.123,0.055,0.037,0.448,0.561,0.706,0.349,0.321,0.289,0.372,0.717,0.93,0.14,132.0,0.45,0.377,1.0,0.0,
10.0,Jalen Green,SG,22.0,82.0,82.0,2697.0,0.423,16.3,0.54,0.191,0.175,0.058,0.116,0.46,0.482,0.664,0.418,0.298,0.371,0.354,0.262,0.538,0.046,54.0,0.107,0.366,0.0,0.0,
11.0,Christian Braun,SG,23.0,79.0,77.0,2675.0,0.58,9.9,0.727,0.418,0.245,0.027,0.038,0.273,0.648,0.758,0.522,0.409,0.419,0.397,0.762,0.888,0.124,94.0,0.317,0.352,1.0,0.0,
12.0,Bam Adebayo,C,27.0,78.0,78.0,2674.0,0.485,11.4,0.801,0.213,0.285,0.247,0.057,0.199,0.517,0.705,0.461,0.436,0.444,0.357,0.605,0.886,0.123,125.0,0.29,0.453,0.0,0.0,
13.0,Ivica Zubac,C,27.0,80.0,80.0,2624.0,0.628,4.4,1.0,0.426,0.499,0.072,0.003,0.0,0.628,0.706,0.585,0.485,0.333,,0.703,,0.203,177.0,,,0.0,0.0,
14.0,Jayson Tatum,PF,26.0,72.0,72.0,2624.0,0.452,17.1,0.503,0.182,0.149,0.089,0.083,0.497,0.559,0.782,0.479,0.359,0.43,0.343,0.35,0.46,0.059,79.0,0.059,0.419,0.0,0.0,
15.0,Jaden McDaniels,PF,24.0,82.0,82.0,2614.0,0.477,12.8,0.637,0.253,0.23,0.121,0.032,0.363,0.561,0.73,0.427,0.535,0.296,0.33,0.611,0.95,0.074,51.0,0.512,0.335,3.0,0.0,
16.0,Keegan Murray,PF,24.0,76.0,76.0,2610.0,0.444,17.2,0.452,0.144,0.195,0.078,0.035,0.548,0.566,0.831,0.469,0.359,0.483,0.343,0.652,0.987,0.087,66.0,0.29,0.385,1.0,0.0,
17.0,Zach LaVine,SF,29.0,74.0,74.0,2602.0,0.511,15.9,0.562,0.242,0.131,0.07,0.119,0.438,0.562,0.723,0.488,0.442,0.386,0.446,0.495,0.544,0.06,68.0,0.17,0.473,0.0,0.0,
18.0,Shai Gilgeous-Alexander,PG,26.0,76.0,76.0,2598.0,0.519,12.9,0.737,0.206,0.231,0.222,0.079,0.263,0.571,0.742,0.492,0.548,0.42,0.375,0.212,0.35,0.028,46.0,0.034,0.333,1.0,0.0,
19.0,Michael Porter Jr.,SF,26.0,77.0,77.0,2593.0,0.504,15.9,0.533,0.228,0.156,0.053,0.095,0.467,0.599,0.762,0.53,0.536,0.36,0.395,0.74,0.922,0.096,88.0,0.125,0.508,8.0,0.0,
20.0,Derrick White,SG,30.0,76.0,76.0,2574.0,0.442,20.7,0.279,0.084,0.121,0.05,0.024,0.721,0.593,0.716,0.586,0.563,0.261,0.384,0.465,0.808,0.009,8.0,0.171,0.432,0.0,0.0,
21.0,Dyson Daniels,SG,21.0,76.0,76.0,2571.0,0.493,10.4,0.745,0.284,0.377,0.078,0.007,0.255,0.545,0.676,0.486,0.389,0.167,0.34,0.517,0.938,0.054,45.0,0.217,0.431,6.0,0.0,
22.0,Nikola Jokić,C,29.0,70.0,70.0,2571.0,0.576,11.5,0.757,0.235,0.403,0.078,0.042,0.243,0.627,0.725,0.605,0.491,0.544,0.417,0.653,0.862,0.019,25.0,0.045,0.533,22.0,2.0,
23.0,Austin Reaves,SG,26.0,73.0,73.0,2550.0,0.46,17.1,0.488,0.142,0.211,0.107,0.028,0.512,0.547,0.748,0.484,0.45,0.379,0.377,0.44,0.72,0.007,7.0,0.122,0.446,7.0,0.0,
24.0,Toumani Camara,PF,24.0,78.0,78.0,2548.0,0.458,14.0,0.497,0.289,0.198,0.008,0.001,0.503,0.542,0.652,0.401,0.167,0.0,0.375,0.658,0.956,0.084,49.0,0.419,0.358,1.0,0.0,
25.0,Pascal Siakam,PF,30.0,78.0,78.0,2548.0,0.519,12.4,0.726,0.218,0.258,0.179,0.071,0.274,0.568,0.771,0.544,0.441,0.345,0.389,0.589,0.976,0.041,45.0,0.29,0.404,1.0,0.0,
26.0,Brook Lopez,C,36.0,80.0,80.0,2546.0,0.509,16.0,0.518,0.229,0.151,0.109,0.03,0.482,0.636,0.78,0.59,0.464,0.391,0.373,0.745,0.986,0.071,52.0,0.097,0.583,0.0,0.0,
27.0,Karl-Anthony Towns,C,29.0,72.0,72.0,2517.0,0.526,10.8,0.722,0.353,0.277,0.058,0.035,0.278,0.567,0.695,0.476,0.4,0.262,0.42,0.586,0.972,0.071,76.0,0.062,0.333,0.0,0.0,
28.0,Bub Carrington,PG,19.0,82.0,57.0,2458.0,0.401,19.1,0.456,0.102,0.114,0.102,0.139,0.544,0.475,0.553,0.353,0.553,0.462,0.339,0.481,0.667,0.027,18.0,0.135,0.327,1.0,0.0,
29.0,Cade Cunningham,PG,23.0,70.0,70.0,2452.0,0.469,12.6,0.713,0.167,0.362,0.129,0.056,0.287,0.515,0.605,0.497,0.479,0.444,0.356,0.228,0.57,0.033,39.0,0.048,0.4,4.0,0.0,
30.0,Tyrese Haliburton,PG,24.0,73.0,73.0,2451.0,0.473,19.3,0.441,0.101,0.14,0.107,0.092,0.559,0.581,0.725,0.582,0.546,0.462,0.388,0.391,0.528,0.024,22.0,0.073,0.439,9.0,0.0,
31.0,Coby White,SG,24.0,74.0,73.0,2450.0,0.453,16.6,0.479,0.224,0.153,0.06,0.043,0.521,0.544,0.669,0.456,0.507,0.25,0.37,0.336,0.759,0.01,8.0,0.135,0.38,8.0,0.0,
32.0,LeBron James,SF,40.0,70.0,70.0,2444.0,0.513,13.4,0.688,0.242,0.23,0.113,0.104,0.312,0.574,0.782,0.473,0.503,0.394,0.376,0.382,0.691,0.056,71.0,0.088,0.343,2.0,0.0,
33.0,Domantas Sabonis,C,28.0,70.0,70.0,2429.0,0.59,8.1,0.825,0.43,0.306,0.044,0.047,0.175,0.627,0.708,0.56,0.462,0.452,0.417,0.63,0.985,0.097,80.0,0.051,0.5,0.0,0.0,
34.0,Jamal Murray,PG,27.0,67.0,67.0,2418.0,0.474,15.6,0.646,0.155,0.175,0.153,0.163,0.354,0.518,0.667,0.485,0.468,0.459,0.393,0.355,0.615,0.012,13.0,0.093,0.378,3.0,0.0,
35.0,Alperen Şengün,C,22.0,76.0,76.0,2395.0,0.496,7.5,0.921,0.319,0.405,0.164,0.033,0.079,0.519,0.679,0.454,0.396,0.368,0.233,0.473,0.952,0.067,65.0,0.067,0.333,0.0,0.0,
36.0,Dillon Brooks,SF,29.0,75.0,75.0,2388.0,0.429,17.3,0.476,0.127,0.155,0.135,0.058,0.524,0.465,0.544,0.475,0.372,0.481,0.397,0.444,0.962,0.019,15.0,0.23,0.38,1.0,0.0,
37.0,Rudy Gobert,C,32.0,72.0,72.0,2388.0,0.669,2.4,1.0,0.757,0.218,0.022,0.004,0.0,0.669,0.79,0.324,0.0,0.0,,0.707,,0.494,225.0,,,0.0,0.0,
38.0,Tobias Harris,PF,32.0,73.0,73.0,2305.0,0.477,13.1,0.672,0.168,0.293,0.168,0.043,0.328,0.542,0.77,0.475,0.489,0.314,0.345,0.539,0.934,0.075,56.0,0.447,0.39,0.0,0.0,
39.0,Darius Garland,PG,25.0,75.0,75.0,2301.0,0.472,16.3,0.549,0.148,0.193,0.147,0.06,0.451,0.53,0.649,0.485,0.549,0.338,0.401,0.33,0.571,0.002,1.0,0.151,0.4,1.0,0.0,
40.0,Jalen Brunson,PG,28.0,65.0,65.0,2301.0,0.488,14.2,0.669,0.149,0.255,0.181,0.084,0.331,0.539,0.676,0.497,0.525,0.455,0.383,0.236,0.461,0.0,0.0,0.144,0.404,0.0,0.0,
41.0,Jarrett Allen,C,26.0,82.0,82.0,2296.0,0.706,3.6,0.992,0.594,0.342,0.05,0.006,0.008,0.712,0.813,0.584,0.469,0.0,0.0,0.825,,0.272,159.0,0.4,0.0,0.0,0.0,
42.0,Chris Paul,PG,39.0,82.0,82.0,2292.0,0.427,21.2,0.364,0.026,0.048,0.189,0.101,0.636,0.514,0.8,0.536,0.518,0.424,0.377,0.22,0.493,0.0,0.0,0.127,0.34,2.0,0.0,
43.0,Anfernee Simons,SG,25.0,70.0,70.0,2292.0,0.426,17.9,0.473,0.124,0.181,0.108,0.059,0.527,0.496,0.636,0.446,0.369,0.591,0.363,0.186,0.609,0.014,15.0,0.093,0.327,5.0,0.0,
44.0,Giannis Antetokounmpo,PF,30.0,67.0,67.0,2289.0,0.601,7.0,0.952,0.511,0.195,0.096,0.15,0.048,0.62,0.773,0.428,0.48,0.439,0.222,0.429,0.5,0.205,243.0,0.048,0.0,1.0,0.0,
45.0,Malik Beasley,SG,28.0,82.0,18.0,2283.0,0.43,20.8,0.285,0.057,0.132,0.055,0.041,0.715,0.466,0.656,0.447,0.356,0.409,0.416,0.634,0.937,0.022,20.0,0.209,0.531,2.0,0.0,
46.0,Kentavious Caldwell-Pope,SG,31.0,77.0,77.0,2279.0,0.439,19.3,0.393,0.123,0.063,0.064,0.143,0.607,0.589,0.761,0.412,0.543,0.538,0.342,0.698,0.929,0.029,16.0,0.348,0.339,0.0,0.0,
47.0,Nikola Vučević,C,34.0,73.0,72.0,2278.0,0.53,12.5,0.691,0.214,0.319,0.118,0.04,0.309,0.587,0.689,0.565,0.508,0.452,0.402,0.758,0.992,0.012,10.0,0.084,0.407,1.0,0.0,
48.0,Payton Pritchard,PG,27.0,80.0,3.0,2271.0,0.472,21.3,0.277,0.112,0.09,0.044,0.031,0.723,0.642,0.794,0.615,0.447,0.444,0.407,0.247,0.804,0.0,0.0,0.157,0.469,8.0,0.0,
49.0,Kevin Durant,PF,36.0,62.0,62.0,2265.0,0.527,15.5,0.669,0.091,0.176,0.312,0.09,0.331,0.574,0.824,0.561,0.524,0.525,0.43,0.433,0.888,0.041,44.0,0.223,0.506,0.0,0.0,
50.0,Shaedon Sharpe,SG,21.0,72.0,52.0,2252.0,0.452,15.7,0.572,0.226,0.14,0.106,0.101,0.428,0.557,0.755,0.419,0.47,0.396,0.311,0.409,0.707,0.07,65.0,0.165,0.333,4.0,0.0,
51.0,Stephen Curry,PG,36.0,70.0,70.0,2252.0,0.448,20.0,0.377,0.083,0.171,0.07,0.053,0.623,0.534,0.673,0.488,0.455,0.567,0.397,0.478,0.704,0.001,1.0,0.101,0.494,6.0,1.0,
52.0,De'Aaron Fox,PG,27.0,62.0,62.0,2241.0,0.463,14.4,0.672,0.156,0.255,0.153,0.108,0.328,0.538,0.698,0.53,0.472,0.421,0.31,0.318,0.669,0.019,22.0,0.16,0.328,2.0,0.0,
53.0,Jalen Williams,SG,23.0,69.0,69.0,2237.0,0.484,13.3,0.709,0.201,0.237,0.187,0.084,0.291,0.533,0.723,0.43,0.523,0.388,0.365,0.395,0.782,0.069,70.0,0.094,0.406,0.0,0.0,
54.0,Donovan Mitchell,SG,28.0,71.0,71.0,2232.0,0.443,17.0,0.52,0.156,0.183,0.084,0.098,0.48,0.512,0.607,0.531,0.441,0.388,0.368,0.222,0.541,0.014,16.0,0.096,0.475,3.0,0.0,
55.0,Harrison Barnes,PF,32.0,82.0,82.0,2230.0,0.508,14.8,0.473,0.25,0.184,0.038,0.0,0.527,0.591,0.69,0.468,0.538,,0.433,0.586,0.981,0.042,29.0,0.547,0.477,2.0,0.0,
56.0,Julius Randle,PF,30.0,69.0,69.0,2226.0,0.485,12.4,0.666,0.252,0.262,0.121,0.03,0.334,0.555,0.751,0.423,0.465,0.429,0.344,0.447,0.843,0.052,46.0,0.21,0.273,1.0,0.0,
57.0,Amen Thompson,SF,22.0,69.0,42.0,2225.0,0.557,7.8,0.869,0.42,0.298,0.096,0.055,0.131,0.599,0.758,0.471,0.493,0.263,0.275,0.523,0.96,0.212,138.0,0.582,0.377,2.0,0.0,
58.0,Jaren Jackson Jr.,C,25.0,74.0,74.0,2207.0,0.488,13.1,0.679,0.119,0.415,0.134,0.011,0.321,0.541,0.667,0.518,0.509,0.462,0.375,0.451,0.952,0.029,31.0,0.206,0.4,5.0,0.0,
59.0,Desmond Bane,SG,26.0,69.0,68.0,2205.0,0.484,14.7,0.589,0.188,0.246,0.093,0.063,0.411,0.548,0.712,0.492,0.4,0.5,0.392,0.426,0.634,0.005,5.0,0.187,0.308,0.0,0.0,
60.0,Naz Reid,C,25.0,80.0,17.0,2200.0,0.462,15.4,0.499,0.2,0.255,0.044,0.0,0.501,0.544,0.681,0.468,0.366,,0.379,0.641,0.92,0.034,25.0,0.227,0.39,2.0,0.0,
61.0,Tyus Jones,PG,28.0,81.0,58.0,2174.0,0.448,18.3,0.413,0.06,0.174,0.16,0.019,0.587,0.496,0.78,0.479,0.422,0.385,0.414,0.393,0.873,0.0,0.0,0.344,0.5,0.0,0.0,
62.0,Myles Turner,C,28.0,72.0,72.0,2174.0,0.481,16.2,0.514,0.175,0.206,0.073,0.06,0.486,0.561,0.746,0.425,0.559,0.49,0.396,0.846,0.981,0.09,59.0,0.14,0.491,0.0,0.0,
63.0,Evan Mobley,PF,23.0,71.0,71.0,2167.0,0.557,9.4,0.746,0.421,0.27,0.038,0.018,0.254,0.621,0.787,0.429,0.353,0.188,0.37,0.64,0.894,0.22,192.0,0.2,0.435,1.0,0.0,
64.0,Taurean Prince,SF,30.0,80.0,73.0,2166.0,0.457,18.0,0.348,0.16,0.119,0.058,0.012,0.652,0.492,0.646,0.361,0.333,0.5,0.439,0.773,0.986,0.018,8.0,0.507,0.453,2.0,0.0,
65.0,Stephon Castle,PG,20.0,81.0,47.0,2162.0,0.428,12.6,0.663,0.311,0.217,0.084,0.052,0.337,0.501,0.655,0.369,0.373,0.333,0.285,0.46,0.789,0.078,69.0,0.147,0.347,4.0,0.0,
66.0,Deni Avdija,SF,24.0,72.0,54.0,2161.0,0.476,12.9,0.595,0.322,0.219,0.026,0.027,0.405,0.552,0.665,0.416,0.364,0.478,0.365,0.448,0.848,0.027,20.0,0.181,0.323,1.0,0.0,
67.0,Jaylen Brown,SF,28.0,63.0,63.0,2158.0,0.463,13.4,0.68,0.197,0.265,0.145,0.073,0.32,0.529,0.75,0.456,0.407,0.439,0.324,0.386,0.724,0.045,43.0,0.184,0.439,0.0,0.0,
68.0,Tim Hardaway Jr.,SG,32.0,77.0,77.0,2153.0,0.406,20.2,0.328,0.082,0.1,0.072,0.074,0.672,0.484,0.679,0.485,0.469,0.28,0.368,0.815,0.923,0.016,8.0,0.241,0.373,0.0,0.0,
69.0,Bennedict Mathurin,SF,22.0,72.0,49.0,2149.0,0.458,13.2,0.662,0.273,0.237,0.066,0.087,0.338,0.519,0.635,0.485,0.393,0.338,0.34,0.584,0.714,0.049,39.0,0.139,0.4,3.0,0.0,
70.0,Spencer Dinwiddie,PG,31.0,79.0,30.0,2136.0,0.416,15.9,0.522,0.136,0.252,0.106,0.028,0.478,0.492,0.645,0.419,0.458,0.526,0.334,0.211,0.55,0.012,4.0,0.184,0.417,0.0,0.0,
71.0,Scottie Barnes,PF,23.0,65.0,65.0,2134.0,0.446,12.6,0.737,0.219,0.26,0.176,0.082,0.263,0.508,0.687,0.428,0.476,0.356,0.271,0.452,0.737,0.066,60.0,0.132,0.351,5.0,0.0,
72.0,Max Christie,SG,21.0,78.0,36.0,2127.0,0.427,16.9,0.468,0.144,0.18,0.073,0.071,0.532,0.496,0.8,0.396,0.279,0.357,0.366,0.606,0.957,0.053,25.0,0.366,0.383,2.0,0.0,
73.0,Josh Giddey,PG,22.0,70.0,69.0,2117.0,0.465,12.3,0.652,0.277,0.276,0.076,0.023,0.348,0.512,0.584,0.5,0.377,0.222,0.378,0.414,0.895,0.013,9.0,0.277,0.39,1.0,1.0,
74.0,Fred VanVleet,PG,30.0,60.0,60.0,2111.0,0.378,20.2,0.393,0.095,0.111,0.07,0.117,0.607,0.43,0.528,0.393,0.434,0.382,0.345,0.234,0.623,0.0,0.0,0.093,0.326,8.0,0.0,
75.0,Keyonte George,PG,21.0,67.0,35.0,2109.0,0.391,17.6,0.448,0.073,0.242,0.098,0.036,0.552,0.449,0.627,0.428,0.4,0.364,0.343,0.427,0.649,0.015,11.0,0.136,0.493,0.0,0.0,
76.0,Dennis Schröder,PG,31.0,75.0,49.0,2105.0,0.406,16.7,0.551,0.129,0.197,0.135,0.089,0.449,0.458,0.636,0.38,0.491,0.324,0.342,0.244,0.756,0.0,0.0,0.092,0.471,4.0,0.0,
77.0,Damian Lillard,PG,34.0,58.0,58.0,2093.0,0.448,18.5,0.472,0.169,0.113,0.071,0.119,0.528,0.528,0.655,0.393,0.486,0.5,0.376,0.158,0.574,0.005,5.0,0.078,0.39,4.0,0.0,
78.0,Russell Westbrook,PG,36.0,75.0,36.0,2092.0,0.449,12.3,0.65,0.314,0.213,0.063,0.06,0.35,0.517,0.682,0.424,0.212,0.3,0.323,0.423,0.862,0.032,23.0,0.337,0.439,1.0,0.0,
79.0,Kelly Oubre Jr.,SF,29.0,60.0,57.0,2078.0,0.47,11.3,0.673,0.328,0.266,0.067,0.012,0.327,0.555,0.704,0.452,0.26,0.444,0.293,0.534,0.972,0.097,63.0,0.318,0.351,0.0,0.0,
80.0,Nickeil Alexander-Walker,SG,26.0,82.0,10.0,2073.0,0.438,17.5,0.399,0.166,0.14,0.063,0.031,0.601,0.524,0.667,0.43,0.359,0.526,0.381,0.612,0.986,0.019,8.0,0.335,0.468,4.0,0.0,
81.0,Luguentz Dort,SF,25.0,71.0,71.0,2073.0,0.435,19.5,0.304,0.123,0.094,0.059,0.027,0.696,0.489,0.589,0.375,0.429,0.563,0.412,0.67,0.959,0.032,14.0,0.259,0.421,0.0,0.0,
82.0,Onyeka Okongwu,C,24.0,74.0,40.0,2064.0,0.567,7.9,0.784,0.48,0.263,0.038,0.003,0.216,0.634,0.738,0.472,0.5,0.0,0.324,0.768,1.0,0.145,91.0,0.534,0.354,1.0,0.0,
83.0,Malik Monk,SG,26.0,65.0,45.0,2054.0,0.439,16.0,0.544,0.145,0.242,0.106,0.051,0.456,0.534,0.632,0.524,0.47,0.438,0.325,0.443,0.82,0.036,29.0,0.121,0.442,2.0,0.0,
84.0,Jaylen Wells,SG,21.0,79.0,74.0,2043.0,0.425,17.4,0.42,0.142,0.163,0.059,0.056,0.58,0.525,0.729,0.382,0.625,0.316,0.352,0.658,0.906,0.036,20.0,0.38,0.369,0.0,0.0,
85.0,Jalen Duren,C,21.0,78.0,78.0,2034.0,0.692,2.5,1.0,0.663,0.332,0.004,0.002,0.0,0.692,0.76,0.558,0.5,1.0,,0.624,,0.441,219.0,,,0.0,0.0,
86.0,Jalen Wilson,PF,24.0,79.0,22.0,2031.0,0.397,16.9,0.416,0.165,0.216,0.023,0.013,0.584,0.481,0.608,0.41,0.286,0.375,0.337,0.597,1.0,0.002,0.0,0.29,0.352,1.0,0.0,
87.0,Miles Bridges,PF,26.0,64.0,64.0,2029.0,0.431,13.8,0.587,0.242,0.274,0.051,0.02,0.413,0.513,0.712,0.393,0.309,0.273,0.313,0.482,0.908,0.058,55.0,0.236,0.396,6.0,0.0,
88.0,Davion Mitchell,PG,26.0,74.0,37.0,2027.0,0.468,14.2,0.557,0.271,0.204,0.05,0.032,0.443,0.525,0.651,0.433,0.375,0.267,0.398,0.281,0.821,0.0,0.0,0.19,0.425,4.0,0.0,
89.0,Franz Wagner,SF,23.0,60.0,60.0,2023.0,0.463,12.5,0.697,0.214,0.349,0.091,0.043,0.303,0.535,0.726,0.452,0.491,0.36,0.295,0.446,0.692,0.036,39.0,0.111,0.436,3.0,0.0,
90.0,Quentin Grimes,SG,24.0,75.0,37.0,2013.0,0.467,16.2,0.488,0.232,0.113,0.077,0.067,0.512,0.552,0.728,0.409,0.397,0.364,0.385,0.441,0.79,0.033,26.0,0.233,0.49,0.0,0.0,
91.0,Jordan Poole,SG,25.0,68.0,68.0,2001.0,0.432,18.8,0.412,0.166,0.156,0.056,0.034,0.588,0.51,0.703,0.412,0.271,0.417,0.378,0.347,0.574,0.01,10.0,0.087,0.333,3.0,0.0,
92.0,Draymond Green,PF,34.0,68.0,66.0,1983.0,0.424,14.9,0.517,0.187,0.25,0.053,0.028,0.483,0.517,0.6,0.472,0.444,0.5,0.325,0.809,0.988,0.029,14.0,0.39,0.333,1.0,0.0,
93.0,Devin Vassell,SG,24.0,64.0,53.0,1983.0,0.443,17.2,0.517,0.139,0.105,0.175,0.098,0.483,0.513,0.677,0.419,0.474,0.448,0.368,0.547,0.861,0.046,35.0,0.228,0.439,1.0,0.0,
94.0,Klay Thompson,SF,34.0,72.0,72.0,1965.0,0.412,20.1,0.369,0.067,0.081,0.105,0.116,0.631,0.448,0.712,0.38,0.37,0.412,0.391,0.69,0.944,0.002,2.0,0.264,0.39,0.0,0.0,
95.0,Tyrese Maxey,PG,24.0,52.0,52.0,1960.0,0.437,15.1,0.562,0.226,0.22,0.071,0.044,0.438,0.515,0.644,0.408,0.462,0.479,0.337,0.307,0.491,0.014,15.0,0.084,0.275,3.0,0.0,
96.0,Norman Powell,SG,31.0,60.0,60.0,1958.0,0.484,15.3,0.547,0.184,0.236,0.086,0.041,0.453,0.538,0.718,0.453,0.42,0.462,0.418,0.601,0.793,0.019,16.0,0.145,0.419,3.0,0.0,
97.0,Yves Missi,C,20.0,73.0,67.0,1956.0,0.547,2.8,0.998,0.667,0.311,0.018,0.002,0.002,0.548,0.619,0.405,0.444,0.0,0.0,0.677,,0.297,116.0,0.0,,1.0,0.0,
98.0,Keon Ellis,SG,25.0,80.0,28.0,1948.0,0.489,19.8,0.308,0.103,0.119,0.056,0.03,0.692,0.615,0.833,0.6,0.308,0.5,0.433,0.682,0.921,0.05,23.0,0.324,0.51,0.0,0.0,
99.0,Bilal Coulibaly,SF,20.0,59.0,59.0,1948.0,0.421,13.3,0.641,0.268,0.218,0.096,0.059,0.359,0.5,0.749,0.346,0.283,0.297,0.281,0.51,0.905,0.128,72.0,0.232,0.346,0.0,0.0,
100.0,Kyle Kuzma,PF,29.0,65.0,62.0,1936.0,0.436,13.5,0.631,0.222,0.285,0.085,0.039,0.369,0.512,0.75,0.413,0.361,0.212,0.307,0.573,0.854,0.029,24.0,0.246,0.325,4.0,1.0,
101.0,Julian Champagnie,SF,23.0,82.0,29.0,1932.0,0.415,19.3,0.278,0.159,0.095,0.009,0.015,0.722,0.53,0.623,0.381,0.667,0.4,0.371,0.735,0.972,0.047,23.0,0.302,0.421,1.0,0.0,
102.0,Keon Johnson,SG,22.0,79.0,56.0,1925.0,0.389,15.6,0.485,0.223,0.191,0.04,0.031,0.515,0.468,0.58,0.362,0.419,0.375,0.314,0.492,0.952,0.059,36.0,0.294,0.331,2.0,0.0,
103.0,Naji Marshall,SF,27.0,69.0,31.0,1919.0,0.508,12.0,0.694,0.25,0.33,0.098,0.015,0.306,0.611,0.73,0.528,0.571,0.727,0.275,0.483,1.0,0.038,20.0,0.482,0.295,8.0,0.0,
104.0,Jrue Holiday,PG,34.0,62.0,62.0,1896.0,0.443,16.2,0.466,0.164,0.209,0.07,0.023,0.534,0.547,0.723,0.458,0.45,0.385,0.353,0.493,0.861,0.003,1.0,0.314,0.302,0.0,0.0,
105.0,Guerschon Yabusele,C,29.0,70.0,43.0,1895.0,0.501,14.4,0.513,0.313,0.165,0.028,0.007,0.487,0.616,0.744,0.462,0.188,0.25,0.38,0.725,1.0,0.089,44.0,0.241,0.364,3.0,0.0,
106.0,Gary Trent Jr.,SG,26.0,74.0,9.0,1893.0,0.431,20.4,0.341,0.072,0.079,0.111,0.079,0.659,0.46,0.574,0.404,0.493,0.365,0.416,0.476,0.906,0.003,1.0,0.217,0.489,0.0,0.0,
107.0,Anthony Black,PG,21.0,78.0,10.0,1887.0,0.423,12.0,0.685,0.255,0.308,0.071,0.052,0.315,0.471,0.627,0.414,0.25,0.344,0.318,0.435,0.839,0.06,30.0,0.39,0.395,1.0,0.0,
108.0,Josh Green,SG,24.0,68.0,67.0,1887.0,0.428,16.8,0.411,0.185,0.128,0.064,0.033,0.589,0.48,0.615,0.407,0.296,0.357,0.391,0.614,0.979,0.04,17.0,0.609,0.411,1.0,0.0,
109.0,Nic Claxton,C,25.0,70.0,62.0,1882.0,0.563,5.3,0.963,0.481,0.359,0.1,0.023,0.037,0.576,0.755,0.397,0.456,0.154,0.238,0.673,1.0,0.229,119.0,0.381,0.25,0.0,0.0,
110.0,Andrew Nembhard,SG,25.0,65.0,65.0,1881.0,0.458,14.9,0.675,0.163,0.187,0.199,0.126,0.325,0.538,0.727,0.535,0.449,0.441,0.291,0.474,0.824,0.002,1.0,0.269,0.298,1.0,0.0,
111.0,Cason Wallace,SG,21.0,68.0,43.0,1876.0,0.474,13.2,0.575,0.272,0.233,0.055,0.014,0.425,0.562,0.662,0.491,0.407,0.429,0.356,0.563,0.986,0.065,29.0,0.438,0.341,0.0,0.0,
112.0,Derrick Jones Jr.,SF,27.0,77.0,55.0,1873.0,0.526,11.4,0.628,0.357,0.239,0.019,0.014,0.372,0.627,0.752,0.461,0.455,0.5,0.356,0.741,1.0,0.209,112.0,0.507,0.351,1.0,0.0,
113.0,Rui Hachimura,PF,26.0,59.0,57.0,1869.0,0.509,13.7,0.571,0.274,0.181,0.073,0.043,0.429,0.581,0.753,0.394,0.5,0.4,0.413,0.817,0.961,0.13,67.0,0.429,0.425,0.0,0.0,
114.0,RJ Barrett,SF,24.0,58.0,58.0,1869.0,0.468,10.9,0.688,0.354,0.273,0.049,0.012,0.312,0.522,0.624,0.392,0.542,0.417,0.35,0.459,0.925,0.032,27.0,0.229,0.4,1.0,0.0,
115.0,Buddy Hield,SG,32.0,82.0,22.0,1863.0,0.417,20.0,0.302,0.093,0.127,0.041,0.041,0.698,0.527,0.726,0.5,0.406,0.281,0.37,0.616,0.931,0.011,9.0,0.233,0.367,1.0,0.0,
116.0,Trey Murphy III,SF,24.0,53.0,51.0,1854.0,0.454,16.6,0.478,0.217,0.178,0.054,0.03,0.522,0.556,0.725,0.43,0.378,0.4,0.361,0.691,0.848,0.093,73.0,0.155,0.441,1.0,0.0,
117.0,Zaccharie Risacher,SF,19.0,75.0,73.0,1843.0,0.458,13.5,0.558,0.28,0.216,0.033,0.03,0.442,0.54,0.651,0.458,0.308,0.348,0.355,0.732,0.975,0.095,67.0,0.41,0.433,0.0,0.0,
118.0,Andrew Wiggins,SF,29.0,60.0,60.0,1842.0,0.448,14.5,0.585,0.168,0.284,0.061,0.073,0.415,0.501,0.596,0.487,0.49,0.344,0.374,0.504,0.869,0.052,40.0,0.164,0.421,0.0,0.0,
119.0,Isaiah Collier,PG,20.0,71.0,46.0,1839.0,0.422,12.0,0.695,0.209,0.368,0.094,0.025,0.305,0.497,0.698,0.451,0.288,0.286,0.249,0.349,0.595,0.027,15.0,0.26,0.341,5.0,1.0,
120.0,Keldon Johnson,SF,25.0,77.0,0.0,1838.0,0.482,11.3,0.644,0.336,0.277,0.023,0.008,0.356,0.573,0.703,0.451,0.333,0.0,0.318,0.627,0.897,0.044,30.0,0.339,0.29,0.0,0.0,
121.0,Royce O'Neale,SF,31.0,75.0,22.0,1837.0,0.423,21.2,0.226,0.089,0.111,0.021,0.005,0.774,0.481,0.725,0.349,0.25,0.0,0.406,0.71,0.961,0.007,3.0,0.231,0.529,3.0,0.0,
122.0,P.J. Washington,PF,26.0,57.0,56.0,1835.0,0.453,12.3,0.641,0.223,0.332,0.068,0.018,0.359,0.493,0.703,0.38,0.4,0.333,0.381,0.524,0.901,0.054,34.0,0.331,0.367,0.0,0.0,
123.0,CJ McCollum,PG,33.0,56.0,56.0,1832.0,0.444,16.1,0.541,0.157,0.185,0.138,0.061,0.459,0.505,0.669,0.443,0.442,0.41,0.373,0.443,0.737,0.003,3.0,0.144,0.348,0.0,0.0,
124.0,Haywood Highsmith,SF,28.0,74.0,42.0,1818.0,0.458,16.4,0.404,0.205,0.159,0.036,0.005,0.596,0.57,0.688,0.484,0.357,0.0,0.382,0.667,0.978,0.049,19.0,0.459,0.439,0.0,0.0,
125.0,Dorian Finney-Smith,PF,31.0,63.0,40.0,1818.0,0.448,18.8,0.278,0.182,0.074,0.018,0.005,0.722,0.545,0.62,0.375,0.5,0.5,0.411,0.697,0.992,0.037,14.0,0.382,0.45,1.0,0.0,
126.0,Alex Sarr,C,19.0,67.0,67.0,1814.0,0.394,14.4,0.588,0.17,0.298,0.086,0.034,0.412,0.454,0.695,0.36,0.324,0.393,0.308,0.701,0.952,0.077,58.0,0.15,0.373,0.0,0.0,
127.0,Kyrie Irving,SG,32.0,50.0,50.0,1804.0,0.473,14.9,0.62,0.153,0.252,0.134,0.08,0.38,0.517,0.703,0.487,0.441,0.382,0.401,0.32,0.632,0.001,1.0,0.15,0.5,1.0,0.0,
128.0,Kyshawn George,SG,21.0,68.0,38.0,1802.0,0.372,19.1,0.352,0.159,0.132,0.049,0.011,0.648,0.464,0.609,0.347,0.37,0.167,0.322,0.573,0.921,0.026,11.0,0.192,0.353,3.0,0.0,
129.0,Cameron Johnson,PF,28.0,57.0,57.0,1800.0,0.475,17.2,0.454,0.191,0.119,0.082,0.062,0.546,0.578,0.783,0.449,0.41,0.413,0.39,0.556,0.906,0.035,24.0,0.213,0.448,0.0,0.0,
130.0,Duncan Robinson,SF,30.0,74.0,37.0,1785.0,0.437,19.9,0.271,0.122,0.128,0.018,0.003,0.729,0.556,0.642,0.518,0.333,0.0,0.393,0.76,0.884,0.012,6.0,0.184,0.427,0.0,0.0,
131.0,Kris Dunn,PG,30.0,74.0,58.0,1783.0,0.439,15.7,0.487,0.13,0.275,0.064,0.018,0.513,0.549,0.719,0.492,0.536,0.25,0.335,0.556,0.933,0.016,7.0,0.478,0.318,1.0,0.0,
132.0,Luka Dončić,PG,25.0,50.0,50.0,1769.0,0.45,17.4,0.531,0.104,0.193,0.167,0.066,0.469,0.522,0.748,0.535,0.45,0.309,0.368,0.261,0.441,0.001,1.0,0.046,0.364,2.0,0.0,
133.0,Scoot Henderson,PG,20.0,66.0,10.0,1759.0,0.419,14.9,0.566,0.235,0.199,0.072,0.061,0.434,0.469,0.59,0.346,0.49,0.381,0.354,0.253,0.771,0.02,11.0,0.138,0.39,4.0,1.0,
134.0,Wendell Carter Jr.,C,25.0,68.0,51.0,1758.0,0.46,12.1,0.678,0.324,0.196,0.1,0.059,0.322,0.568,0.748,0.417,0.429,0.31,0.234,0.757,1.0,0.179,78.0,0.361,0.263,0.0,0.0,
135.0,Collin Sexton,SG,26.0,63.0,61.0,1758.0,0.48,13.1,0.687,0.151,0.34,0.135,0.061,0.313,0.513,0.618,0.512,0.487,0.321,0.406,0.373,0.682,0.006,3.0,0.214,0.448,1.0,0.0,
136.0,Mike Conley,PG,37.0,71.0,64.0,1756.0,0.4,19.4,0.338,0.077,0.15,0.081,0.03,0.662,0.38,0.583,0.371,0.342,0.0,0.41,0.433,0.819,0.0,0.0,0.268,0.494,1.0,0.0,
137.0,Amir Coffey,SG,27.0,72.0,13.0,1748.0,0.471,16.2,0.516,0.159,0.169,0.124,0.065,0.484,0.529,0.704,0.419,0.476,0.485,0.409,0.683,0.97,0.063,28.0,0.368,0.462,0.0,0.0,
138.0,Jimmy Butler,SF,35.0,55.0,55.0,1746.0,0.504,9.0,0.826,0.317,0.335,0.127,0.047,0.174,0.546,0.741,0.43,0.487,0.214,0.308,0.554,0.875,0.092,52.0,0.5,0.385,2.0,0.0,
139.0,Aaron Wiggins,SG,26.0,76.0,26.0,1744.0,0.488,14.2,0.534,0.28,0.187,0.048,0.019,0.466,0.578,0.725,0.397,0.457,0.5,0.383,0.573,0.923,0.027,17.0,0.324,0.364,1.0,0.0,
140.0,Walker Kessler,C,23.0,58.0,58.0,1740.0,0.663,4.3,0.919,0.611,0.301,0.005,0.002,0.081,0.706,0.77,0.595,0.0,0.0,0.176,0.618,1.0,0.329,131.0,0.235,0.5,1.0,0.0,
141.0,De'Andre Hunter,SF,27.0,64.0,9.0,1740.0,0.47,16.5,0.491,0.15,0.192,0.1,0.05,0.509,0.537,0.649,0.473,0.487,0.553,0.405,0.637,0.911,0.039,26.0,0.281,0.367,2.0,0.0,
142.0,Ochai Agbaji,SG,24.0,64.0,45.0,1739.0,0.498,13.2,0.526,0.365,0.124,0.028,0.009,0.474,0.587,0.672,0.439,0.2,0.4,0.399,0.794,0.96,0.069,33.0,0.542,0.416,0.0,0.0,
143.0,Brandin Podziemski,SG,21.0,64.0,33.0,1716.0,0.445,17.2,0.509,0.111,0.2,0.135,0.062,0.491,0.516,0.671,0.508,0.482,0.333,0.372,0.552,0.843,0.002,0.0,0.172,0.396,4.0,0.0,
144.0,Jabari Smith Jr.,PF,21.0,57.0,39.0,1716.0,0.438,16.2,0.511,0.173,0.145,0.145,0.048,0.489,0.519,0.704,0.427,0.5,0.185,0.354,0.567,0.969,0.057,28.0,0.235,0.354,0.0,0.0,
145.0,Anthony Davis,PF,31.0,51.0,51.0,1706.0,0.516,10.8,0.864,0.297,0.291,0.144,0.132,0.136,0.553,0.756,0.487,0.344,0.475,0.282,0.605,0.886,0.099,86.0,0.081,0.1,0.0,0.0,
146.0,Bradley Beal,SG,31.0,53.0,38.0,1702.0,0.497,15.2,0.62,0.159,0.199,0.143,0.12,0.38,0.565,0.764,0.536,0.505,0.422,0.386,0.519,0.873,0.024,16.0,0.303,0.413,0.0,0.0,
147.0,Georges Niang,PF,31.0,79.0,3.0,1697.0,0.461,18.1,0.34,0.139,0.158,0.035,0.008,0.66,0.569,0.64,0.571,0.364,0.2,0.406,0.833,0.988,0.0,0.0,0.377,0.409,0.0,0.0,
148.0,Jakob Poeltl,C,29.0,57.0,56.0,1686.0,0.627,5.0,0.995,0.496,0.344,0.145,0.01,0.005,0.628,0.746,0.518,0.512,0.333,0.333,0.746,1.0,0.055,29.0,0.333,1.0,1.0,0.0,
149.0,Scotty Pippen Jr.,PG,24.0,79.0,21.0,1683.0,0.48,12.5,0.631,0.261,0.296,0.061,0.013,0.369,0.528,0.658,0.466,0.333,0.25,0.397,0.5,0.977,0.02,11.0,0.205,0.489,1.0,0.0,
150.0,Kevin Huerter,SG,26.0,69.0,31.0,1679.0,0.425,18.8,0.353,0.134,0.151,0.04,0.028,0.647,0.587,0.765,0.505,0.458,0.353,0.338,0.76,0.932,0.015,8.0,0.23,0.389,1.0,0.0,
151.0,Santi Aldama,PF,24.0,65.0,16.0,1660.0,0.483,15.6,0.497,0.208,0.21,0.059,0.02,0.503,0.599,0.763,0.493,0.5,0.308,0.368,0.642,0.967,0.073,46.0,0.261,0.412,4.0,0.0,
152.0,A.J. Green,SG,25.0,73.0,7.0,1659.0,0.429,24.0,0.144,0.028,0.017,0.038,0.061,0.856,0.443,0.667,0.143,0.5,0.385,0.427,0.741,0.942,0.0,0.0,0.292,0.528,3.0,1.0,
153.0,Al Horford,C,38.0,60.0,42.0,1659.0,0.423,19.0,0.319,0.119,0.163,0.015,0.022,0.681,0.551,0.745,0.467,0.429,0.2,0.363,0.827,0.991,0.017,8.0,0.318,0.39,1.0,0.0,
154.0,Terry Rozier,PG,30.0,64.0,23.0,1658.0,0.391,15.7,0.515,0.173,0.216,0.072,0.054,0.485,0.48,0.6,0.394,0.435,0.5,0.295,0.459,0.802,0.002,1.0,0.412,0.268,4.0,0.0,
155.0,Peyton Watson,SF,22.0,68.0,18.0,1656.0,0.477,10.7,0.682,0.35,0.257,0.058,0.016,0.318,0.534,0.707,0.382,0.32,0.0,0.353,0.801,0.979,0.178,59.0,0.551,0.453,1.0,0.0,
156.0,Moses Moody,SG,22.0,74.0,34.0,1649.0,0.433,17.0,0.407,0.137,0.201,0.055,0.014,0.593,0.519,0.718,0.509,0.194,0.0,0.374,0.667,0.968,0.033,17.0,0.368,0.435,0.0,0.0,
157.0,Tristan Da Silva,SF,23.0,74.0,38.0,1629.0,0.412,15.1,0.505,0.197,0.23,0.043,0.035,0.495,0.488,0.589,0.468,0.333,0.235,0.335,0.613,0.95,0.062,23.0,0.393,0.372,1.0,0.0,
158.0,Donte DiVincenzo,SG,28.0,62.0,10.0,1606.0,0.422,20.5,0.261,0.126,0.106,0.024,0.005,0.739,0.49,0.627,0.365,0.357,0.333,0.397,0.592,0.851,0.013,5.0,0.196,0.419,2.0,0.0,
159.0,Isaiah Joe,SG,25.0,74.0,16.0,1604.0,0.44,22.3,0.207,0.07,0.049,0.054,0.034,0.793,0.549,0.805,0.517,0.313,0.45,0.412,0.791,0.911,0.015,9.0,0.18,0.548,0.0,0.0,
160.0,Corey Kispert,SF,25.0,61.0,0.0,1602.0,0.451,17.5,0.416,0.189,0.182,0.039,0.005,0.584,0.574,0.729,0.466,0.409,0.0,0.364,0.793,0.942,0.012,7.0,0.164,0.37,5.0,0.0,
161.0,Caris LeVert,SG,30.0,64.0,3.0,1596.0,0.467,14.3,0.526,0.299,0.125,0.087,0.015,0.474,0.552,0.665,0.427,0.404,0.222,0.373,0.644,0.792,0.053,30.0,0.31,0.42,0.0,0.0,
162.0,Miles McBride,PG,24.0,64.0,10.0,1593.0,0.406,18.3,0.43,0.141,0.101,0.11,0.079,0.57,0.455,0.494,0.327,0.55,0.419,0.369,0.393,0.809,0.026,10.0,0.276,0.395,3.0,0.0,
163.0,Isaiah Hartenstein,C,26.0,57.0,53.0,1590.0,0.581,6.7,0.96,0.363,0.369,0.225,0.004,0.04,0.605,0.73,0.548,0.509,0.0,0.0,0.81,,0.2,89.0,0.158,0.0,0.0,0.0,
164.0,Gradey Dick,SG,21.0,54.0,54.0,1587.0,0.41,16.3,0.496,0.207,0.13,0.11,0.049,0.504,0.47,0.582,0.31,0.493,0.375,0.35,0.795,0.947,0.034,18.0,0.261,0.341,1.0,0.0,
165.0,Paolo Banchero,PF,22.0,46.0,46.0,1582.0,0.452,13.8,0.701,0.213,0.21,0.165,0.114,0.299,0.509,0.691,0.45,0.44,0.375,0.32,0.378,0.494,0.055,40.0,0.092,0.28,5.0,0.0,
166.0,Patrick Williams,PF,23.0,63.0,36.0,1576.0,0.397,16.6,0.473,0.211,0.161,0.052,0.048,0.527,0.447,0.541,0.373,0.444,0.28,0.353,0.569,0.938,0.048,18.0,0.217,0.39,0.0,0.0,
167.0,Obi Toppin,PF,26.0,79.0,4.0,1545.0,0.529,14.9,0.497,0.295,0.159,0.037,0.007,0.503,0.695,0.791,0.632,0.273,0.25,0.365,0.758,0.964,0.129,74.0,0.385,0.44,5.0,0.0,
168.0,Grayson Allen,SG,29.0,64.0,7.0,1544.0,0.448,20.0,0.284,0.102,0.139,0.039,0.004,0.716,0.504,0.68,0.441,0.263,0.5,0.426,0.7,0.966,0.018,8.0,0.263,0.489,0.0,0.0,
169.0,Sam Hauser,PF,27.0,71.0,19.0,1541.0,0.451,22.9,0.158,0.053,0.032,0.04,0.034,0.842,0.64,0.72,0.467,0.737,0.563,0.416,0.813,0.952,0.006,1.0,0.268,0.458,1.0,0.0,
170.0,Ziaire Williams,SF,23.0,63.0,45.0,1541.0,0.412,16.2,0.419,0.242,0.135,0.027,0.015,0.581,0.509,0.659,0.3,0.429,0.125,0.341,0.631,0.981,0.092,38.0,0.411,0.315,2.0,0.0,
171.0,Gabe Vincent,PG,28.0,72.0,11.0,1527.0,0.4,21.0,0.264,0.079,0.09,0.057,0.038,0.736,0.532,0.636,0.474,0.458,0.563,0.353,0.593,0.872,0.0,0.0,0.356,0.391,1.0,0.0,
172.0,Victor Wembanyama,C,21.0,46.0,46.0,1527.0,0.476,17.0,0.53,0.208,0.13,0.095,0.098,0.47,0.586,0.809,0.468,0.432,0.417,0.352,0.703,0.859,0.114,91.0,0.065,0.346,6.0,0.0,
173.0,Jerami Grant,PF,30.0,47.0,47.0,1524.0,0.373,16.0,0.484,0.197,0.166,0.073,0.049,0.516,0.381,0.504,0.284,0.333,0.286,0.365,0.519,0.963,0.035,12.0,0.368,0.367,0.0,0.0,
174.0,Jonas Valančiūnas,C,32.0,81.0,21.0,1524.0,0.55,7.3,0.941,0.319,0.4,0.129,0.093,0.059,0.571,0.67,0.578,0.42,0.414,0.216,0.573,1.0,0.07,40.0,0.081,0.0,0.0,0.0,
175.0,Kyle Filipowski,C,21.0,72.0,27.0,1522.0,0.502,13.2,0.575,0.218,0.32,0.031,0.006,0.425,0.614,0.726,0.53,0.75,0.333,0.35,0.579,0.935,0.098,47.0,0.336,0.351,1.0,0.0,
176.0,Ja Morant,PG,25.0,50.0,50.0,1519.0,0.454,12.7,0.679,0.233,0.309,0.11,0.027,0.321,0.523,0.691,0.436,0.449,0.375,0.309,0.237,0.614,0.022,17.0,0.179,0.314,6.0,0.0,
177.0,Matas Buzelis,SF,20.0,80.0,31.0,1511.0,0.454,13.7,0.521,0.305,0.178,0.023,0.014,0.479,0.54,0.633,0.434,0.154,0.5,0.361,0.699,0.979,0.141,65.0,0.504,0.366,0.0,0.0,
178.0,LaMelo Ball,PG,23.0,47.0,47.0,1505.0,0.405,17.8,0.474,0.138,0.208,0.093,0.035,0.526,0.478,0.601,0.426,0.452,0.371,0.339,0.233,0.62,0.005,4.0,0.089,0.319,7.0,0.0,
179.0,Dalton Knecht,SF,23.0,78.0,16.0,1494.0,0.461,18.1,0.39,0.162,0.12,0.075,0.032,0.61,0.594,0.789,0.448,0.5,0.389,0.376,0.744,0.922,0.095,45.0,0.268,0.407,2.0,0.0,
180.0,Kevin Porter Jr.,SG,24.0,75.0,4.0,1482.0,0.449,13.8,0.729,0.179,0.212,0.187,0.15,0.271,0.501,0.658,0.413,0.516,0.418,0.311,0.261,0.491,0.066,39.0,0.124,0.455,0.0,0.0,
181.0,D'Angelo Russell,PG,28.0,58.0,36.0,1480.0,0.39,18.4,0.436,0.1,0.176,0.121,0.039,0.564,0.489,0.703,0.491,0.377,0.28,0.314,0.449,0.584,0.002,0.0,0.089,0.281,2.0,0.0,
182.0,Lauri Markkanen,PF,27.0,47.0,47.0,1476.0,0.423,17.3,0.43,0.15,0.204,0.044,0.031,0.57,0.525,0.638,0.51,0.355,0.318,0.346,0.658,1.0,0.104,61.0,0.18,0.417,1.0,0.0,
183.0,Luke Kennard,SG,28.0,65.0,11.0,1472.0,0.478,19.1,0.394,0.074,0.128,0.132,0.06,0.606,0.547,0.75,0.473,0.561,0.423,0.433,0.538,0.947,0.002,1.0,0.241,0.54,1.0,0.0,
184.0,Jamal Shead,PG,22.0,75.0,11.0,1467.0,0.405,15.3,0.558,0.169,0.236,0.127,0.026,0.442,0.47,0.624,0.412,0.469,0.0,0.323,0.402,0.875,0.016,5.0,0.148,0.394,4.0,0.0,
185.0,Aaron Gordon,PF,29.0,51.0,42.0,1447.0,0.531,11.8,0.654,0.348,0.195,0.07,0.04,0.346,0.582,0.665,0.464,0.571,0.45,0.436,0.566,0.867,0.141,63.0,0.36,0.484,1.0,0.0,
186.0,Isaiah Stewart,C,23.0,72.0,4.0,1434.0,0.559,7.2,0.832,0.438,0.346,0.041,0.006,0.168,0.607,0.681,0.523,0.615,0.0,0.321,0.73,1.0,0.111,35.0,0.17,0.333,0.0,0.0,
187.0,Brice Sensabaugh,SF,21.0,71.0,15.0,1432.0,0.459,18.7,0.379,0.075,0.172,0.11,0.022,0.621,0.52,0.711,0.495,0.455,0.385,0.422,0.585,0.86,0.008,5.0,0.306,0.509,1.0,0.0,
188.0,Goga Bitadze,C,25.0,70.0,42.0,1430.0,0.611,4.9,0.917,0.599,0.265,0.035,0.018,0.083,0.656,0.739,0.544,0.333,0.167,0.107,0.676,1.0,0.289,87.0,0.214,0.0,1.0,0.0,
189.0,Kel'el Ware,C,20.0,64.0,36.0,1422.0,0.554,9.3,0.761,0.401,0.269,0.075,0.015,0.239,0.629,0.715,0.576,0.429,0.286,0.315,0.766,0.971,0.321,128.0,0.18,0.2,2.0,0.0,
190.0,Tari Eason,PF,23.0,57.0,16.0,1420.0,0.487,11.3,0.671,0.377,0.193,0.075,0.025,0.329,0.557,0.678,0.435,0.405,0.143,0.342,0.531,0.984,0.1,47.0,0.364,0.358,1.0,0.0,
191.0,Zach Edey,C,22.0,66.0,55.0,1416.0,0.58,6.1,0.88,0.501,0.335,0.035,0.009,0.12,0.612,0.76,0.414,0.4,0.5,0.346,0.635,1.0,0.236,94.0,0.308,0.25,0.0,0.0,
192.0,T.J. McConnell,PG,32.0,79.0,1.0,1415.0,0.519,9.1,0.921,0.24,0.357,0.263,0.061,0.079,0.537,0.667,0.52,0.457,0.474,0.306,0.388,0.733,0.0,0.0,0.306,0.4,1.0,0.0,
193.0,Terance Mann,SG,28.0,67.0,13.0,1414.0,0.496,13.5,0.605,0.247,0.199,0.116,0.044,0.395,0.58,0.765,0.463,0.438,0.444,0.368,0.579,0.9,0.08,31.0,0.466,0.421,0.0,0.0,
194.0,Ryan Dunn,SF,22.0,74.0,44.0,1410.0,0.43,16.0,0.447,0.166,0.203,0.061,0.017,0.553,0.577,0.759,0.495,0.414,0.375,0.311,0.748,1.0,0.075,31.0,0.564,0.329,0.0,0.0,
195.0,Sam Merrill,SG,28.0,71.0,4.0,1401.0,0.406,22.7,0.132,0.085,0.028,0.005,0.014,0.868,0.625,0.722,0.5,0.0,0.5,0.372,0.8,0.993,0.0,0.0,0.22,0.383,0.0,0.0,
196.0,Ayo Dosunmu,SG,25.0,46.0,26.0,1394.0,0.492,12.4,0.579,0.372,0.176,0.027,0.004,0.421,0.612,0.707,0.456,0.333,0.5,0.328,0.553,0.935,0.027,11.0,0.407,0.351,0.0,0.0,
197.0,Ty Jerome,SG,27.0,70.0,3.0,1392.0,0.516,15.6,0.591,0.121,0.275,0.168,0.026,0.409,0.57,0.56,0.571,0.577,0.563,0.439,0.332,0.64,0.0,0.0,0.146,0.459,2.0,0.0,
198.0,Julian Strawther,SG,22.0,65.0,4.0,1384.0,0.432,17.2,0.447,0.142,0.191,0.097,0.016,0.553,0.535,0.681,0.473,0.489,0.25,0.349,0.724,0.894,0.012,6.0,0.138,0.541,0.0,0.0,
199.0,Nick Smith Jr.,SG,20.0,60.0,27.0,1369.0,0.391,18.5,0.461,0.069,0.174,0.158,0.06,0.539,0.45,0.59,0.404,0.467,0.382,0.34,0.381,0.817,0.004,2.0,0.193,0.356,1.0,0.0,
200.0,Jaime Jaquez Jr.,SF,23.0,66.0,17.0,1368.0,0.461,9.9,0.742,0.288,0.398,0.039,0.017,0.258,0.513,0.677,0.435,0.222,0.25,0.311,0.443,0.892,0.032,12.0,0.513,0.262,2.0,0.0,
201.0,Nicolas Batum,PF,36.0,78.0,8.0,1367.0,0.437,22.1,0.147,0.059,0.055,0.008,0.025,0.853,0.457,0.571,0.385,0.0,0.5,0.433,0.5,0.989,0.021,4.0,0.478,0.474,0.0,0.0,
202.0,Jose Alvarado,PG,26.0,56.0,23.0,1366.0,0.392,17.9,0.407,0.136,0.177,0.081,0.013,0.593,0.439,0.563,0.348,0.452,0.286,0.359,0.376,0.703,0.0,0.0,0.207,0.359,1.0,0.0,
203.0,Jeremy Sochan,PF,21.0,54.0,23.0,1364.0,0.535,7.4,0.806,0.546,0.207,0.038,0.015,0.194,0.59,0.707,0.361,0.333,0.143,0.308,0.744,0.964,0.196,77.0,0.385,0.314,0.0,0.0,
204.0,Luke Kornet,C,29.0,73.0,16.0,1361.0,0.668,2.8,0.989,0.732,0.225,0.029,0.004,0.011,0.675,0.761,0.429,0.375,1.0,0.0,0.695,,0.354,86.0,0.333,0.0,0.0,0.0,
205.0,Trey Lyles,PF,29.0,69.0,5.0,1349.0,0.42,17.6,0.364,0.171,0.152,0.029,0.011,0.636,0.559,0.688,0.404,0.636,0.5,0.34,0.789,1.0,0.078,27.0,0.311,0.378,0.0,0.0,
206.0,Jake LaRavia,PF,23.0,66.0,0.0,1349.0,0.475,14.6,0.579,0.249,0.27,0.047,0.012,0.421,0.513,0.607,0.484,0.25,0.25,0.423,0.59,0.95,0.074,20.0,0.261,0.378,2.0,1.0,
207.0,Bogdan Bogdanović,SG,32.0,54.0,4.0,1348.0,0.427,18.7,0.413,0.11,0.128,0.12,0.055,0.587,0.517,0.574,0.476,0.525,0.481,0.363,0.524,0.848,0.002,1.0,0.208,0.367,1.0,0.0,
208.0,Justin Champagnie,SF,23.0,62.0,31.0,1340.0,0.511,13.9,0.53,0.324,0.182,0.022,0.0,0.47,0.624,0.767,0.413,0.333,,0.383,0.566,0.986,0.075,30.0,0.316,0.377,1.0,0.0,
209.0,Paul George,PF,34.0,41.0,41.0,1334.0,0.43,18.0,0.53,0.105,0.125,0.14,0.16,0.47,0.493,0.75,0.408,0.525,0.363,0.358,0.282,0.656,0.021,8.0,0.175,0.277,1.0,0.0,
210.0,Ausar Thompson,SF,22.0,59.0,48.0,1328.0,0.535,6.0,0.893,0.498,0.352,0.033,0.011,0.107,0.572,0.69,0.451,0.2,0.2,0.224,0.621,1.0,0.272,107.0,0.51,0.24,4.0,0.0,
211.0,Donovan Clingan,C,20.0,67.0,37.0,1324.0,0.539,5.8,0.853,0.617,0.222,0.009,0.006,0.147,0.582,0.68,0.338,0.0,0.5,0.286,0.602,1.0,0.207,58.0,0.102,0.4,0.0,0.0,
212.0,Jordan Hawkins,SG,22.0,56.0,9.0,1321.0,0.372,19.3,0.403,0.092,0.092,0.119,0.101,0.597,0.433,0.549,0.353,0.5,0.321,0.331,0.629,0.909,0.036,16.0,0.232,0.403,0.0,0.0,
213.0,Tyrese Martin,SG,25.0,60.0,11.0,1315.0,0.406,18.0,0.394,0.127,0.176,0.073,0.017,0.606,0.492,0.746,0.354,0.412,0.375,0.351,0.522,0.939,0.013,6.0,0.305,0.384,2.0,0.0,
214.0,Mason Plumlee,C,34.0,74.0,21.0,1300.0,0.619,3.9,0.98,0.545,0.396,0.035,0.005,0.02,0.631,0.782,0.475,0.143,0.0,0.0,0.776,,0.347,62.0,0.5,0.0,1.0,0.0,
215.0,Jonathan Mogbo,PF,23.0,63.0,18.0,1286.0,0.438,8.6,0.803,0.461,0.233,0.073,0.037,0.197,0.486,0.634,0.277,0.346,0.231,0.243,0.712,1.0,0.216,66.0,0.443,0.323,2.0,0.0,
216.0,Jalen Johnson,SF,23.0,36.0,36.0,1284.0,0.5,10.2,0.74,0.352,0.279,0.09,0.018,0.26,0.566,0.749,0.437,0.245,0.6,0.312,0.626,0.955,0.127,63.0,0.298,0.333,2.0,0.0,
217.0,Max Strus,SF,28.0,50.0,37.0,1273.0,0.442,20.6,0.214,0.134,0.078,0.0,0.003,0.786,0.65,0.78,0.448,,0.0,0.386,0.731,0.965,0.035,10.0,0.304,0.382,1.0,0.0,
218.0,Johnny Juzang,SG,23.0,64.0,18.0,1270.0,0.429,19.2,0.339,0.072,0.16,0.069,0.038,0.661,0.534,0.676,0.513,0.424,0.556,0.376,0.605,0.89,0.006,3.0,0.395,0.419,0.0,0.0,
219.0,Ron Holland,SF,19.0,81.0,2.0,1266.0,0.474,12.1,0.637,0.296,0.288,0.038,0.014,0.363,0.608,0.691,0.55,0.5,0.333,0.238,0.596,1.0,0.091,34.0,0.483,0.205,3.0,0.0,
220.0,Javonte Green,SG,31.0,68.0,19.0,1258.0,0.429,14.1,0.509,0.317,0.16,0.024,0.007,0.491,0.527,0.692,0.283,0.143,0.0,0.326,0.636,1.0,0.077,18.0,0.475,0.328,0.0,0.0,
221.0,Nick Richards,C,27.0,57.0,43.0,1256.0,0.591,4.0,0.994,0.496,0.398,0.092,0.009,0.006,0.594,0.75,0.428,0.469,0.667,0.0,0.683,,0.288,83.0,1.0,0.0,0.0,0.0,
222.0,Dean Wade,PF,28.0,59.0,30.0,1252.0,0.413,21.0,0.181,0.118,0.041,0.007,0.015,0.819,0.653,0.781,0.455,0.5,0.25,0.36,0.688,1.0,0.033,8.0,0.392,0.414,0.0,0.0,
223.0,Ricky Council IV,SF,23.0,73.0,12.0,1250.0,0.382,15.2,0.54,0.24,0.197,0.089,0.015,0.46,0.488,0.631,0.352,0.439,0.286,0.258,0.516,0.927,0.071,31.0,0.183,0.41,4.0,0.0,
224.0,Tidjane Salaün,PF,19.0,60.0,10.0,1244.0,0.33,17.6,0.406,0.191,0.157,0.038,0.02,0.594,0.4,0.606,0.222,0.077,0.429,0.283,0.643,0.879,0.038,11.0,0.21,0.326,0.0,0.0,
225.0,Bobby Portis,PF,29.0,49.0,7.0,1244.0,0.466,14.1,0.701,0.2,0.193,0.163,0.145,0.299,0.508,0.655,0.487,0.423,0.43,0.365,0.519,0.969,0.015,7.0,0.258,0.435,0.0,0.0,
226.0,Moussa Diabaté,C,23.0,71.0,8.0,1241.0,0.596,3.6,0.979,0.65,0.271,0.054,0.004,0.021,0.609,0.698,0.447,0.4,0.0,0.0,0.743,,0.329,78.0,0.333,0.0,0.0,0.0,
227.0,Jeremiah Robinson-Earl,PF,24.0,66.0,9.0,1239.0,0.455,14.0,0.527,0.294,0.135,0.066,0.032,0.473,0.557,0.686,0.362,0.391,0.545,0.341,0.696,0.964,0.026,8.0,0.543,0.427,0.0,0.0,
228.0,Simone Fontecchio,SF,29.0,75.0,0.0,1237.0,0.402,17.7,0.391,0.164,0.15,0.032,0.046,0.609,0.507,0.623,0.429,0.5,0.353,0.335,0.649,1.0,0.035,11.0,0.361,0.28,2.0,0.0,
229.0,Cole Anthony,PG,24.0,67.0,22.0,1234.0,0.424,15.6,0.599,0.129,0.25,0.175,0.044,0.401,0.471,0.714,0.449,0.337,0.417,0.353,0.261,0.766,0.007,2.0,0.151,0.455,2.0,0.0,
230.0,Ben Sheppard,SG,23.0,63.0,9.0,1228.0,0.418,18.3,0.307,0.164,0.105,0.024,0.014,0.693,0.591,0.702,0.433,0.571,0.5,0.342,0.731,0.985,0.007,2.0,0.578,0.339,0.0,0.0,
231.0,Daniel Gafford,C,26.0,57.0,31.0,1226.0,0.702,2.6,1.0,0.69,0.298,0.012,0.0,0.0,0.702,0.748,0.6,0.6,,,0.721,,0.325,113.0,,,0.0,0.0,
232.0,John Collins,PF,27.0,40.0,31.0,1220.0,0.527,11.0,0.721,0.234,0.371,0.066,0.051,0.279,0.577,0.702,0.548,0.343,0.519,0.399,0.647,0.966,0.13,66.0,0.385,0.439,0.0,0.0,
233.0,Caleb Martin,SF,29.0,45.0,24.0,1218.0,0.424,13.2,0.661,0.243,0.181,0.082,0.155,0.339,0.458,0.608,0.327,0.56,0.319,0.359,0.435,0.973,0.03,7.0,0.417,0.488,2.0,0.0,
234.0,Kristaps Porziņģis,C,29.0,42.0,42.0,1210.0,0.483,16.0,0.564,0.174,0.23,0.11,0.051,0.436,0.537,0.76,0.492,0.365,0.345,0.412,0.77,0.981,0.106,54.0,0.068,0.353,0.0,0.0,
235.0,Brandon Clarke,PF,28.0,64.0,18.0,1207.0,0.621,5.7,0.955,0.429,0.395,0.132,0.0,0.045,0.647,0.816,0.553,0.38,,0.059,0.762,1.0,0.079,29.0,0.765,0.077,0.0,0.0,
236.0,Deandre Ayton,C,26.0,40.0,40.0,1206.0,0.566,8.4,0.932,0.344,0.269,0.205,0.113,0.068,0.594,0.82,0.468,0.49,0.396,0.188,0.741,1.0,0.165,71.0,0.469,0.067,0.0,0.0,
237.0,Jarace Walker,PF,21.0,75.0,5.0,1187.0,0.472,16.4,0.486,0.183,0.192,0.067,0.044,0.514,0.543,0.606,0.478,0.708,0.313,0.405,0.705,0.893,0.081,25.0,0.227,0.405,1.0,0.0,
238.0,Kawhi Leonard,SF,33.0,37.0,37.0,1180.0,0.498,14.4,0.695,0.132,0.199,0.266,0.098,0.305,0.536,0.768,0.54,0.476,0.377,0.411,0.431,0.679,0.056,32.0,0.137,0.385,0.0,0.0,
239.0,Clint Capela,C,30.0,55.0,41.0,1176.0,0.559,3.0,0.997,0.638,0.323,0.033,0.003,0.003,0.56,0.643,0.429,0.308,0.0,0.0,0.775,,0.262,87.0,0.0,,0.0,0.0,
240.0,Cody Martin,SF,29.0,53.0,8.0,1173.0,0.418,15.3,0.535,0.228,0.135,0.108,0.065,0.465,0.534,0.743,0.432,0.343,0.333,0.285,0.591,0.953,0.052,14.0,0.517,0.282,0.0,0.0,
241.0,Mark Williams,C,23.0,44.0,41.0,1171.0,0.604,3.8,0.991,0.555,0.376,0.056,0.004,0.009,0.609,0.754,0.423,0.44,0.5,0.0,0.807,,0.264,109.0,0.25,0.0,0.0,0.0,
242.0,Precious Achiuwa,C,25.0,57.0,10.0,1170.0,0.502,6.2,0.89,0.523,0.266,0.098,0.003,0.11,0.529,0.661,0.31,0.438,0.0,0.278,0.695,1.0,0.171,52.0,0.75,0.259,0.0,0.0,
243.0,Nikola Jović,PF,21.0,46.0,10.0,1156.0,0.456,16.1,0.443,0.183,0.21,0.034,0.016,0.557,0.563,0.739,0.468,0.231,0.5,0.371,0.649,0.949,0.016,5.0,0.348,0.479,0.0,0.0,
244.0,Justin Edwards,SF,21.0,44.0,26.0,1155.0,0.455,16.0,0.497,0.212,0.138,0.106,0.042,0.503,0.548,0.663,0.423,0.525,0.438,0.363,0.544,0.928,0.024,9.0,0.253,0.375,0.0,0.0,
245.0,Vit Krejci,PG,24.0,57.0,16.0,1153.0,0.497,19.4,0.295,0.13,0.116,0.034,0.014,0.705,0.64,0.763,0.559,0.5,0.5,0.437,0.655,0.922,0.041,11.0,0.223,0.543,0.0,0.0,
246.0,Jonathan Kuminga,PF,22.0,47.0,10.0,1144.0,0.454,11.3,0.734,0.22,0.371,0.113,0.03,0.266,0.508,0.736,0.455,0.328,0.176,0.305,0.519,0.891,0.095,48.0,0.305,0.283,2.0,0.0,
247.0,Kevon Looney,C,28.0,76.0,6.0,1142.0,0.514,4.6,0.982,0.525,0.342,0.054,0.061,0.018,0.516,0.671,0.379,0.267,0.176,0.4,0.567,1.0,0.09,24.0,0.4,1.0,1.0,0.0,
248.0,Kenrich Williams,PF,30.0,69.0,7.0,1132.0,0.483,15.3,0.517,0.234,0.175,0.056,0.051,0.483,0.574,0.735,0.5,0.3,0.389,0.386,0.6,1.0,0.017,6.0,0.263,0.422,0.0,0.0,
249.0,Julian Phillips,SF,21.0,79.0,5.0,1123.0,0.446,14.2,0.467,0.321,0.136,0.007,0.003,0.533,0.582,0.652,0.436,0.5,0.0,0.327,0.679,1.0,0.153,36.0,0.66,0.406,0.0,0.0,
250.0,Aaron Nesmith,SF,25.0,45.0,37.0,1123.0,0.507,15.7,0.485,0.203,0.172,0.084,0.026,0.515,0.587,0.714,0.538,0.469,0.3,0.431,0.769,0.964,0.042,11.0,0.369,0.472,0.0,0.0,
251.0,Dalano Banton,PG,25.0,67.0,7.0,1120.0,0.391,14.4,0.562,0.249,0.227,0.059,0.028,0.438,0.442,0.635,0.278,0.333,0.286,0.324,0.373,0.875,0.024,11.0,0.198,0.409,2.0,0.0,
252.0,Ben Simmons,PG,28.0,51.0,24.0,1120.0,0.52,4.9,1.0,0.422,0.507,0.067,0.004,0.0,0.52,0.606,0.478,0.333,0.0,,0.517,,0.103,18.0,,,0.0,0.0,
253.0,Ja'Kobe Walter,SG,20.0,52.0,18.0,1103.0,0.405,15.0,0.527,0.232,0.196,0.064,0.036,0.473,0.454,0.527,0.39,0.48,0.286,0.349,0.628,0.954,0.041,11.0,0.29,0.352,2.0,0.0,
254.0,Jaxson Hayes,C,24.0,56.0,35.0,1093.0,0.722,2.9,0.987,0.664,0.309,0.013,0.0,0.013,0.732,0.838,0.522,0.333,,0.0,0.857,,0.578,120.0,0.333,0.0,0.0,0.0,
255.0,Cameron Payne,PG,30.0,72.0,5.0,1090.0,0.401,17.8,0.426,0.128,0.209,0.065,0.025,0.574,0.453,0.526,0.441,0.379,0.364,0.363,0.302,0.645,0.0,0.0,0.094,0.375,0.0,0.0,
256.0,Jonathan Isaac,PF,27.0,71.0,1.0,1090.0,0.414,14.1,0.534,0.324,0.068,0.096,0.046,0.466,0.549,0.676,0.5,0.323,0.2,0.258,0.547,1.0,0.16,44.0,0.636,0.302,0.0,0.0,
257.0,DaQuan Jeffries,SG,27.0,47.0,20.0,1071.0,0.405,16.3,0.436,0.175,0.206,0.024,0.031,0.564,0.496,0.627,0.4,0.286,0.556,0.335,0.73,0.964,0.1,15.0,0.457,0.373,1.0,0.0,
258.0,Jusuf Nurkić,C,30.0,51.0,32.0,1063.0,0.477,10.9,0.702,0.293,0.375,0.028,0.006,0.298,0.551,0.689,0.47,0.3,0.0,0.305,0.676,0.969,0.065,20.0,0.105,0.455,1.0,0.0,
259.0,Seth Curry,SG,34.0,68.0,14.0,1062.0,0.478,18.8,0.469,0.067,0.117,0.122,0.163,0.531,0.503,0.826,0.35,0.429,0.536,0.456,0.593,0.843,0.0,0.0,0.297,0.537,0.0,0.0,
260.0,Cody Williams,SG,20.0,50.0,21.0,1060.0,0.323,16.3,0.475,0.105,0.265,0.07,0.035,0.525,0.393,0.593,0.397,0.222,0.111,0.259,0.563,1.0,0.035,5.0,0.57,0.26,0.0,0.0,
261.0,Isaac Okoro,SG,24.0,55.0,22.0,1053.0,0.464,14.8,0.434,0.341,0.086,0.004,0.004,0.566,0.586,0.659,0.348,0.0,0.0,0.371,0.765,1.0,0.052,11.0,0.596,0.389,0.0,0.0,
262.0,Oso Ighodaro,PF,22.0,61.0,6.0,1045.0,0.604,6.4,0.989,0.353,0.358,0.278,0.0,0.011,0.611,0.833,0.493,0.481,,0.0,0.858,,0.31,50.0,0.0,,1.0,0.0,
263.0,Jared Butler,SG,24.0,60.0,17.0,1044.0,0.448,13.4,0.627,0.196,0.287,0.119,0.026,0.373,0.504,0.663,0.438,0.407,0.417,0.355,0.259,0.783,0.0,0.0,0.213,0.472,0.0,0.0,
264.0,Jamison Battle,SF,23.0,59.0,10.0,1042.0,0.429,20.4,0.254,0.098,0.075,0.058,0.023,0.746,0.5,0.588,0.385,0.5,0.5,0.405,0.818,0.971,0.02,4.0,0.394,0.412,0.0,0.0,
265.0,Noah Clowney,PF,20.0,46.0,20.0,1042.0,0.358,19.2,0.298,0.142,0.118,0.035,0.003,0.702,0.414,0.642,0.205,0.231,0.0,0.333,0.696,0.954,0.065,17.0,0.249,0.338,1.0,0.0,
266.0,Alex Caruso,SG,30.0,54.0,3.0,1041.0,0.446,15.2,0.459,0.287,0.124,0.025,0.022,0.541,0.556,0.656,0.41,0.5,0.143,0.353,0.688,0.933,0.029,9.0,0.365,0.419,0.0,0.0,
267.0,Kris Murray,SF,24.0,69.0,6.0,1040.0,0.419,12.2,0.57,0.358,0.208,0.0,0.004,0.43,0.566,0.65,0.414,,1.0,0.225,0.589,0.963,0.129,34.0,0.475,0.263,0.0,0.0,
268.0,Dejounte Murray,PG,28.0,31.0,31.0,1012.0,0.393,14.8,0.648,0.176,0.174,0.206,0.091,0.352,0.444,0.598,0.349,0.461,0.289,0.299,0.261,0.635,0.012,6.0,0.155,0.296,0.0,0.0,
269.0,Jalen Suggs,PG,23.0,35.0,35.0,1002.0,0.41,17.7,0.497,0.141,0.164,0.129,0.062,0.503,0.506,0.765,0.43,0.387,0.367,0.314,0.223,0.763,0.008,4.0,0.145,0.429,4.0,0.0,
270.0,Kyle Anderson,PF,31.0,61.0,4.0,1002.0,0.469,10.9,0.769,0.185,0.429,0.102,0.053,0.231,0.502,0.714,0.469,0.355,0.313,0.357,0.496,0.96,0.036,10.0,0.443,0.452,4.0,0.0,
271.0,Brandon Boston Jr.,SG,23.0,42.0,10.0,993.0,0.436,14.9,0.633,0.234,0.11,0.171,0.118,0.367,0.485,0.674,0.262,0.369,0.489,0.35,0.504,0.857,0.066,21.0,0.229,0.313,0.0,0.0,
272.0,Dalen Terry,SG,22.0,73.0,5.0,987.0,0.448,11.7,0.612,0.366,0.224,0.011,0.011,0.388,0.506,0.602,0.383,0.0,0.333,0.356,0.602,1.0,0.049,13.0,0.423,0.386,0.0,0.0,
273.0,Andre Jackson Jr.,SG,23.0,67.0,43.0,980.0,0.477,12.2,0.614,0.371,0.152,0.076,0.015,0.386,0.529,0.658,0.3,0.4,0.333,0.395,0.656,0.967,0.147,23.0,0.566,0.372,0.0,0.0,
274.0,Zach Collins,PF,27.0,64.0,12.0,977.0,0.507,11.6,0.649,0.358,0.235,0.046,0.01,0.351,0.617,0.722,0.521,0.357,0.333,0.302,0.818,1.0,0.073,19.0,0.236,0.28,1.0,0.0,
275.0,Trayce Jackson-Davis,C,24.0,62.0,37.0,967.0,0.576,3.4,0.99,0.49,0.49,0.003,0.007,0.01,0.582,0.703,0.473,0.0,0.0,0.0,0.799,,0.387,101.0,0.667,0.0,0.0,0.0,
276.0,Thomas Bryant,C,27.0,66.0,8.0,963.0,0.508,14.9,0.539,0.336,0.14,0.053,0.009,0.461,0.665,0.648,0.667,0.706,1.0,0.324,0.67,0.979,0.109,29.0,0.358,0.415,0.0,0.0,
277.0,Jalen Smith,C,24.0,64.0,2.0,962.0,0.466,15.4,0.456,0.319,0.098,0.025,0.015,0.544,0.634,0.677,0.625,0.3,0.333,0.324,0.703,0.986,0.071,27.0,0.162,0.333,1.0,1.0,
278.0,Jordan Clarkson,SG,32.0,37.0,9.0,962.0,0.408,16.6,0.529,0.073,0.302,0.12,0.034,0.471,0.448,0.667,0.389,0.492,0.353,0.362,0.282,0.69,0.006,3.0,0.103,0.5,3.0,0.0,
279.0,Gary Payton II,SG,32.0,62.0,11.0,927.0,0.574,10.1,0.681,0.326,0.346,0.01,0.0,0.319,0.69,0.845,0.553,0.333,,0.326,0.821,0.968,0.128,32.0,0.537,0.412,0.0,0.0,
280.0,Brandon Miller,SF,22.0,27.0,27.0,924.0,0.403,19.0,0.403,0.112,0.159,0.096,0.037,0.597,0.475,0.727,0.41,0.362,0.278,0.355,0.511,0.808,0.037,17.0,0.082,0.333,4.0,0.0,
281.0,Bruce Brown,PG,28.0,41.0,12.0,922.0,0.421,11.1,0.738,0.265,0.278,0.172,0.023,0.262,0.452,0.646,0.337,0.358,0.286,0.333,0.65,0.963,0.023,6.0,0.506,0.39,1.0,0.0,
282.0,Immanuel Quickley,PG,25.0,33.0,33.0,918.0,0.42,17.3,0.486,0.103,0.235,0.112,0.037,0.514,0.465,0.578,0.437,0.429,0.438,0.378,0.384,0.741,0.002,1.0,0.107,0.375,1.0,0.0,
283.0,Trendon Watford,PF,24.0,44.0,6.0,913.0,0.469,10.2,0.749,0.3,0.369,0.077,0.003,0.251,0.515,0.667,0.465,0.185,0.0,0.33,0.363,0.966,0.02,6.0,0.273,0.292,1.0,0.0,
284.0,KJ Martin,PF,24.0,43.0,16.0,912.0,0.552,9.0,0.711,0.388,0.318,0.0,0.005,0.289,0.671,0.705,0.625,,1.0,0.259,0.844,1.0,0.254,47.0,0.724,0.333,0.0,0.0,
285.0,Jaden Hardy,SG,22.0,57.0,3.0,907.0,0.435,16.2,0.524,0.162,0.157,0.157,0.048,0.476,0.479,0.657,0.354,0.508,0.2,0.386,0.346,0.829,0.027,8.0,0.239,0.404,1.0,0.0,
286.0,Day'Ron Sharpe,C,23.0,50.0,2.0,907.0,0.521,6.6,0.858,0.505,0.29,0.035,0.028,0.142,0.566,0.644,0.446,0.364,0.667,0.244,0.597,1.0,0.114,29.0,0.289,0.385,0.0,0.0,
287.0,Adem Bona,C,21.0,58.0,11.0,905.0,0.703,2.3,0.995,0.755,0.229,0.01,0.0,0.005,0.707,0.731,0.659,0.0,,0.0,0.696,,0.401,64.0,1.0,0.0,0.0,0.0,
288.0,Tre Jones,PG,25.0,46.0,9.0,905.0,0.538,8.9,0.798,0.345,0.361,0.076,0.017,0.202,0.574,0.671,0.558,0.222,0.5,0.396,0.514,1.0,0.004,1.0,0.5,0.458,0.0,0.0,
289.0,Jaden Ivey,SG,22.0,30.0,30.0,898.0,0.46,13.7,0.627,0.245,0.245,0.094,0.044,0.373,0.49,0.644,0.426,0.333,0.333,0.409,0.425,0.746,0.024,9.0,0.208,0.344,3.0,0.0,
290.0,Kelly Olynyk,C,33.0,44.0,22.0,891.0,0.5,11.6,0.705,0.336,0.231,0.078,0.06,0.295,0.534,0.667,0.435,0.381,0.375,0.418,0.564,0.818,0.015,4.0,0.127,0.6,0.0,0.0,
291.0,Chet Holmgren,C,22.0,32.0,32.0,877.0,0.49,12.4,0.66,0.29,0.226,0.117,0.026,0.34,0.547,0.747,0.442,0.25,0.556,0.379,0.642,1.0,0.117,39.0,0.164,0.421,1.0,0.0,
292.0,Neemias Queta,C,25.0,62.0,6.0,863.0,0.65,3.6,0.985,0.591,0.355,0.039,0.0,0.015,0.66,0.708,0.583,0.625,,0.0,0.795,,0.315,59.0,0.333,0.0,1.0,0.0,
293.0,Alec Burks,SG,33.0,49.0,14.0,863.0,0.424,20.8,0.236,0.059,0.1,0.041,0.037,0.764,0.422,0.5,0.296,0.545,0.5,0.425,0.556,0.955,0.0,0.0,0.488,0.406,1.0,0.0,
294.0,Chris Boucher,PF,32.0,50.0,0.0,862.0,0.492,14.9,0.478,0.292,0.114,0.054,0.019,0.522,0.633,0.75,0.429,0.5,0.429,0.363,0.643,0.986,0.111,32.0,0.42,0.395,0.0,0.0,
295.0,Zion Williamson,PF,24.0,30.0,30.0,857.0,0.567,4.8,0.974,0.429,0.494,0.047,0.004,0.026,0.576,0.679,0.51,0.375,0.0,0.231,0.46,0.667,0.085,39.0,0.077,0.0,1.0,0.0,
296.0,Khris Middleton,SF,33.0,37.0,21.0,843.0,0.475,17.1,0.605,0.074,0.193,0.196,0.142,0.395,0.549,0.6,0.6,0.47,0.563,0.361,0.402,0.75,0.003,1.0,0.165,0.318,1.0,0.0,
297.0,KJ Simpson,PG,22.0,36.0,15.0,842.0,0.346,15.0,0.568,0.179,0.246,0.103,0.04,0.432,0.415,0.648,0.365,0.226,0.167,0.254,0.324,0.667,0.01,3.0,0.146,0.263,0.0,0.0,
298.0,Shake Milton,SG,28.0,57.0,2.0,837.0,0.453,14.3,0.583,0.181,0.24,0.146,0.016,0.417,0.52,0.63,0.492,0.432,0.5,0.358,0.364,1.0,0.0,0.0,0.321,0.294,1.0,0.0,
299.0,Dereck Lively II,C,20.0,36.0,29.0,833.0,0.702,3.1,1.0,0.571,0.403,0.026,0.0,0.0,0.702,0.798,0.597,0.2,,,0.791,,0.393,66.0,,,0.0,0.0,
300.0,Garrison Mathews,SG,28.0,47.0,2.0,830.0,0.397,22.4,0.152,0.047,0.058,0.031,0.016,0.848,0.436,0.5,0.4,0.5,0.25,0.39,0.824,0.976,0.004,1.0,0.317,0.58,0.0,0.0,
301.0,Cam Whitmore,SF,20.0,51.0,3.0,827.0,0.444,14.9,0.546,0.253,0.203,0.037,0.052,0.454,0.518,0.686,0.341,0.467,0.429,0.355,0.482,0.785,0.112,35.0,0.213,0.436,1.0,0.0,
302.0,Ryan Rollins,PG,22.0,56.0,19.0,820.0,0.487,14.6,0.557,0.225,0.185,0.111,0.037,0.443,0.55,0.754,0.42,0.4,0.4,0.408,0.349,0.918,0.022,5.0,0.417,0.48,0.0,0.0,
303.0,Marcus Sasser,PG,24.0,57.0,1.0,811.0,0.463,17.5,0.486,0.128,0.155,0.118,0.084,0.514,0.549,0.789,0.435,0.514,0.44,0.382,0.418,0.586,0.0,0.0,0.151,0.391,0.0,0.0,
304.0,Steven Adams,C,31.0,58.0,3.0,794.0,0.545,4.1,0.988,0.611,0.311,0.066,0.0,0.012,0.552,0.608,0.5,0.273,,0.0,0.451,,0.138,21.0,0.0,,2.0,0.0,
305.0,Aaron Holiday,PG,28.0,62.0,3.0,792.0,0.437,20.8,0.325,0.06,0.131,0.075,0.06,0.675,0.517,0.75,0.486,0.4,0.5,0.398,0.378,0.819,0.0,0.0,0.177,0.469,1.0,0.0,
306.0,Karlo Matković,PF,23.0,42.0,7.0,791.0,0.574,9.5,0.719,0.396,0.272,0.047,0.004,0.281,0.675,0.785,0.563,0.455,0.0,0.318,0.728,1.0,0.204,40.0,0.515,0.382,0.0,0.0,
307.0,Caleb Houstan,SF,22.0,58.0,6.0,788.0,0.421,22.4,0.158,0.042,0.063,0.032,0.021,0.842,0.533,0.625,0.5,0.5,0.5,0.4,0.938,0.984,0.005,0.0,0.331,0.302,0.0,0.0,
308.0,Vasilije Micić,PG,31.0,41.0,16.0,785.0,0.348,17.0,0.542,0.154,0.161,0.095,0.132,0.458,0.338,0.571,0.205,0.192,0.333,0.36,0.34,0.533,0.0,0.0,0.032,0.25,0.0,0.0,
309.0,Jaylin Williams,PF,22.0,47.0,9.0,784.0,0.439,19.7,0.308,0.149,0.086,0.059,0.014,0.692,0.529,0.606,0.526,0.385,0.333,0.399,0.639,0.967,0.059,9.0,0.144,0.636,1.0,0.0,
310.0,Pelle Larsson,SG,23.0,55.0,8.0,782.0,0.438,13.3,0.532,0.345,0.158,0.03,0.0,0.468,0.528,0.614,0.438,0.0,,0.337,0.789,0.969,0.034,7.0,0.337,0.406,0.0,0.0,
311.0,Cam Thomas,SG,23.0,25.0,23.0,781.0,0.438,16.3,0.57,0.141,0.183,0.154,0.093,0.43,0.506,0.625,0.434,0.471,0.524,0.349,0.473,0.544,0.0,0.0,0.123,0.25,1.0,0.0,
312.0,Lindy Waters III,SG,27.0,52.0,9.0,778.0,0.369,22.0,0.253,0.064,0.092,0.052,0.044,0.747,0.444,0.438,0.565,0.231,0.455,0.344,0.714,0.938,0.02,4.0,0.312,0.328,0.0,0.0,
313.0,Lonzo Ball,PG,27.0,35.0,14.0,777.0,0.366,23.0,0.198,0.07,0.058,0.037,0.033,0.802,0.458,0.529,0.5,0.333,0.375,0.344,0.545,0.881,0.021,4.0,0.221,0.372,4.0,0.0,
314.0,Orlando Robinson,C,24.0,44.0,8.0,770.0,0.444,10.0,0.801,0.345,0.333,0.111,0.011,0.199,0.474,0.622,0.345,0.379,0.667,0.327,0.657,1.0,0.077,14.0,0.135,0.286,0.0,0.0,
315.0,Eric Gordon,SG,36.0,39.0,13.0,768.0,0.426,19.9,0.328,0.152,0.142,0.025,0.01,0.672,0.463,0.613,0.276,0.8,0.0,0.409,0.71,0.946,0.005,0.0,0.124,0.529,2.0,0.0,
316.0,Gui Santos,PF,22.0,56.0,2.0,762.0,0.458,16.3,0.425,0.19,0.218,0.011,0.006,0.575,0.632,0.794,0.487,0.5,1.0,0.33,0.792,0.971,0.039,6.0,0.34,0.371,1.0,0.0,
317.0,Landry Shamet,SG,27.0,50.0,0.0,762.0,0.461,19.3,0.322,0.135,0.07,0.087,0.03,0.678,0.595,0.71,0.438,0.65,0.286,0.397,0.818,0.919,0.013,3.0,0.397,0.468,1.0,0.0,
318.0,Svi Mykhailiuk,SF,27.0,38.0,13.0,760.0,0.391,19.7,0.328,0.089,0.156,0.066,0.017,0.672,0.485,0.63,0.404,0.5,0.4,0.345,0.375,0.786,0.013,4.0,0.236,0.375,2.0,0.0,
319.0,Andre Drummond,C,31.0,40.0,23.0,751.0,0.5,5.4,0.915,0.573,0.299,0.038,0.004,0.085,0.533,0.582,0.471,0.333,0.0,0.15,0.64,0.667,0.171,36.0,0.4,0.25,2.0,0.0,
320.0,Jabari Walker,SF,22.0,60.0,1.0,749.0,0.515,10.1,0.686,0.415,0.236,0.022,0.013,0.314,0.573,0.684,0.407,0.4,0.333,0.389,0.622,1.0,0.07,16.0,0.458,0.455,1.0,0.0,
321.0,Jay Huff,C,26.0,64.0,2.0,748.0,0.515,17.9,0.344,0.223,0.089,0.013,0.02,0.656,0.724,0.838,0.667,0.25,0.0,0.405,0.842,0.988,0.177,47.0,0.25,0.36,0.0,0.0,
322.0,Drew Eubanks,C,27.0,61.0,4.0,746.0,0.593,4.7,0.969,0.361,0.546,0.062,0.0,0.031,0.596,0.743,0.509,0.5,,0.5,0.786,0.667,0.289,47.0,0.833,0.6,0.0,0.0,
323.0,Talen Horton-Tucker,SG,24.0,58.0,0.0,724.0,0.457,12.6,0.581,0.385,0.168,0.021,0.007,0.419,0.544,0.607,0.429,0.5,0.0,0.336,0.348,0.878,0.045,12.0,0.213,0.423,0.0,0.0,
324.0,Gary Harris,SG,30.0,48.0,3.0,711.0,0.383,20.7,0.241,0.06,0.128,0.023,0.03,0.759,0.469,0.625,0.412,0.333,0.5,0.356,0.6,0.972,0.008,1.0,0.426,0.372,0.0,0.0,
325.0,Micah Potter,C,26.0,38.0,10.0,705.0,0.422,18.8,0.274,0.156,0.096,0.015,0.007,0.726,0.703,0.81,0.538,0.5,1.0,0.316,0.654,1.0,0.111,13.0,0.571,0.321,0.0,0.0,
326.0,Jett Howard,SF,21.0,60.0,0.0,701.0,0.374,20.8,0.29,0.103,0.092,0.027,0.069,0.71,0.566,0.741,0.458,0.714,0.389,0.296,0.488,0.909,0.027,3.0,0.247,0.37,2.0,0.0,
327.0,DeAndre Jordan,C,36.0,56.0,5.0,691.0,0.65,2.3,1.0,0.686,0.314,0.0,0.0,0.0,0.65,0.76,0.409,,,,0.714,,0.514,58.0,,,0.0,0.0,
328.0,Quinten Post,PF,24.0,42.0,14.0,686.0,0.449,18.5,0.347,0.128,0.182,0.015,0.022,0.653,0.526,0.543,0.5,0.75,0.5,0.408,0.82,1.0,0.033,7.0,0.268,0.417,1.0,0.0,
329.0,Blake Wesley,SG,21.0,58.0,0.0,683.0,0.435,10.8,0.688,0.446,0.134,0.065,0.043,0.312,0.5,0.602,0.4,0.333,0.0,0.293,0.656,0.941,0.081,14.0,0.362,0.333,0.0,0.0,
330.0,Sandro Mamukelashvili,PF,25.0,61.0,0.0,681.0,0.502,16.1,0.427,0.256,0.146,0.025,0.0,0.573,0.675,0.792,0.488,0.571,,0.373,0.667,1.0,0.103,25.0,0.211,0.265,1.0,0.0,
331.0,Marcus Smart,PG,30.0,34.0,7.0,680.0,0.393,17.4,0.451,0.074,0.28,0.066,0.031,0.549,0.448,0.579,0.403,0.412,0.625,0.348,0.385,0.837,0.004,0.0,0.27,0.342,3.0,0.0,
332.0,Jalen Pickett,SG,25.0,49.0,4.0,666.0,0.428,18.8,0.439,0.072,0.133,0.133,0.1,0.561,0.468,0.692,0.625,0.292,0.333,0.396,0.432,0.725,0.0,0.0,0.356,0.472,1.0,0.0,
333.0,Tosan Evbuomwan,SF,23.0,28.0,0.0,665.0,0.427,12.4,0.65,0.186,0.345,0.095,0.023,0.35,0.49,0.732,0.382,0.476,0.2,0.312,0.557,1.0,0.023,4.0,0.416,0.281,0.0,0.0,
334.0,Antonio Reeves,SG,24.0,44.0,6.0,660.0,0.456,16.4,0.48,0.19,0.157,0.101,0.032,0.52,0.521,0.617,0.513,0.44,0.25,0.395,0.726,0.863,0.02,4.0,0.349,0.311,1.0,0.0,
335.0,Kyle Lowry,PG,38.0,35.0,12.0,659.0,0.35,22.5,0.248,0.051,0.111,0.034,0.051,0.752,0.414,0.667,0.308,0.75,0.167,0.33,0.667,0.931,0.0,0.0,0.182,0.375,2.0,0.0,
336.0,Reed Sheppard,PG,20.0,52.0,3.0,654.0,0.351,19.5,0.406,0.088,0.109,0.151,0.059,0.594,0.371,0.667,0.269,0.278,0.357,0.338,0.333,0.833,0.008,1.0,0.169,0.25,0.0,0.0,
337.0,Herbert Jones,SF,26.0,20.0,20.0,648.0,0.436,13.5,0.581,0.273,0.221,0.035,0.052,0.419,0.53,0.681,0.263,0.667,0.778,0.306,0.698,1.0,0.029,5.0,0.486,0.371,1.0,0.0,
338.0,AJ Johnson,SG,20.0,29.0,11.0,639.0,0.385,12.0,0.577,0.291,0.258,0.028,0.0,0.423,0.472,0.565,0.418,0.0,,0.267,0.534,0.667,0.099,15.0,0.122,0.364,2.0,0.0,
339.0,Maxi Kleber,PF,33.0,34.0,4.0,637.0,0.385,15.9,0.49,0.177,0.208,0.021,0.083,0.51,0.511,0.706,0.3,0.5,0.625,0.265,0.833,0.923,0.073,6.0,0.347,0.235,0.0,0.0,
340.0,Delon Wright,PG,32.0,40.0,7.0,635.0,0.344,15.6,0.443,0.244,0.153,0.038,0.008,0.557,0.431,0.563,0.25,0.2,1.0,0.274,0.44,1.0,0.0,0.0,0.26,0.421,0.0,0.0,
341.0,Jericho Sims,C,26.0,53.0,5.0,632.0,0.634,2.5,1.0,0.718,0.239,0.042,0.0,0.0,0.634,0.725,0.412,0.333,,,0.8,,0.577,35.0,,,0.0,0.0,
342.0,Josh Okogie,SG,26.0,40.0,7.0,625.0,0.443,13.2,0.566,0.283,0.25,0.028,0.005,0.434,0.517,0.733,0.302,0.333,0.0,0.348,0.629,1.0,0.08,14.0,0.522,0.396,0.0,0.0,
343.0,Jeff Dowtin,PG,27.0,41.0,3.0,621.0,0.487,13.5,0.696,0.209,0.217,0.187,0.083,0.304,0.525,0.604,0.44,0.628,0.316,0.4,0.298,0.607,0.004,1.0,0.2,0.5,0.0,0.0,
344.0,Daniel Theis,C,32.0,38.0,9.0,621.0,0.473,11.1,0.713,0.31,0.271,0.116,0.016,0.287,0.565,0.7,0.457,0.467,0.5,0.243,0.75,1.0,0.116,11.0,0.243,0.0,0.0,0.0,
345.0,Cory Joseph,PG,33.0,50.0,16.0,612.0,0.403,20.4,0.305,0.091,0.11,0.052,0.052,0.695,0.489,0.643,0.412,0.375,0.5,0.364,0.391,0.872,0.0,0.0,0.215,0.304,1.0,0.0,
346.0,Zeke Nnaji,PF,24.0,57.0,4.0,608.0,0.496,11.4,0.631,0.383,0.199,0.007,0.043,0.369,0.596,0.741,0.321,1.0,0.5,0.327,0.792,0.941,0.184,22.0,0.519,0.296,0.0,0.0,
347.0,Kessler Edwards,SF,24.0,40.0,18.0,608.0,0.496,12.5,0.6,0.311,0.207,0.067,0.015,0.4,0.556,0.667,0.464,0.333,0.5,0.407,0.822,1.0,0.104,12.0,0.5,0.37,0.0,0.0,
348.0,Pat Connaughton,SG,32.0,41.0,1.0,603.0,0.469,13.7,0.542,0.35,0.164,0.023,0.006,0.458,0.594,0.661,0.448,0.5,1.0,0.321,0.702,0.885,0.04,6.0,0.235,0.211,0.0,0.0,
349.0,Ajay Mitchell,SG,22.0,36.0,1.0,597.0,0.495,12.2,0.674,0.217,0.353,0.065,0.038,0.326,0.548,0.625,0.492,0.833,0.143,0.383,0.397,0.957,0.005,0.0,0.267,0.375,1.0,0.0,
350.0,Brandon Ingram,SF,27.0,18.0,18.0,595.0,0.465,16.0,0.655,0.117,0.153,0.24,0.144,0.345,0.514,0.744,0.412,0.538,0.396,0.374,0.402,0.837,0.027,9.0,0.07,0.25,0.0,0.0,
351.0,Jared McCain,SG,20.0,23.0,8.0,592.0,0.46,16.0,0.515,0.193,0.179,0.106,0.036,0.485,0.532,0.642,0.429,0.448,0.7,0.383,0.32,0.804,0.007,2.0,0.203,0.333,0.0,0.0,
352.0,Cam Reddish,SF,25.0,33.0,8.0,589.0,0.404,14.7,0.5,0.245,0.202,0.032,0.021,0.5,0.532,0.87,0.211,0.0,0.5,0.277,0.52,1.0,0.096,8.0,0.489,0.304,0.0,0.0,
353.0,Jae'Sean Tate,SF,29.0,52.0,2.0,588.0,0.473,10.4,0.689,0.27,0.385,0.034,0.0,0.311,0.529,0.7,0.421,0.4,,0.348,0.519,1.0,0.041,4.0,0.674,0.452,0.0,0.0,
354.0,Olivier-Maxence Prosper,PF,22.0,52.0,4.0,584.0,0.402,10.4,0.707,0.356,0.276,0.029,0.046,0.293,0.472,0.661,0.313,0.0,0.25,0.235,0.638,1.0,0.08,11.0,0.667,0.265,0.0,0.0,
355.0,Jarred Vanderbilt,PF,25.0,36.0,2.0,581.0,0.488,8.2,0.736,0.554,0.174,0.008,0.0,0.264,0.562,0.672,0.238,0.0,,0.281,0.7,1.0,0.289,30.0,0.75,0.375,1.0,0.0,
356.0,Joel Embiid,C,30.0,19.0,19.0,574.0,0.444,13.5,0.756,0.194,0.194,0.203,0.165,0.244,0.492,0.623,0.508,0.422,0.404,0.299,0.538,0.957,0.016,5.0,0.0,,0.0,0.0,
357.0,Monte Morris,PG,29.0,45.0,0.0,571.0,0.426,16.1,0.559,0.056,0.262,0.144,0.097,0.441,0.477,0.909,0.431,0.393,0.474,0.36,0.462,0.903,0.0,0.0,0.465,0.375,0.0,0.0,
358.0,Moritz Wagner,C,27.0,30.0,1.0,564.0,0.562,9.5,0.699,0.486,0.201,0.008,0.004,0.301,0.649,0.711,0.54,0.0,0.0,0.36,0.69,1.0,0.076,18.0,0.307,0.391,0.0,0.0,
359.0,Malcolm Brogdon,PG,32.0,24.0,13.0,564.0,0.433,11.5,0.767,0.296,0.242,0.129,0.1,0.233,0.478,0.676,0.362,0.355,0.333,0.286,0.364,0.938,0.0,0.0,0.089,0.4,1.0,0.0,
360.0,John Konchar,SG,28.0,46.0,4.0,558.0,0.451,18.0,0.319,0.22,0.066,0.033,0.0,0.681,0.621,0.7,0.5,0.333,,0.371,0.667,1.0,0.011,1.0,0.5,0.387,1.0,0.0,
361.0,Dwight Powell,C,33.0,55.0,3.0,551.0,0.689,3.9,0.918,0.689,0.213,0.016,0.0,0.082,0.714,0.81,0.462,0.0,,0.4,0.775,1.0,0.295,15.0,0.8,0.5,0.0,0.0,
362.0,Dillon Jones,SF,23.0,54.0,3.0,551.0,0.383,14.4,0.526,0.286,0.18,0.045,0.015,0.474,0.5,0.658,0.292,0.333,0.5,0.254,0.657,0.938,0.0,0.0,0.206,0.231,0.0,0.0,
363.0,Jordan Goodwin,PG,26.0,29.0,5.0,543.0,0.438,15.6,0.528,0.146,0.215,0.118,0.049,0.472,0.487,0.571,0.484,0.412,0.429,0.382,0.459,0.962,0.0,0.0,0.456,0.419,0.0,0.0,
364.0,Richaun Holmes,PF,31.0,31.0,7.0,534.0,0.647,3.6,0.978,0.626,0.309,0.036,0.007,0.022,0.662,0.77,0.488,0.4,0.0,0.0,0.633,,0.281,39.0,0.667,0.0,0.0,0.0,
365.0,Mouhamed Gueye,PF,22.0,33.0,28.0,533.0,0.421,13.3,0.526,0.339,0.129,0.053,0.006,0.474,0.567,0.655,0.364,0.556,0.0,0.259,0.824,1.0,0.17,25.0,0.593,0.25,0.0,0.0,
366.0,Bismack Biyombo,C,32.0,28.0,26.0,528.0,0.588,4.4,1.0,0.465,0.447,0.088,0.0,0.0,0.588,0.698,0.569,0.1,,,0.791,,0.123,11.0,,,0.0,0.0,
367.0,Jaylen Clark,SG,23.0,40.0,4.0,522.0,0.467,13.4,0.575,0.3,0.217,0.05,0.008,0.425,0.493,0.528,0.462,0.5,0.0,0.431,0.559,1.0,0.025,2.0,0.549,0.429,2.0,0.0,
368.0,Rob Dillingham,PG,20.0,49.0,1.0,516.0,0.441,13.9,0.649,0.213,0.223,0.123,0.09,0.351,0.496,0.733,0.404,0.462,0.211,0.338,0.309,0.48,0.014,3.0,0.135,0.5,0.0,0.0,
369.0,Colby Jones,SG,22.0,39.0,0.0,515.0,0.457,14.6,0.62,0.178,0.264,0.14,0.039,0.38,0.538,0.696,0.441,0.556,0.4,0.327,0.558,0.938,0.039,5.0,0.245,0.333,0.0,0.0,
370.0,Craig Porter Jr.,PG,24.0,51.0,1.0,513.0,0.514,12.3,0.657,0.343,0.2,0.079,0.036,0.343,0.554,0.708,0.393,0.455,0.2,0.438,0.529,0.714,0.05,6.0,0.25,0.333,2.0,1.0,
371.0,Tristan Vukcevic,C,21.0,35.0,1.0,513.0,0.496,15.1,0.579,0.186,0.252,0.103,0.037,0.421,0.586,0.8,0.426,0.52,0.778,0.373,0.793,1.0,0.058,14.0,0.098,0.3,2.0,0.0,
372.0,Elfrid Payton,PG,30.0,24.0,9.0,511.0,0.328,8.8,0.951,0.148,0.525,0.262,0.016,0.049,0.336,0.333,0.375,0.25,0.5,0.167,0.179,1.0,0.0,0.0,0.167,0.0,0.0,0.0,
373.0,Jamal Cain,SF,25.0,37.0,0.0,502.0,0.43,15.4,0.494,0.19,0.215,0.07,0.019,0.506,0.538,0.767,0.471,0.273,0.0,0.325,0.595,0.885,0.044,6.0,0.488,0.308,0.0,0.0,
374.0,Keaton Wallace,PG,25.0,31.0,5.0,501.0,0.401,18.0,0.494,0.08,0.154,0.191,0.068,0.506,0.475,0.538,0.6,0.419,0.273,0.329,0.289,0.815,0.025,4.0,0.122,0.4,1.0,0.0,
375.0,Jock Landale,C,29.0,42.0,3.0,500.0,0.533,9.2,0.829,0.355,0.289,0.132,0.053,0.171,0.556,0.648,0.545,0.35,0.5,0.423,0.629,0.909,0.105,15.0,0.077,0.0,0.0,0.0,
376.0,Vince Williams Jr.,SG,24.0,27.0,5.0,499.0,0.401,16.9,0.431,0.144,0.21,0.066,0.012,0.569,0.569,0.625,0.543,0.545,0.5,0.274,0.61,0.923,0.012,1.0,0.284,0.37,1.0,0.0,
377.0,Wendell Moore Jr.,SG,23.0,36.0,1.0,499.0,0.468,11.1,0.675,0.389,0.175,0.071,0.04,0.325,0.529,0.612,0.5,0.333,0.2,0.341,0.6,0.929,0.04,5.0,0.537,0.409,0.0,0.0,
378.0,Brandon Williams,PG,25.0,33.0,3.0,487.0,0.521,12.1,0.681,0.356,0.218,0.069,0.037,0.319,0.578,0.672,0.415,0.615,0.571,0.4,0.297,0.833,0.005,1.0,0.2,0.417,2.0,0.0,
379.0,A.J. Lawson,SG,24.0,26.0,2.0,486.0,0.421,14.6,0.468,0.289,0.168,0.011,0.0,0.532,0.528,0.618,0.406,0.0,,0.327,0.638,0.939,0.074,11.0,0.347,0.314,0.0,0.0,
380.0,Grant Williams,PF,26.0,16.0,7.0,479.0,0.439,17.9,0.398,0.154,0.154,0.057,0.033,0.602,0.551,0.737,0.579,0.143,0.25,0.365,0.815,1.0,0.024,3.0,0.203,0.267,0.0,0.0,
381.0,Lonnie Walker IV,SG,26.0,20.0,7.0,477.0,0.42,19.0,0.401,0.165,0.099,0.061,0.075,0.599,0.518,0.686,0.333,0.462,0.438,0.354,0.591,0.778,0.028,5.0,0.142,0.333,3.0,0.0,
382.0,Duop Reath,C,28.0,46.0,0.0,469.0,0.422,17.5,0.361,0.229,0.108,0.018,0.006,0.639,0.6,0.763,0.333,0.333,0.0,0.321,0.472,0.971,0.03,5.0,0.226,0.333,0.0,0.0,
383.0,Reece Beekman,PG,23.0,36.0,4.0,469.0,0.327,8.2,0.626,0.215,0.318,0.047,0.047,0.374,0.418,0.609,0.382,0.0,0.2,0.175,0.464,1.0,0.009,1.0,0.4,0.25,0.0,0.0,
384.0,Kai Jones,C,24.0,40.0,6.0,468.0,0.798,4.5,0.954,0.651,0.156,0.119,0.028,0.046,0.827,0.944,0.706,0.462,0.333,0.2,0.826,1.0,0.596,62.0,0.2,0.0,0.0,0.0,
385.0,Larry Nance Jr.,PF,32.0,24.0,3.0,463.0,0.516,15.0,0.51,0.239,0.206,0.045,0.019,0.49,0.582,0.703,0.469,0.571,0.333,0.447,0.848,0.971,0.135,16.0,0.342,0.423,2.0,0.0,
386.0,Collin Gillespie,PG,25.0,33.0,9.0,461.0,0.43,18.3,0.43,0.101,0.19,0.101,0.038,0.57,0.426,0.5,0.4,0.313,0.667,0.433,0.276,0.795,0.0,0.0,0.189,0.529,2.0,0.0,
387.0,Rayan Rupert,SG,20.0,52.0,0.0,460.0,0.408,13.2,0.585,0.268,0.254,0.063,0.0,0.415,0.506,0.632,0.389,0.444,,0.271,0.524,0.813,0.035,5.0,0.339,0.35,0.0,0.0,
388.0,GG Jackson II,PF,20.0,29.0,3.0,459.0,0.372,14.6,0.523,0.236,0.251,0.025,0.01,0.477,0.404,0.553,0.28,0.2,0.5,0.337,0.476,0.938,0.085,12.0,0.284,0.296,0.0,0.0,
389.0,Jaylon Tyson,SG,22.0,47.0,3.0,453.0,0.43,12.4,0.611,0.302,0.242,0.054,0.013,0.389,0.484,0.533,0.444,0.375,0.5,0.345,0.477,0.85,0.047,5.0,0.448,0.346,0.0,0.0,
390.0,Bol Bol,PF,25.0,36.0,10.0,448.0,0.525,17.3,0.492,0.098,0.158,0.153,0.082,0.508,0.711,0.833,0.759,0.679,0.533,0.344,0.844,1.0,0.055,10.0,0.548,0.353,0.0,0.0,
391.0,Paul Reed,C,25.0,45.0,0.0,438.0,0.507,9.6,0.803,0.359,0.254,0.155,0.035,0.197,0.561,0.765,0.389,0.318,0.8,0.286,0.688,1.0,0.141,18.0,0.179,0.2,0.0,0.0,
392.0,Colin Castleton,C,24.0,26.0,4.0,432.0,0.469,9.1,0.837,0.337,0.388,0.112,0.0,0.163,0.537,0.697,0.421,0.455,,0.125,0.682,1.0,0.102,8.0,0.563,0.111,0.0,0.0,
393.0,Trevelin Queen,SG,27.0,31.0,2.0,430.0,0.381,16.2,0.476,0.238,0.19,0.027,0.02,0.524,0.486,0.6,0.393,0.25,0.333,0.286,0.588,0.818,0.088,11.0,0.234,0.444,4.0,0.0,
394.0,Malaki Branham,SG,21.0,47.0,0.0,427.0,0.458,15.3,0.558,0.184,0.195,0.126,0.053,0.442,0.5,0.8,0.351,0.333,0.4,0.405,0.509,0.941,0.026,4.0,0.19,0.438,0.0,0.0,
395.0,Jordan Miller,SF,25.0,37.0,0.0,420.0,0.433,10.2,0.716,0.313,0.343,0.06,0.0,0.284,0.521,0.619,0.457,0.375,,0.211,0.48,1.0,0.052,6.0,0.289,0.182,0.0,0.0,
396.0,Mo Bamba,C,26.0,32.0,2.0,413.0,0.464,13.3,0.518,0.259,0.214,0.027,0.018,0.482,0.638,0.793,0.458,0.667,0.5,0.278,0.649,1.0,0.107,10.0,0.352,0.263,0.0,0.0,
397.0,David Roddy,PF,23.0,33.0,3.0,410.0,0.456,16.3,0.512,0.216,0.264,0.032,0.0,0.488,0.594,0.667,0.545,0.5,,0.311,0.737,0.842,0.016,2.0,0.262,0.438,0.0,0.0,
398.0,Taj Gibson,C,39.0,37.0,11.0,409.0,0.495,5.1,0.979,0.505,0.316,0.137,0.021,0.021,0.495,0.625,0.4,0.231,0.5,0.5,0.63,1.0,0.095,9.0,1.0,0.5,0.0,0.0,
399.0,Ousmane Dieng,C,21.0,37.0,1.0,405.0,0.432,16.6,0.432,0.232,0.12,0.048,0.032,0.568,0.574,0.655,0.467,0.5,0.5,0.324,0.742,0.913,0.136,16.0,0.31,0.318,0.0,0.0,
400.0,Jordan Walsh,PF,20.0,52.0,1.0,403.0,0.361,17.7,0.337,0.193,0.145,0.0,0.0,0.663,0.536,0.688,0.333,,,0.273,0.467,1.0,0.084,4.0,0.418,0.217,0.0,0.0,
401.0,Hunter Tyson,PF,24.0,51.0,2.0,400.0,0.375,17.6,0.383,0.175,0.142,0.025,0.042,0.617,0.478,0.714,0.235,0.667,0.2,0.311,0.682,0.913,0.067,6.0,0.284,0.286,0.0,0.0,
402.0,Anthony Gill,PF,32.0,51.0,0.0,397.0,0.489,11.8,0.648,0.295,0.33,0.011,0.011,0.352,0.579,0.654,0.552,0.0,0.0,0.323,0.606,1.0,0.011,1.0,0.387,0.333,0.0,0.0,
403.0,Devin Carter,PG,22.0,36.0,0.0,396.0,0.37,15.6,0.52,0.15,0.268,0.079,0.016,0.48,0.439,0.579,0.412,0.4,0.0,0.295,0.345,0.778,0.063,8.0,0.23,0.214,0.0,0.0,
404.0,Jeff Green,PF,38.0,32.0,3.0,396.0,0.504,18.5,0.347,0.124,0.099,0.091,0.033,0.653,0.762,0.8,0.75,0.636,1.0,0.367,0.531,0.966,0.074,9.0,0.506,0.4,0.0,0.0,
405.0,Trey Jemison,C,25.0,38.0,0.0,392.0,0.554,3.9,1.0,0.514,0.419,0.054,0.014,0.0,0.554,0.658,0.484,0.25,0.0,,0.756,,0.203,13.0,,,0.0,0.0,
406.0,Reggie Jackson,PG,34.0,31.0,1.0,384.0,0.391,18.3,0.444,0.128,0.158,0.083,0.075,0.556,0.458,0.647,0.524,0.273,0.2,0.338,0.444,0.8,0.0,0.0,0.189,0.429,1.0,0.0,
407.0,Baylor Scheierman,SG,24.0,31.0,2.0,384.0,0.355,21.3,0.255,0.073,0.118,0.018,0.045,0.745,0.464,0.625,0.385,0.0,0.6,0.317,0.615,0.885,0.0,0.0,0.28,0.348,0.0,0.0,
408.0,Quenton Jackson,PG,26.0,28.0,7.0,381.0,0.475,10.8,0.672,0.451,0.156,0.025,0.041,0.328,0.524,0.618,0.368,0.333,0.2,0.375,0.558,0.933,0.074,8.0,0.3,0.333,0.0,0.0,
409.0,Alex Len,C,31.0,46.0,7.0,380.0,0.508,7.5,0.857,0.429,0.333,0.079,0.016,0.143,0.556,0.63,0.571,0.2,0.0,0.222,0.733,1.0,0.206,9.0,0.444,0.25,0.0,0.0,
410.0,Johnny Furphy,SG,20.0,50.0,0.0,379.0,0.38,15.3,0.457,0.261,0.174,0.0,0.022,0.543,0.476,0.667,0.25,,0.0,0.3,0.85,0.933,0.098,8.0,0.44,0.364,0.0,0.0,
411.0,Charles Bassey,C,24.0,36.0,1.0,376.0,0.581,3.5,1.0,0.598,0.299,0.094,0.009,0.0,0.581,0.614,0.571,0.455,0.0,,0.779,,0.325,30.0,,,0.0,0.0,
412.0,Dominick Barlow,SF,21.0,35.0,4.0,375.0,0.531,9.3,0.761,0.416,0.195,0.133,0.018,0.239,0.616,0.766,0.5,0.333,0.5,0.259,0.717,1.0,0.159,18.0,0.815,0.182,0.0,0.0,
413.0,Dante Exum,PG,29.0,20.0,13.0,372.0,0.478,13.3,0.604,0.261,0.239,0.075,0.03,0.396,0.506,0.657,0.375,0.3,0.75,0.434,0.415,0.913,0.03,2.0,0.321,0.588,1.0,0.0,
414.0,Damion Baugh,SG,24.0,15.0,2.0,370.0,0.323,13.7,0.569,0.208,0.323,0.031,0.008,0.431,0.405,0.63,0.286,0.25,0.0,0.214,0.433,1.0,0.008,0.0,0.339,0.105,0.0,0.0,
415.0,Jaden Springer,SG,22.0,43.0,2.0,365.0,0.389,16.6,0.467,0.144,0.256,0.056,0.011,0.533,0.548,0.846,0.435,0.4,0.0,0.25,0.522,0.917,0.033,3.0,0.458,0.182,1.0,0.0,
416.0,Robert Williams,C,27.0,20.0,3.0,351.0,0.641,3.7,0.962,0.705,0.205,0.026,0.026,0.038,0.653,0.8,0.25,0.5,0.0,0.333,0.755,1.0,0.385,25.0,0.667,0.5,0.0,0.0,
417.0,Doug McDermott,SF,33.0,42.0,3.0,342.0,0.427,23.3,0.137,0.043,0.043,0.026,0.026,0.863,0.375,0.6,0.2,0.333,0.333,0.436,1.0,1.0,0.009,1.0,0.277,0.464,0.0,0.0,
418.0,Christian Koloko,C,24.0,37.0,0.0,342.0,0.606,4.6,0.939,0.621,0.273,0.015,0.03,0.061,0.645,0.707,0.5,1.0,0.5,0.0,0.825,,0.455,25.0,0.5,0.0,0.0,0.0,
419.0,Terrence Shannon Jr.,SG,24.0,32.0,1.0,339.0,0.482,9.8,0.728,0.325,0.333,0.044,0.026,0.272,0.53,0.73,0.368,0.6,0.0,0.355,0.841,1.0,0.07,6.0,0.645,0.4,0.0,0.0,
420.0,Keion Brooks Jr.,SF,24.0,14.0,6.0,332.0,0.486,13.3,0.606,0.275,0.202,0.11,0.018,0.394,0.591,0.8,0.318,0.5,1.0,0.326,0.718,1.0,0.092,8.0,0.395,0.412,0.0,0.0,
421.0,Tristan Thompson,C,33.0,40.0,0.0,328.0,0.437,5.8,0.958,0.465,0.366,0.113,0.014,0.042,0.456,0.606,0.385,0.125,0.0,0.0,0.71,,0.155,7.0,0.333,0.0,0.0,0.0,
422.0,Maxwell Lewis,SF,22.0,28.0,1.0,327.0,0.417,13.7,0.537,0.167,0.25,0.065,0.056,0.463,0.448,0.722,0.333,0.429,0.167,0.38,0.654,0.895,0.037,3.0,0.4,0.35,0.0,0.0,
423.0,Jevon Carter,PG,29.0,36.0,1.0,321.0,0.377,20.3,0.281,0.103,0.082,0.068,0.027,0.719,0.488,0.533,0.417,0.5,0.5,0.333,0.6,0.743,0.007,1.0,0.238,0.4,0.0,0.0,
424.0,Patty Mills,PG,36.0,29.0,0.0,321.0,0.375,23.1,0.219,0.021,0.094,0.031,0.073,0.781,0.476,0.5,0.556,0.333,0.429,0.347,0.5,0.769,0.0,0.0,0.147,0.455,0.0,0.0,
425.0,Tre Mann,PG,23.0,13.0,0.0,319.0,0.435,13.6,0.627,0.273,0.205,0.099,0.05,0.373,0.455,0.455,0.515,0.375,0.375,0.4,0.174,0.542,0.006,1.0,0.217,0.385,0.0,0.0,
426.0,Jalen Hood-Schifino,SG,21.0,15.0,0.0,315.0,0.378,16.8,0.531,0.071,0.133,0.194,0.133,0.469,0.442,0.571,0.308,0.526,0.385,0.304,0.304,0.571,0.0,0.0,0.109,0.6,0.0,0.0,
427.0,Torrey Craig,SF,34.0,26.0,4.0,314.0,0.422,19.5,0.267,0.167,0.067,0.022,0.011,0.733,0.583,0.667,0.333,1.0,0.0,0.364,0.714,0.958,0.056,4.0,0.424,0.286,0.0,0.0,
428.0,Jordan McLaughlin,PG,28.0,46.0,0.0,314.0,0.431,19.5,0.361,0.097,0.139,0.083,0.042,0.639,0.462,0.571,0.4,0.333,0.667,0.413,0.417,0.684,0.0,0.0,0.283,0.231,1.0,0.0,
429.0,Matisse Thybulle,SG,27.0,15.0,5.0,312.0,0.477,15.6,0.455,0.148,0.295,0.011,0.0,0.545,0.525,0.769,0.423,0.0,,0.438,0.571,1.0,0.091,7.0,0.458,0.364,0.0,0.0,
430.0,Isaac Jones,PF,24.0,40.0,0.0,304.0,0.651,5.2,0.904,0.47,0.422,0.012,0.0,0.096,0.68,0.744,0.629,0.0,,0.375,0.765,1.0,0.349,27.0,0.75,0.5,0.0,0.0,
431.0,Tyler Kolek,PG,23.0,41.0,0.0,296.0,0.329,17.2,0.427,0.159,0.195,0.061,0.012,0.573,0.371,0.462,0.25,0.4,1.0,0.298,0.231,1.0,0.0,0.0,0.234,0.364,1.0,0.0,
432.0,Mitchell Robinson,C,26.0,17.0,3.0,290.0,0.661,1.1,1.0,0.893,0.107,0.0,0.0,0.0,0.661,0.72,0.167,,,,0.378,,0.411,20.0,,,0.0,0.0,
433.0,Josh Minott,SF,22.0,46.0,0.0,276.0,0.489,12.9,0.522,0.422,0.089,0.011,0.0,0.478,0.638,0.658,0.625,0.0,,0.326,0.7,1.0,0.178,15.0,0.605,0.346,0.0,0.0,
434.0,Kobe Brown,PF,25.0,40.0,0.0,272.0,0.458,11.6,0.639,0.319,0.264,0.056,0.0,0.361,0.587,0.739,0.526,0.0,,0.231,0.556,1.0,0.097,6.0,0.231,0.5,0.0,0.0,
435.0,Dru Smith,SG,27.0,14.0,1.0,268.0,0.508,14.6,0.508,0.23,0.23,0.049,0.0,0.492,0.484,0.714,0.357,0.0,,0.533,0.4,0.875,0.0,0.0,0.367,0.636,0.0,0.0,
436.0,Isaiah Wong,SG,24.0,20.0,0.0,265.0,0.39,14.0,0.686,0.162,0.248,0.219,0.057,0.314,0.389,0.412,0.385,0.391,0.333,0.394,0.393,0.769,0.019,2.0,0.121,0.25,1.0,0.0,
437.0,Marvin Bagley III,PF,25.0,31.0,2.0,265.0,0.519,7.8,0.821,0.5,0.264,0.057,0.0,0.179,0.598,0.736,0.393,0.333,,0.158,0.538,1.0,0.208,21.0,0.316,0.167,0.0,0.0,
438.0,Oscar Tshiebwe,C,25.0,14.0,1.0,255.0,0.6,4.6,1.0,0.3,0.629,0.071,0.0,0.0,0.6,0.81,0.545,0.2,,,0.595,,0.114,6.0,,,0.0,0.0,
439.0,Drew Timme,PF,24.0,9.0,2.0,254.0,0.441,12.4,0.657,0.284,0.255,0.108,0.01,0.343,0.537,0.69,0.346,0.545,1.0,0.257,0.694,1.0,0.029,3.0,0.171,0.333,1.0,0.0,
440.0,Marcus Bagley,SF,23.0,10.0,4.0,253.0,0.391,13.4,0.536,0.391,0.087,0.043,0.014,0.464,0.595,0.704,0.333,0.333,0.0,0.156,0.545,0.8,0.159,10.0,0.406,0.308,0.0,0.0,
441.0,Cam Spencer,SG,24.0,25.0,1.0,252.0,0.415,19.0,0.354,0.098,0.134,0.098,0.037,0.646,0.517,0.625,0.545,0.5,0.0,0.358,0.867,0.947,0.0,0.0,0.113,0.333,0.0,0.0,
442.0,Kevin Love,PF,36.0,23.0,9.0,251.0,0.357,17.3,0.417,0.191,0.157,0.043,0.026,0.583,0.354,0.318,0.389,0.4,0.333,0.358,0.471,0.917,0.0,0.0,0.209,0.357,1.0,0.0,
443.0,Pat Spencer,PG,28.0,39.0,0.0,250.0,0.406,10.3,0.782,0.139,0.525,0.099,0.02,0.218,0.456,0.286,0.491,0.5,0.5,0.227,0.556,1.0,0.04,3.0,0.136,0.333,0.0,0.0,
444.0,JT Thor,PF,22.0,20.0,0.0,249.0,0.424,14.0,0.644,0.237,0.203,0.153,0.051,0.356,0.5,0.714,0.417,0.333,0.333,0.286,0.632,1.0,0.102,5.0,0.476,0.1,0.0,0.0,
445.0,Branden Carlson,C,25.0,32.0,0.0,246.0,0.443,18.3,0.32,0.186,0.124,0.0,0.01,0.68,0.677,0.778,0.583,,0.0,0.333,0.524,1.0,0.124,10.0,0.273,0.333,0.0,0.0,
446.0,Dariq Whitehead,SF,20.0,20.0,0.0,246.0,0.406,21.3,0.229,0.063,0.125,0.01,0.031,0.771,0.273,0.333,0.333,0.0,0.0,0.446,0.5,0.97,0.01,1.0,0.27,0.45,0.0,0.0,
447.0,Johnny Davis,SG,22.0,34.0,0.0,242.0,0.41,12.8,0.628,0.295,0.218,0.09,0.026,0.372,0.51,0.652,0.412,0.286,0.5,0.241,0.68,1.0,0.103,6.0,0.345,0.2,0.0,0.0,
448.0,Jaylen Martin,SF,21.0,16.0,0.0,239.0,0.419,13.0,0.689,0.23,0.351,0.095,0.014,0.311,0.471,0.765,0.385,0.143,0.0,0.304,0.667,1.0,0.068,4.0,0.304,0.143,0.0,0.0,
449.0,Bones Hyland,PG,24.0,24.0,0.0,239.0,0.398,22.4,0.305,0.085,0.085,0.051,0.085,0.695,0.417,0.7,0.3,0.167,0.4,0.39,0.4,0.438,0.017,2.0,0.098,0.5,1.0,0.0,
450.0,Xavier Tillman Sr.,C,26.0,33.0,2.0,231.0,0.245,17.2,0.396,0.094,0.264,0.038,0.0,0.604,0.381,0.8,0.214,0.5,,0.156,0.375,1.0,0.0,0.0,0.344,0.091,0.0,0.0,
451.0,Garrett Temple,SG,38.0,28.0,0.0,227.0,0.3,15.3,0.533,0.267,0.1,0.1,0.067,0.467,0.375,0.563,0.333,0.0,0.25,0.214,0.583,1.0,0.017,0.0,0.321,0.222,0.0,0.0,
452.0,Jared Rhoden,SG,25.0,14.0,2.0,227.0,0.483,12.2,0.552,0.425,0.08,0.023,0.023,0.448,0.625,0.73,0.429,0.0,0.0,0.308,0.7,0.75,0.103,9.0,0.462,0.444,0.0,0.0,
453.0,Luka Garza,C,26.0,39.0,0.0,219.0,0.495,11.8,0.657,0.286,0.267,0.105,0.0,0.343,0.609,0.7,0.607,0.364,,0.278,0.714,1.0,0.048,5.0,0.083,0.0,0.0,0.0,
454.0,Ariel Hukporti,C,22.0,25.0,1.0,217.0,0.677,3.4,1.0,0.645,0.258,0.097,0.0,0.0,0.677,0.75,0.5,0.667,,,0.952,,0.323,10.0,,,0.0,0.0,
455.0,Alex Reese,PF,25.0,15.0,0.0,216.0,0.481,10.3,0.241,0.13,0.093,0.0,0.019,0.759,0.846,1.0,0.6,,1.0,0.366,0.636,1.0,0.037,2.0,0.366,0.2,1.0,0.0,
456.0,Dario Šarić,C,30.0,16.0,4.0,210.0,0.362,14.1,0.552,0.224,0.276,0.017,0.034,0.448,0.438,0.615,0.313,0.0,0.5,0.269,0.714,1.0,0.0,0.0,0.154,0.5,0.0,0.0,
457.0,Adam Flagler,SG,25.0,37.0,0.0,203.0,0.26,21.7,0.25,0.063,0.063,0.063,0.063,0.75,0.458,0.667,0.167,0.833,0.167,0.194,0.545,0.857,0.0,0.0,0.125,0.0,0.0,0.0,
458.0,Chuma Okeke,PF,26.0,9.0,3.0,196.0,0.5,19.2,0.3,0.3,0.0,0.0,0.0,0.7,0.75,0.75,,,,0.393,0.444,1.0,0.125,3.0,0.429,0.5,0.0,0.0,
459.0,Drew Peterson,PF,25.0,25.0,1.0,186.0,0.415,21.4,0.195,0.098,0.073,0.0,0.024,0.805,0.5,0.25,0.667,,1.0,0.394,0.25,0.923,0.0,0.0,0.273,0.333,0.0,0.0,
460.0,Markelle Fultz,PG,26.0,21.0,0.0,184.0,0.418,12.4,0.881,0.075,0.299,0.358,0.149,0.119,0.407,0.8,0.25,0.583,0.1,0.5,0.5,1.0,0.045,2.0,0.625,0.4,0.0,0.0,
461.0,Lester Quiñones,SG,24.0,13.0,0.0,183.0,0.397,15.0,0.436,0.218,0.154,0.038,0.026,0.564,0.529,0.765,0.417,0.0,0.0,0.295,0.444,0.923,0.0,0.0,0.159,0.286,0.0,0.0,
462.0,Bronny James,SG,20.0,27.0,1.0,181.0,0.313,16.6,0.522,0.09,0.239,0.149,0.045,0.478,0.343,0.667,0.313,0.2,0.333,0.281,0.5,0.778,0.015,1.0,0.25,0.25,0.0,0.0,
463.0,Enrique Freeman,PF,24.0,22.0,1.0,181.0,0.432,8.4,0.73,0.514,0.216,0.0,0.0,0.27,0.556,0.632,0.375,,,0.1,0.8,1.0,0.108,3.0,0.8,0.125,0.0,0.0,
464.0,Cole Swider,SF,25.0,10.0,0.0,169.0,0.349,23.2,0.254,0.063,0.048,0.048,0.095,0.746,0.438,0.25,0.333,0.667,0.5,0.319,0.714,1.0,0.0,0.0,0.404,0.316,0.0,0.0,
465.0,Jaylen Nowell,SG,25.0,8.0,0.0,168.0,0.356,14.5,0.63,0.11,0.315,0.164,0.041,0.37,0.391,0.5,0.348,0.5,0.0,0.296,0.278,1.0,0.0,0.0,0.222,0.5,0.0,0.0,
466.0,Markieff Morris,PF,35.0,15.0,2.0,165.0,0.3,19.9,0.486,0.071,0.071,0.243,0.1,0.514,0.353,0.2,0.4,0.353,0.429,0.25,0.667,1.0,0.0,0.0,0.306,0.091,1.0,0.0,
467.0,Killian Hayes,PG,23.0,6.0,5.0,162.0,0.419,16.2,0.512,0.14,0.186,0.163,0.023,0.488,0.455,0.667,0.375,0.429,0.0,0.381,0.4,1.0,0.0,0.0,0.143,0.333,0.0,0.0,
468.0,MarJon Beauchamp,SF,24.0,35.0,0.0,156.0,0.415,16.0,0.554,0.215,0.138,0.031,0.169,0.446,0.472,0.786,0.222,0.5,0.273,0.345,0.294,0.7,0.046,2.0,0.345,0.3,0.0,0.0,
469.0,Lamar Stevens,PF,27.0,17.0,1.0,155.0,0.46,14.4,0.571,0.27,0.222,0.079,0.0,0.429,0.583,0.588,0.5,0.8,,0.296,0.524,0.875,0.063,3.0,0.37,0.2,1.0,0.0,
470.0,Tyson Etienne,PG,25.0,7.0,0.0,151.0,0.327,21.9,0.154,0.096,0.058,0.0,0.0,0.846,0.5,0.4,0.667,,,0.295,1.0,1.0,0.0,0.0,0.318,0.429,0.0,0.0,
471.0,Josh Richardson,SG,31.0,8.0,0.0,150.0,0.289,18.5,0.421,0.105,0.184,0.026,0.105,0.579,0.313,0.5,0.286,0.0,0.25,0.273,1.0,1.0,0.0,0.0,0.227,0.2,0.0,0.0,
472.0,Jeenathan Williams,SG,25.0,20.0,0.0,147.0,0.435,13.5,0.581,0.113,0.435,0.032,0.0,0.419,0.583,0.714,0.556,0.5,,0.231,0.619,1.0,0.016,1.0,0.5,0.231,0.0,0.0,
473.0,Bruno Fernando,C,26.0,17.0,2.0,147.0,0.531,4.1,1.0,0.592,0.327,0.041,0.041,0.0,0.531,0.655,0.438,0.0,0.0,,0.654,,0.143,7.0,,,0.0,0.0,
474.0,Damion Lee,SG,32.0,25.0,0.0,144.0,0.365,17.0,0.5,0.081,0.23,0.149,0.041,0.5,0.486,0.833,0.353,0.636,0.0,0.243,0.667,0.889,0.0,0.0,0.351,0.308,0.0,0.0,
475.0,Oshae Brissett,SF,26.0,6.0,2.0,142.0,0.487,13.2,0.538,0.333,0.205,0.0,0.0,0.462,0.619,0.692,0.5,,,0.333,0.615,0.667,0.026,1.0,0.333,0.333,0.0,0.0,
476.0,Elijah Harkless,SG,24.0,10.0,0.0,138.0,0.314,19.6,0.286,0.114,0.114,0.057,0.0,0.714,0.4,0.75,0.25,0.0,,0.28,0.75,0.857,0.0,0.0,0.32,0.375,0.0,0.0,
477.0,Pete Nance,PF,24.0,13.0,1.0,138.0,0.438,23.2,0.25,0.125,0.063,0.0,0.063,0.75,0.625,1.0,0.0,,0.5,0.375,0.8,1.0,0.063,2.0,0.083,0.5,1.0,0.0,
478.0,Vlatko Čančar,PF,27.0,13.0,0.0,136.0,0.385,16.4,0.423,0.231,0.192,0.0,0.0,0.577,0.545,0.333,0.8,,,0.267,0.667,1.0,0.077,2.0,0.267,0.5,0.0,0.0,
479.0,Kylor Kelley,C,27.0,11.0,2.0,126.0,0.636,3.8,1.0,0.5,0.364,0.136,0.0,0.0,0.636,0.818,0.375,0.667,,,0.857,,0.227,5.0,,,0.0,0.0,
480.0,Alex Ducas,SG,24.0,21.0,0.0,125.0,0.4,19.7,0.3,0.133,0.067,0.033,0.067,0.7,0.222,0.25,0.0,0.0,0.5,0.476,1.0,1.0,0.0,0.0,0.429,0.556,0.0,0.0,
481.0,Spencer Jones,SF,23.0,20.0,0.0,125.0,0.324,15.3,0.5,0.176,0.176,0.118,0.029,0.5,0.588,0.5,0.833,0.25,1.0,0.059,0.9,1.0,0.029,1.0,0.588,0.0,0.0,0.0,
482.0,Kobe Bufkin,SG,21.0,10.0,0.0,124.0,0.383,14.2,0.596,0.255,0.191,0.106,0.043,0.404,0.5,0.417,0.778,0.2,0.5,0.211,0.429,1.0,0.0,0.0,0.316,0.167,1.0,0.0,
483.0,Tyler Smith,PF,20.0,23.0,0.0,122.0,0.48,17.2,0.4,0.22,0.1,0.04,0.04,0.6,0.55,0.636,0.6,0.0,0.5,0.433,0.818,0.923,0.08,4.0,0.3,0.333,0.0,0.0,
484.0,De'Anthony Melton,SG,26.0,6.0,2.0,121.0,0.407,18.2,0.352,0.13,0.185,0.037,0.0,0.648,0.474,0.286,0.7,0.0,,0.371,0.444,0.923,0.037,2.0,0.114,0.75,0.0,0.0,
485.0,Moses Brown,C,25.0,13.0,2.0,119.0,0.694,3.2,1.0,0.612,0.347,0.041,0.0,0.0,0.694,0.933,0.353,0.0,,,0.647,,0.286,14.0,,,0.0,0.0,
486.0,TyTy Washington Jr.,PG,23.0,16.0,0.0,118.0,0.311,17.4,0.533,0.022,0.2,0.289,0.022,0.467,0.417,1.0,0.444,0.385,0.0,0.19,0.7,0.75,0.0,0.0,0.333,0.143,0.0,0.0,
487.0,Trey Alexander,SG,21.0,24.0,0.0,117.0,0.317,16.8,0.585,0.073,0.195,0.171,0.146,0.415,0.417,0.333,0.375,0.571,0.333,0.176,0.6,1.0,0.0,0.0,0.235,0.5,0.0,0.0,
488.0,Joe Ingles,SF,37.0,19.0,1.0,114.0,0.261,19.4,0.348,0.043,0.217,0.043,0.043,0.652,0.375,0.0,0.4,1.0,0.0,0.2,1.0,1.0,0.0,0.0,0.133,0.0,0.0,0.0,
489.0,Sidy Cissoko,SF,20.0,22.0,0.0,114.0,0.433,13.7,0.567,0.267,0.267,0.0,0.033,0.433,0.588,0.75,0.5,,0.0,0.231,0.7,1.0,0.167,4.0,0.385,0.4,0.0,0.0,
490.0,Tony Bradley,C,27.0,14.0,0.0,113.0,0.644,4.3,0.933,0.556,0.356,0.0,0.022,0.067,0.667,0.68,0.625,,1.0,0.333,0.75,1.0,0.089,4.0,0.667,0.0,0.0,0.0,
491.0,Jaylen Sims,SG,26.0,6.0,0.0,112.0,0.429,16.4,0.464,0.143,0.286,0.036,0.0,0.536,0.462,1.0,0.25,0.0,,0.4,0.667,0.833,0.036,1.0,0.2,0.333,0.0,0.0,
492.0,Pacome Dadiet,SG,19.0,18.0,0.0,111.0,0.323,18.4,0.387,0.129,0.097,0.032,0.129,0.613,0.333,0.5,0.0,0.0,0.5,0.316,1.0,1.0,0.0,0.0,0.421,0.125,0.0,0.0,
493.0,Patrick Baldwin Jr.,SF,22.0,24.0,0.0,107.0,0.543,21.2,0.343,0.229,0.114,0.0,0.0,0.657,0.5,0.625,0.25,,,0.565,0.833,1.0,0.114,4.0,0.174,0.75,0.0,0.0,
494.0,Chris Livingston,SF,21.0,21.0,1.0,106.0,0.333,9.2,0.704,0.519,0.185,0.0,0.0,0.296,0.474,0.571,0.2,,,0.0,0.556,,0.111,3.0,0.375,0.0,0.0,0.0,
495.0,Jae Crowder,PF,34.0,9.0,2.0,103.0,0.318,20.6,0.318,0.0,0.136,0.091,0.091,0.682,0.429,,0.333,0.5,0.5,0.267,0.667,1.0,0.0,0.0,0.533,0.25,0.0,0.0,
496.0,Justin Minaya,SF,25.0,19.0,0.0,101.0,0.381,14.0,0.524,0.19,0.333,0.0,0.0,0.476,0.545,0.5,0.571,,,0.2,0.5,1.0,0.0,0.0,0.3,0.333,0.0,0.0,
497.0,Keshad Johnson,SF,23.0,16.0,0.0,98.0,0.692,8.3,0.731,0.577,0.154,0.0,0.0,0.269,0.789,0.933,0.25,,,0.429,0.6,1.0,0.231,6.0,0.143,0.0,0.0,0.0,
498.0,Yuki Kawamura,PG,23.0,22.0,0.0,93.0,0.367,22.4,0.233,0.067,0.0,0.133,0.033,0.767,0.571,0.5,,0.5,1.0,0.304,0.5,0.429,0.0,0.0,0.13,0.333,0.0,0.0,
499.0,JD Davison,PG,22.0,16.0,0.0,93.0,0.353,17.8,0.471,0.176,0.088,0.176,0.029,0.529,0.5,0.667,0.667,0.333,0.0,0.222,0.25,0.75,0.059,2.0,0.167,0.333,0.0,0.0,
500.0,Luke Travers,SG,23.0,12.0,0.0,88.0,0.25,11.7,0.55,0.55,0.0,0.0,0.0,0.45,0.455,0.455,,,,0.0,0.8,,0.2,3.0,0.444,0.0,0.0,0.0,
501.0,Stanley Umude,SG,25.0,22.0,0.0,86.0,0.192,17.7,0.423,0.115,0.154,0.154,0.0,0.577,0.182,0.667,0.0,0.0,,0.2,0.5,1.0,0.038,1.0,0.6,0.222,0.0,0.0,
502.0,Kevin Knox,SF,25.0,14.0,0.0,84.0,0.5,13.4,0.583,0.194,0.306,0.056,0.028,0.417,0.667,0.714,0.727,0.0,1.0,0.267,0.643,1.0,0.111,4.0,0.4,0.167,0.0,0.0,
503.0,Isaiah Jackson,C,23.0,5.0,1.0,84.0,0.609,1.9,1.0,0.783,0.217,0.0,0.0,0.0,0.609,0.611,0.6,,,,0.857,,0.304,6.0,,,0.0,0.0,
504.0,Marcus Garrett,SG,26.0,4.0,0.0,79.0,0.407,12.4,0.704,0.111,0.407,0.185,0.0,0.296,0.421,0.667,0.455,0.2,,0.375,0.25,1.0,0.0,0.0,0.375,0.333,0.0,0.0,
505.0,Jacob Toppin,SF,24.0,17.0,0.0,76.0,0.409,12.7,0.545,0.318,0.136,0.091,0.0,0.455,0.333,0.286,0.333,0.5,,0.5,0.5,1.0,0.045,1.0,0.6,0.667,0.0,0.0,
506.0,Emoni Bates,SF,21.0,10.0,0.0,75.0,0.342,23.4,0.211,0.105,0.0,0.053,0.053,0.789,0.25,0.5,,0.0,0.0,0.367,0.0,0.909,0.0,0.0,0.1,0.667,0.0,0.0,
507.0,Taylor Hendricks,PF,21.0,3.0,3.0,75.0,0.222,18.8,0.333,0.056,0.167,0.111,0.0,0.667,0.167,0.0,0.333,0.0,,0.25,1.0,1.0,0.056,1.0,0.583,0.429,0.0,0.0,
508.0,Chris Duarte,SG,27.0,17.0,0.0,74.0,0.462,16.1,0.423,0.269,0.154,0.0,0.0,0.577,0.545,0.571,0.5,,,0.4,0.667,0.667,0.0,0.0,0.067,1.0,0.0,0.0,
509.0,Daeqwon Plowden,SG,26.0,6.0,0.0,72.0,0.64,17.0,0.32,0.28,0.04,0.0,0.0,0.68,0.875,0.857,1.0,,,0.529,0.857,1.0,0.12,3.0,0.353,0.333,0.0,0.0,
510.0,RayJ Dennis,PG,23.0,11.0,0.0,70.0,0.333,20.9,0.364,0.061,0.152,0.091,0.061,0.636,0.417,1.0,0.2,0.0,1.0,0.286,0.2,0.667,0.0,0.0,0.143,0.0,1.0,0.0,
511.0,Josh Christopher,SG,23.0,14.0,0.0,69.0,0.355,11.5,0.645,0.419,0.161,0.065,0.0,0.355,0.45,0.538,0.2,0.5,,0.182,0.556,1.0,0.097,2.0,0.182,0.0,0.0,0.0,
512.0,Matt Ryan,SF,27.0,19.0,0.0,68.0,0.323,18.6,0.387,0.097,0.129,0.097,0.065,0.613,0.333,1.0,0.25,0.0,0.0,0.316,1.0,1.0,0.0,0.0,0.421,0.25,0.0,0.0,
513.0,Armel Traoré,SF,22.0,9.0,0.0,67.0,0.316,10.3,0.632,0.474,0.158,0.0,0.0,0.368,0.5,0.556,0.333,,,0.0,0.833,,0.105,2.0,0.714,0.0,0.0,0.0,
514.0,PJ Hall,C,22.0,19.0,0.0,66.0,0.583,11.3,0.667,0.375,0.208,0.083,0.0,0.333,0.75,0.778,0.6,1.0,,0.25,0.833,1.0,0.208,5.0,0.0,,0.0,0.0,
515.0,Nae'Qwan Tomlin,PF,24.0,5.0,1.0,63.0,0.406,10.2,0.688,0.469,0.125,0.094,0.0,0.313,0.5,0.6,0.25,0.333,,0.2,0.455,1.0,0.094,2.0,0.0,,0.0,0.0,
516.0,Jamaree Bouyea,PG,25.0,5.0,1.0,62.0,0.5,14.2,0.583,0.333,0.167,0.083,0.0,0.417,0.714,0.75,0.5,1.0,,0.2,0.4,0.0,0.0,0.0,0.0,,0.0,0.0,
517.0,Cam Christie,SG,19.0,13.0,0.0,59.0,0.292,15.9,0.458,0.292,0.125,0.0,0.042,0.542,0.455,0.429,0.667,,0.0,0.154,0.6,1.0,0.083,1.0,0.154,0.0,0.0,0.0,
518.0,P.J. Tucker,SF,39.0,3.0,1.0,58.0,0.429,23.9,0.143,0.0,0.0,0.143,0.0,0.857,0.0,,,0.0,,0.5,,1.0,0.0,0.0,0.833,0.6,0.0,0.0,
519.0,Jazian Gortman,PG,21.0,16.0,0.0,57.0,0.391,16.4,0.522,0.087,0.217,0.174,0.043,0.478,0.417,1.0,0.2,0.25,1.0,0.364,0.2,0.75,0.0,0.0,0.455,0.4,0.0,0.0,
520.0,Liam Robbins,C,25.0,13.0,0.0,57.0,0.25,9.0,0.75,0.5,0.125,0.125,0.0,0.25,0.333,0.25,1.0,0.0,,0.0,1.0,,0.25,1.0,0.0,,0.0,0.0,
521.0,E.J. Liddell,PF,24.0,12.0,0.0,53.0,0.533,20.3,0.333,0.133,0.133,0.067,0.0,0.667,1.0,1.0,1.0,1.0,,0.3,0.6,1.0,0.0,0.0,0.0,,0.0,0.0,
522.0,Jackson Rowe,PF,28.0,6.0,0.0,52.0,0.471,16.5,0.412,0.176,0.235,0.0,0.0,0.588,0.714,1.0,0.5,,,0.3,1.0,1.0,0.0,0.0,0.3,0.333,0.0,0.0,
523.0,N'Faly Dante,C,23.0,4.0,0.0,51.0,0.769,3.7,1.0,0.538,0.385,0.0,0.077,0.0,0.769,0.857,0.8,,0.0,,0.6,,0.462,6.0,,,0.0,0.0,
524.0,Isaiah Crawford,SF,23.0,15.0,0.0,46.0,0.455,15.1,0.545,0.182,0.182,0.182,0.0,0.455,0.667,0.5,1.0,0.5,,0.2,0.75,1.0,0.0,0.0,0.2,1.0,0.0,0.0,
525.0,Mason Jones,SG,26.0,10.0,0.0,45.0,0.5,15.1,0.556,0.167,0.278,0.111,0.0,0.444,0.8,1.0,0.6,1.0,,0.125,0.5,1.0,0.0,0.0,0.125,0.0,0.0,0.0,
526.0,Phillip Wheeler,PF,22.0,5.0,0.0,44.0,0.143,12.9,0.524,0.381,0.143,0.0,0.0,0.476,0.273,0.25,0.333,,,0.0,0.333,,0.095,0.0,0.3,0.0,0.0,0.0,
527.0,Malachi Flynn,PG,26.0,4.0,0.0,44.0,0.385,12.6,0.692,0.154,0.462,0.077,0.0,0.308,0.444,1.0,0.333,0.0,,0.25,0.5,1.0,0.0,0.0,0.0,,0.0,0.0,
528.0,Jack McVeigh,PF,28.0,9.0,0.0,43.0,0.294,21.5,0.235,0.059,0.059,0.059,0.059,0.765,0.25,0.0,0.0,1.0,0.0,0.308,0.0,1.0,0.0,0.0,0.462,0.5,0.0,0.0,
529.0,Bobi Klintman,SF,21.0,8.0,0.0,42.0,0.6,17.4,0.5,0.2,0.1,0.1,0.1,0.5,0.8,1.0,1.0,0.0,1.0,0.4,0.75,1.0,0.1,1.0,0.4,0.5,0.0,0.0,
530.0,James Johnson,PF,37.0,12.0,0.0,37.0,0.364,14.5,0.727,0.364,0.0,0.091,0.273,0.273,0.5,0.75,,1.0,0.0,0.0,0.75,,0.0,0.0,0.0,,0.0,0.0,
531.0,PJ Dozier,SG,28.0,9.0,0.0,35.0,0.667,24.7,0.0,0.0,0.0,0.0,0.0,1.0,,,,,,0.667,,1.0,0.0,0.0,0.333,1.0,0.0,0.0,
532.0,Harrison Ingram,SF,22.0,5.0,0.0,35.0,0.5,13.1,0.75,0.25,0.25,0.0,0.25,0.25,0.667,1.0,1.0,,0.0,0.0,0.5,,0.0,0.0,0.0,,0.0,0.0,
533.0,Miles Norris,PF,24.0,3.0,0.0,35.0,0.222,21.6,0.222,0.111,0.111,0.0,0.0,0.778,0.0,0.0,0.0,,,0.286,,1.0,0.0,0.0,0.0,,0.0,0.0,
534.0,David Duke Jr.,SG,25.0,6.0,0.0,34.0,0.429,12.8,0.571,0.286,0.286,0.0,0.0,0.429,0.375,0.75,0.0,,,0.5,0.333,1.0,0.0,0.0,0.833,0.6,0.0,0.0,
535.0,D.J. Carton,SG,24.0,4.0,0.0,33.0,0.143,13.6,0.571,0.143,0.429,0.0,0.0,0.429,0.25,1.0,0.0,,,0.0,1.0,,0.0,0.0,0.333,0.0,0.0,0.0,
536.0,Bryce McGowens,SG,22.0,13.0,0.0,32.0,0.286,11.3,0.714,0.143,0.429,0.143,0.0,0.286,0.4,1.0,0.167,0.5,,0.0,0.75,,0.143,2.0,0.25,0.0,0.0,0.0,
537.0,Leonard Miller,SF,21.0,13.0,0.0,32.0,0.4,10.9,0.667,0.4,0.2,0.067,0.0,0.333,0.6,0.667,0.667,0.0,,0.0,0.667,,0.067,1.0,0.0,,0.0,0.0,
538.0,Ulrich Chomche,PF,19.0,7.0,0.0,32.0,0.4,6.9,1.0,0.4,0.2,0.4,0.0,0.0,0.4,0.5,0.0,0.5,,,1.0,,0.2,1.0,,,0.0,0.0,
539.0,Jalen Bridges,SF,23.0,8.0,0.0,30.0,0.286,25.3,0.0,0.0,0.0,0.0,0.0,1.0,,,,,,0.286,,1.0,0.0,0.0,0.429,0.667,0.0,0.0,
540.0,Jahmir Young,PG,24.0,6.0,0.0,30.0,0.8,11.9,0.6,0.6,0.0,0.0,0.0,0.4,1.0,1.0,,,,0.5,0.0,0.0,0.0,0.0,0.0,,0.0,0.0,
541.0,Kevin McCullar Jr.,SF,23.0,4.0,0.0,29.0,0.286,9.4,0.857,0.143,0.429,0.286,0.0,0.143,0.333,1.0,0.333,0.0,,0.0,0.5,,0.0,0.0,0.0,,0.0,0.0,
542.0,Trentyn Flowers,SF,19.0,6.0,0.0,27.0,0.364,10.3,0.818,0.182,0.364,0.182,0.091,0.182,0.444,0.5,0.5,0.5,0.0,0.0,0.5,,0.091,1.0,0.5,0.0,0.0,0.0,
543.0,Emanuel Miller,PF,24.0,6.0,0.0,25.0,0.5,4.7,0.875,0.75,0.125,0.0,0.0,0.125,0.571,0.5,1.0,,,0.0,0.75,,0.125,1.0,0.0,,0.0,0.0,
544.0,Daniss Jenkins,PG,23.0,7.0,0.0,23.0,0.3,18.5,0.3,0.3,0.0,0.0,0.0,0.7,0.667,0.667,,,,0.143,0.0,0.0,0.0,0.0,0.143,0.0,0.0,0.0,
545.0,Anton Watson,SF,24.0,9.0,0.0,22.0,0.444,6.4,0.889,0.444,0.444,0.0,0.0,0.111,0.5,0.75,0.25,,,0.0,0.75,,0.111,1.0,0.0,,0.0,0.0,
546.0,Tolu Smith,PF,24.0,1.0,0.0,22.0,0.667,1.6,1.0,0.889,0.111,0.0,0.0,0.0,0.667,0.75,0.0,,,,0.667,,0.0,0.0,,,0.0,0.0,
547.0,Malevy Leons,SF,25.0,6.0,0.0,21.0,0.0,15.3,0.5,0.0,0.5,0.0,0.0,0.5,0.0,,0.0,,,0.0,,,0.0,0.0,1.0,0.0,0.0,0.0,
548.0,Adama Sanogo,C,22.0,4.0,0.0,21.0,0.571,2.1,1.0,0.714,0.286,0.0,0.0,0.0,0.571,0.6,0.5,,,,0.5,,0.143,0.0,,,0.0,0.0,
549.0,Taze Moore,SG,26.0,2.0,0.0,20.0,0.2,19.1,0.6,0.2,0.3,0.1,0.0,0.4,0.167,0.5,0.0,0.0,,0.25,0.0,1.0,0.1,1.0,0.0,,1.0,0.0,
550.0,Ron Harper Jr.,SF,24.0,1.0,0.0,17.0,0.125,20.4,0.25,0.125,0.125,0.0,0.0,0.75,0.5,0.0,1.0,,,0.0,1.0,,0.0,0.0,0.5,0.0,0.0,0.0,
551.0,Isaiah Mobley,PF,25.0,1.0,0.0,17.0,0.286,14.6,0.571,0.143,0.286,0.143,0.0,0.429,0.25,1.0,0.0,0.0,,0.333,0.0,1.0,0.0,0.0,0.333,0.0,0.0,0.0,
552.0,Yuri Collins,PG,23.0,2.0,0.0,16.0,0.333,14.1,1.0,0.0,0.0,0.667,0.333,0.0,0.333,,,0.0,1.0,,0.0,,0.0,0.0,,,0.0,0.0,
553.0,Tristen Newton,SG,23.0,8.0,0.0,16.0,0.125,13.8,0.625,0.125,0.25,0.25,0.0,0.375,0.2,1.0,0.0,0.0,,0.0,0.0,,0.0,0.0,0.0,,0.0,0.0,
554.0,Daishen Nix,PG,22.0,3.0,0.0,13.0,0.0,24.8,0.0,0.0,0.0,0.0,0.0,1.0,,,,,,0.0,,,0.0,0.0,0.0,,0.0,0.0,
555.0,Skal Labissière,PF,28.0,4.0,0.0,12.0,0.5,15.2,0.75,0.0,0.25,0.5,0.0,0.25,0.333,,0.0,0.5,,1.0,1.0,1.0,0.0,0.0,0.0,,0.0,0.0,
556.0,Braxton Key,SF,27.0,3.0,0.0,11.0,0.0,11.5,0.75,0.0,0.5,0.25,0.0,0.25,0.0,,0.0,0.0,,0.0,,,0.25,0.0,0.0,,0.0,0.0,
557.0,Cui Yongxi,SG,21.0,5.0,0.0,10.0,0.143,12.2,0.571,0.429,0.143,0.0,0.0,0.429,0.25,0.333,0.0,,,0.0,1.0,,0.0,0.0,0.667,0.0,0.0,0.0,
558.0,Mac McClung,SG,26.0,2.0,0.0,10.0,0.0,17.6,0.5,0.0,0.5,0.0,0.0,0.5,0.0,,0.0,,,0.0,,,0.0,0.0,0.0,,0.0,0.0,
559.0,Quincy Olivari,PG,23.0,2.0,0.0,10.0,0.2,25.8,0.0,0.0,0.0,0.0,0.0,1.0,,,,,,0.2,,1.0,0.0,0.0,0.2,0.0,0.0,0.0,
560.0,Terence Davis,SG,27.0,1.0,0.0,8.0,0.0,21.1,0.5,0.0,0.0,0.5,0.0,0.5,0.0,,,0.0,,0.0,,,0.0,0.0,0.0,,0.0,0.0,
561.0,Jalen McDaniels,SF,27.0,4.0,0.0,7.0,,,,,,,,,,,,,,,,,,0.0,,,0.0,0.0,
562.0,Riley Minix,SF,24.0,1.0,0.0,7.0,0.0,30.4,0.0,0.0,0.0,0.0,0.0,1.0,,,,,,0.0,,,0.0,0.0,0.0,,0.0,0.0,
563.0,Isaiah Stevens,PG,24.0,3.0,0.0,6.0,0.0,17.1,0.5,0.0,0.5,0.0,0.0,0.5,0.0,,0.0,,,0.0,,,0.0,0.0,0.0,,0.0,0.0,
564.0,Terry Taylor,PF,25.0,3.0,0.0,6.0,0.0,5.9,1.0,0.0,1.0,0.0,0.0,0.0,0.0,,0.0,,,,,,0.0,0.0,,,0.0,0.0,
565.0,Jesse Edwards,C,24.0,2.0,0.0,5.0,,,,,,,,,,,,,,,,,,0.0,,,0.0,0.0,
566.0,James Wiseman,C,23.0,1.0,0.0,5.0,0.5,14.1,0.75,0.0,0.5,0.0,0.25,0.25,0.667,,1.0,,0.0,0.0,1.0,,0.0,0.0,0.0,,0.0,0.0,
567.0,Alondes Williams,SG,25.0,1.0,0.0,4.0,1.0,13.5,0.5,0.5,0.0,0.0,0.0,0.5,1.0,1.0,,,,1.0,0.0,1.0,0.0,0.0,0.0,,0.0,0.0,
568.0,Zyon Pullin,SG,23.0,3.0,0.0,3.0,0.0,8.8,1.0,0.0,1.0,0.0,0.0,0.0,0.0,,0.0,,,,,,0.0,0.0,,,0.0,0.0,
569.0,Jahlil Okafor,C,29.0,1.0,0.0,3.0,,,,,,,,,,,,,,,,,,0.0,,,0.0,0.0,
,League Average,,,,,,0.467,14.1,0.579,0.226,0.214,0.091,0.048,0.421,0.545,0.696,0.461,0.443,0.4,0.36,0.542,0.834,0.061,,0.243,0.388,,,
